"hamtad_utc","liga","avspark_utc","hemmalag","bortalag","bookmaker","uppdaterad","marknad","utfall","odds"
"2026-10-10T12:02:03Z","soccer_epl","2026-10-10T14:00:00Z","Aston Villa","Brentford","codere_it","2026-10-10T12:01:23Z","h2h","Aston Villa","2.65"
"2026-10-10T12:02:03Z","soccer_epl","2026-10-10T14:00:00Z","Aston Villa","Brentford","codere_it","2026-10-10T12:01:23Z","h2h","Brentford","2.55"
"2026-10-10T12:02:03Z","soccer_epl","2026-10-10T14:00:00Z","Aston Villa","Brentford","codere_it","2026-10-10T12:01:23Z","h2h","Draw","3.55"
"2026-10-10T12:02:03Z","soccer_epl","2026-10-10T14:00:00Z","Aston Villa","Brentford","unibet_fr","2026-10-10T12:01:23Z","h2h","Aston Villa","2.5"
"2026-10-10T12:02:03Z","soccer_epl","2026-10-10T14:00:00Z","Aston Villa","Brentford","unibet_fr","2026-10-10T12:01:23Z","h2h","Brentford","2.5"
"2026-10-10T12:02:03Z","soccer_epl","2026-10-10T14:00:00Z","Aston Villa","Brentford","unibet_fr","2026-10-10T12:01:23Z","h2h","Draw","3.5"
"2026-10-10T12:02:03Z","soccer_epl","2026-10-10T14:00:00Z","Aston Villa","Brentford","winamax_de","2026-10-10T12:01:59Z","h2h","Aston Villa","2.65"
"2026-10-10T12:02:03Z","soccer_epl","2026-10-10T14:00:00Z","Aston Villa","Brentford","winamax_de","2026-10-10T12:01:59Z","h2h","Brentford","2.4"
"2026-10-10T12:02:03Z","soccer_epl","2026-10-10T14:00:00Z","Aston Villa","Brentford","winamax_de","2026-10-10T12:01:59Z","h2h","Draw","3.6"
"2026-10-10T12:02:03Z","soccer_epl","2026-10-10T14:00:00Z","Aston Villa","Brentford","sport888","2026-10-10T12:01:55Z","h2h","Aston Villa","2.7"
"2026-10-10T12:02:03Z","soccer_epl","2026-10-10T14:00:00Z","Aston Villa","Brentford","sport888","2026-10-10T12:01:55Z","h2h","Brentford","2.45"
"2026-10-10T12:02:03Z","soccer_epl","2026-10-10T14:00:00Z","Aston Villa","Brentford","sport888","2026-10-10T12:01:55Z","h2h","Draw","3.4"
"2026-10-10T12:02:03Z","soccer_epl","2026-10-10T14:00:00Z","Aston Villa","Brentford","betclic_fr","2026-10-10T11:59:51Z","h2h","Aston Villa","2.65"
"2026-10-10T12:02:03Z","soccer_epl","2026-10-10T14:00:00Z","Aston Villa","Brentford","betclic_fr","2026-10-10T11:59:51Z","h2h","Brentford","2.45"
"2026-10-10T12:02:03Z","soccer_epl","2026-10-10T14:00:00Z","Aston Villa","Brentford","betclic_fr","2026-10-10T11:59:51Z","h2h","Draw","3.53"
"2026-10-10T12:02:03Z","soccer_epl","2026-10-10T14:00:00Z","Aston Villa","Brentford","onexbet","2026-10-10T11:59:07Z","h2h","Aston Villa","2.85"
"2026-10-10T12:02:03Z","soccer_epl","2026-10-10T14:00:00Z","Aston Villa","Brentford","onexbet","2026-10-10T11:59:07Z","h2h","Brentford","2.58"
"2026-10-10T12:02:03Z","soccer_epl","2026-10-10T14:00:00Z","Aston Villa","Brentford","onexbet","2026-10-10T11:59:07Z","h2h","Draw","3.62"
"2026-10-10T12:02:03Z","soccer_epl","2026-10-10T14:00:00Z","Aston Villa","Brentford","mybookieag","2026-10-10T12:01:23Z","h2h","Aston Villa","2.64"
"2026-10-10T12:02:03Z","soccer_epl","2026-10-10T14:00:00Z","Aston Villa","Brentford","mybookieag","2026-10-10T12:01:23Z","h2h","Brentford","2.52"
"2026-10-10T12:02:03Z","soccer_epl","2026-10-10T14:00:00Z","Aston Villa","Brentford","mybookieag","2026-10-10T12:01:23Z","h2h","Draw","3.5"
"2026-10-10T12:02:03Z","soccer_epl","2026-10-10T14:00:00Z","Aston Villa","Brentford","campobet_se","2026-10-10T12:01:23Z","h2h","Aston Villa","2.8"
"2026-10-10T12:02:03Z","soccer_epl","2026-10-10T14:00:00Z","Aston Villa","Brentford","campobet_se","2026-10-10T12:01:23Z","h2h","Brentford","2.45"
"2026-10-10T12:02:03Z","soccer_epl","2026-10-10T14:00:00Z","Aston Villa","Brentford","campobet_se","2026-10-10T12:01:23Z","h2h","Draw","3.5"
"2026-10-10T12:02:03Z","soccer_epl","2026-10-10T14:00:00Z","Aston Villa","Brentford","sport888_se","2026-10-10T12:01:39Z","h2h","Aston Villa","2.7"
"2026-10-10T12:02:03Z","soccer_epl","2026-10-10T14:00:00Z","Aston Villa","Brentford","sport888_se","2026-10-10T12:01:39Z","h2h","Brentford","2.45"
"2026-10-10T12:02:03Z","soccer_epl","2026-10-10T14:00:00Z","Aston Villa","Brentford","sport888_se","2026-10-10T12:01:39Z","h2h","Draw","3.4"
"2026-10-10T12:02:03Z","soccer_epl","2026-10-10T14:00:00Z","Aston Villa","Brentford","williamhill","2026-10-10T12:01:23Z","h2h","Aston Villa","2.7"
"2026-10-10T12:02:03Z","soccer_epl","2026-10-10T14:00:00Z","Aston Villa","Brentford","williamhill","2026-10-10T12:01:23Z","h2h","Brentford","2.45"
"2026-10-10T12:02:03Z","soccer_epl","2026-10-10T14:00:00Z","Aston Villa","Brentford","williamhill","2026-10-10T12:01:23Z","h2h","Draw","3.4"
"2026-10-10T12:02:03Z","soccer_epl","2026-10-10T14:00:00Z","Aston Villa","Brentford","mrgreen_se","2026-10-10T12:01:55Z","h2h","Aston Villa","2.7"
"2026-10-10T12:02:03Z","soccer_epl","2026-10-10T14:00:00Z","Aston Villa","Brentford","mrgreen_se","2026-10-10T12:01:55Z","h2h","Brentford","2.45"
"2026-10-10T12:02:03Z","soccer_epl","2026-10-10T14:00:00Z","Aston Villa","Brentford","mrgreen_se","2026-10-10T12:01:55Z","h2h","Draw","3.4"
"2026-10-10T12:02:03Z","soccer_epl","2026-10-10T14:00:00Z","Aston Villa","Brentford","betinia_se","2026-10-10T12:01:24Z","h2h","Aston Villa","2.8"
"2026-10-10T12:02:03Z","soccer_epl","2026-10-10T14:00:00Z","Aston Villa","Brentford","betinia_se","2026-10-10T12:01:24Z","h2h","Brentford","2.45"
"2026-10-10T12:02:03Z","soccer_epl","2026-10-10T14:00:00Z","Aston Villa","Brentford","betinia_se","2026-10-10T12:01:24Z","h2h","Draw","3.5"
"2026-10-10T12:02:03Z","soccer_epl","2026-10-10T14:00:00Z","Aston Villa","Brentford","winamax_fr","2026-10-10T12:01:24Z","h2h","Aston Villa","2.6"
"2026-10-10T12:02:03Z","soccer_epl","2026-10-10T14:00:00Z","Aston Villa","Brentford","winamax_fr","2026-10-10T12:01:24Z","h2h","Brentford","2.35"
"2026-10-10T12:02:03Z","soccer_epl","2026-10-10T14:00:00Z","Aston Villa","Brentford","winamax_fr","2026-10-10T12:01:24Z","h2h","Draw","3.5"
"2026-10-10T12:02:03Z","soccer_epl","2026-10-10T14:00:00Z","Aston Villa","Brentford","hajper_se","2026-10-10T12:01:55Z","h2h","Aston Villa","2.7"
"2026-10-10T12:02:03Z","soccer_epl","2026-10-10T14:00:00Z","Aston Villa","Brentford","hajper_se","2026-10-10T12:01:55Z","h2h","Brentford","2.6"
"2026-10-10T12:02:03Z","soccer_epl","2026-10-10T14:00:00Z","Aston Villa","Brentford","hajper_se","2026-10-10T12:01:55Z","h2h","Draw","3.65"
"2026-10-10T12:02:03Z","soccer_epl","2026-10-10T14:00:00Z","Aston Villa","Brentford","betfair_ex_eu","2026-10-10T12:01:57Z","h2h","Aston Villa","2.86"
"2026-10-10T12:02:03Z","soccer_epl","2026-10-10T14:00:00Z","Aston Villa","Brentford","betfair_ex_eu","2026-10-10T12:01:57Z","h2h","Brentford","2.6"
"2026-10-10T12:02:03Z","soccer_epl","2026-10-10T14:00:00Z","Aston Villa","Brentford","betfair_ex_eu","2026-10-10T12:01:57Z","h2h","Draw","3.7"
"2026-10-10T12:02:03Z","soccer_epl","2026-10-10T14:00:00Z","Aston Villa","Brentford","betfair_ex_eu","2026-10-10T12:01:57Z","h2h_lay","Aston Villa","2.88"
"2026-10-10T12:02:03Z","soccer_epl","2026-10-10T14:00:00Z","Aston Villa","Brentford","betfair_ex_eu","2026-10-10T12:01:57Z","h2h_lay","Brentford","2.62"
"2026-10-10T12:02:03Z","soccer_epl","2026-10-10T14:00:00Z","Aston Villa","Brentford","betfair_ex_eu","2026-10-10T12:01:57Z","h2h_lay","Draw","3.75"
"2026-10-10T12:02:03Z","soccer_epl","2026-10-10T14:00:00Z","Aston Villa","Brentford","tipico_de","2026-10-10T12:01:55Z","h2h","Aston Villa","2.55"
"2026-10-10T12:02:03Z","soccer_epl","2026-10-10T14:00:00Z","Aston Villa","Brentford","tipico_de","2026-10-10T12:01:55Z","h2h","Brentford","2.55"
"2026-10-10T12:02:03Z","soccer_epl","2026-10-10T14:00:00Z","Aston Villa","Brentford","tipico_de","2026-10-10T12:01:55Z","h2h","Draw","3.6"
"2026-10-10T12:02:03Z","soccer_epl","2026-10-10T14:00:00Z","Aston Villa","Brentford","pinnacle","2026-10-10T12:01:50Z","h2h","Aston Villa","2.76"
"2026-10-10T12:02:03Z","soccer_epl","2026-10-10T14:00:00Z","Aston Villa","Brentford","pinnacle","2026-10-10T12:01:50Z","h2h","Brentford","2.56"
"2026-10-10T12:02:03Z","soccer_epl","2026-10-10T14:00:00Z","Aston Villa","Brentford","pinnacle","2026-10-10T12:01:50Z","h2h","Draw","3.59"
"2026-10-10T12:02:03Z","soccer_epl","2026-10-10T14:00:00Z","Aston Villa","Brentford","betmgm_se","2026-10-10T12:01:24Z","h2h","Aston Villa","2.65"
"2026-10-10T12:02:03Z","soccer_epl","2026-10-10T14:00:00Z","Aston Villa","Brentford","betmgm_se","2026-10-10T12:01:24Z","h2h","Brentford","2.48"
"2026-10-10T12:02:03Z","soccer_epl","2026-10-10T14:00:00Z","Aston Villa","Brentford","betmgm_se","2026-10-10T12:01:24Z","h2h","Draw","3.65"
"2026-10-10T12:02:03Z","soccer_epl","2026-10-10T14:00:00Z","Aston Villa","Brentford","unibet_nl","2026-10-10T12:01:24Z","h2h","Aston Villa","2.75"
"2026-10-10T12:02:03Z","soccer_epl","2026-10-10T14:00:00Z","Aston Villa","Brentford","unibet_nl","2026-10-10T12:01:24Z","h2h","Brentford","2.55"
"2026-10-10T12:02:03Z","soccer_epl","2026-10-10T14:00:00Z","Aston Villa","Brentford","unibet_nl","2026-10-10T12:01:24Z","h2h","Draw","3.75"
"2026-10-10T12:02:03Z","soccer_epl","2026-10-10T14:00:00Z","Aston Villa","Brentford","atg_se","2026-10-10T12:01:23Z","h2h","Aston Villa","2.75"
"2026-10-10T12:02:03Z","soccer_epl","2026-10-10T14:00:00Z","Aston Villa","Brentford","atg_se","2026-10-10T12:01:23Z","h2h","Brentford","2.55"
"2026-10-10T12:02:03Z","soccer_epl","2026-10-10T14:00:00Z","Aston Villa","Brentford","atg_se","2026-10-10T12:01:23Z","h2h","Draw","3.75"
"2026-10-10T12:02:03Z","soccer_epl","2026-10-10T14:00:00Z","Aston Villa","Brentford","svenskaspel_se","2026-10-10T12:01:23Z","h2h","Aston Villa","2.75"
"2026-10-10T12:02:03Z","soccer_epl","2026-10-10T14:00:00Z","Aston Villa","Brentford","svenskaspel_se","2026-10-10T12:01:23Z","h2h","Brentford","2.55"
"2026-10-10T12:02:03Z","soccer_epl","2026-10-10T14:00:00Z","Aston Villa","Brentford","svenskaspel_se","2026-10-10T12:01:23Z","h2h","Draw","3.75"
"2026-10-10T12:02:03Z","soccer_epl","2026-10-10T14:00:00Z","Aston Villa","Brentford","unibet_se","2026-10-10T12:01:55Z","h2h","Aston Villa","2.75"
"2026-10-10T12:02:03Z","soccer_epl","2026-10-10T14:00:00Z","Aston Villa","Brentford","unibet_se","2026-10-10T12:01:55Z","h2h","Brentford","2.55"
"2026-10-10T12:02:03Z","soccer_epl","2026-10-10T14:00:00Z","Aston Villa","Brentford","unibet_se","2026-10-10T12:01:55Z","h2h","Draw","3.75"
"2026-10-10T12:02:03Z","soccer_epl","2026-10-10T14:00:00Z","Aston Villa","Brentford","expekt_se","2026-10-10T12:01:23Z","h2h","Aston Villa","2.75"
"2026-10-10T12:02:03Z","soccer_epl","2026-10-10T14:00:00Z","Aston Villa","Brentford","expekt_se","2026-10-10T12:01:23Z","h2h","Brentford","2.55"
"2026-10-10T12:02:03Z","soccer_epl","2026-10-10T14:00:00Z","Aston Villa","Brentford","expekt_se","2026-10-10T12:01:23Z","h2h","Draw","3.75"
"2026-10-10T12:02:03Z","soccer_epl","2026-10-10T14:00:00Z","Aston Villa","Brentford","leovegas_se","2026-10-10T12:01:27Z","h2h","Aston Villa","2.65"
"2026-10-10T12:02:03Z","soccer_epl","2026-10-10T14:00:00Z","Aston Villa","Brentford","leovegas_se","2026-10-10T12:01:27Z","h2h","Brentford","2.48"
"2026-10-10T12:02:03Z","soccer_epl","2026-10-10T14:00:00Z","Aston Villa","Brentford","leovegas_se","2026-10-10T12:01:27Z","h2h","Draw","3.65"
"2026-10-10T12:02:03Z","soccer_epl","2026-10-10T14:00:00Z","Aston Villa","Brentford","everygame","2026-10-10T12:00:33Z","h2h","Aston Villa","2.7"
"2026-10-10T12:02:03Z","soccer_epl","2026-10-10T14:00:00Z","Aston Villa","Brentford","everygame","2026-10-10T12:00:33Z","h2h","Brentford","2.55"
"2026-10-10T12:02:03Z","soccer_epl","2026-10-10T14:00:00Z","Aston Villa","Brentford","everygame","2026-10-10T12:00:33Z","h2h","Draw","3.5"
"2026-10-10T12:02:03Z","soccer_epl","2026-10-10T14:00:00Z","Aston Villa","Brentford","nordicbet","2026-10-10T12:01:55Z","h2h","Aston Villa","2.75"
"2026-10-10T12:02:03Z","soccer_epl","2026-10-10T14:00:00Z","Aston Villa","Brentford","nordicbet","2026-10-10T12:01:55Z","h2h","Brentford","2.52"
"2026-10-10T12:02:03Z","soccer_epl","2026-10-10T14:00:00Z","Aston Villa","Brentford","nordicbet","2026-10-10T12:01:55Z","h2h","Draw","3.4"
"2026-10-10T12:02:03Z","soccer_epl","2026-10-10T14:00:00Z","Aston Villa","Brentford","betsson","2026-10-10T12:01:24Z","h2h","Aston Villa","2.76"
"2026-10-10T12:02:03Z","soccer_epl","2026-10-10T14:00:00Z","Aston Villa","Brentford","betsson","2026-10-10T12:01:24Z","h2h","Brentford","2.51"
"2026-10-10T12:02:03Z","soccer_epl","2026-10-10T14:00:00Z","Aston Villa","Brentford","betsson","2026-10-10T12:01:24Z","h2h","Draw","3.43"
"2026-10-10T12:02:03Z","soccer_epl","2026-10-10T14:00:00Z","Aston Villa","Brentford","coolbet","2026-10-10T12:01:12Z","h2h","Aston Villa","2.84"
"2026-10-10T12:02:03Z","soccer_epl","2026-10-10T14:00:00Z","Aston Villa","Brentford","coolbet","2026-10-10T12:01:12Z","h2h","Brentford","2.55"
"2026-10-10T12:02:03Z","soccer_epl","2026-10-10T14:00:00Z","Aston Villa","Brentford","coolbet","2026-10-10T12:01:12Z","h2h","Draw","3.62"
"2026-10-10T12:02:03Z","soccer_epl","2026-10-10T14:00:00Z","Aston Villa","Brentford","betonlineag","2026-10-10T12:01:23Z","h2h","Aston Villa","2.78"
"2026-10-10T12:02:03Z","soccer_epl","2026-10-10T14:00:00Z","Aston Villa","Brentford","betonlineag","2026-10-10T12:01:23Z","h2h","Brentford","2.55"
"2026-10-10T12:02:03Z","soccer_epl","2026-10-10T14:00:00Z","Aston Villa","Brentford","betonlineag","2026-10-10T12:01:23Z","h2h","Draw","3.53"
"2026-10-10T12:02:03Z","soccer_epl","2026-10-10T14:00:00Z","Aston Villa","Brentford","matchbook","2026-10-10T12:01:55Z","h2h","Aston Villa","2.86"
"2026-10-10T12:02:03Z","soccer_epl","2026-10-10T14:00:00Z","Aston Villa","Brentford","matchbook","2026-10-10T12:01:55Z","h2h","Brentford","2.6"
"2026-10-10T12:02:03Z","soccer_epl","2026-10-10T14:00:00Z","Aston Villa","Brentford","matchbook","2026-10-10T12:01:55Z","h2h","Draw","3.7"
"2026-10-10T12:02:03Z","soccer_epl","2026-10-10T14:00:00Z","Aston Villa","Brentford","matchbook","2026-10-10T12:01:55Z","h2h_lay","Aston Villa","2.88"
"2026-10-10T12:02:03Z","soccer_epl","2026-10-10T14:00:00Z","Aston Villa","Brentford","matchbook","2026-10-10T12:01:55Z","h2h_lay","Brentford","2.62"
"2026-10-10T12:02:03Z","soccer_epl","2026-10-10T14:00:00Z","Aston Villa","Brentford","matchbook","2026-10-10T12:01:55Z","h2h_lay","Draw","3.75"
"2026-10-10T12:02:03Z","soccer_epl","2026-10-10T14:00:00Z","Aston Villa","Brentford","gtbets","2026-10-10T12:01:40Z","h2h","Aston Villa","2.79"
"2026-10-10T12:02:03Z","soccer_epl","2026-10-10T14:00:00Z","Aston Villa","Brentford","gtbets","2026-10-10T12:01:40Z","h2h","Brentford","2.56"
"2026-10-10T12:02:03Z","soccer_epl","2026-10-10T14:00:00Z","Aston Villa","Brentford","gtbets","2026-10-10T12:01:40Z","h2h","Draw","3.57"
"2026-10-10T12:02:03Z","soccer_epl","2026-10-10T14:00:00Z","Aston Villa","Brentford","betanysports","2026-10-10T12:01:44Z","h2h","Aston Villa","2.75"
"2026-10-10T12:02:03Z","soccer_epl","2026-10-10T14:00:00Z","Aston Villa","Brentford","betanysports","2026-10-10T12:01:44Z","h2h","Brentford","2.5"
"2026-10-10T12:02:03Z","soccer_epl","2026-10-10T14:00:00Z","Aston Villa","Brentford","betanysports","2026-10-10T12:01:44Z","h2h","Draw","3.5"
"2026-10-10T12:02:03Z","soccer_epl","2026-10-10T14:00:00Z","Chelsea","Bournemouth","betclic_fr","2026-10-10T11:59:51Z","h2h","Bournemouth","4.05"
"2026-10-10T12:02:03Z","soccer_epl","2026-10-10T14:00:00Z","Chelsea","Bournemouth","betclic_fr","2026-10-10T11:59:51Z","h2h","Chelsea","1.77"
"2026-10-10T12:02:03Z","soccer_epl","2026-10-10T14:00:00Z","Chelsea","Bournemouth","betclic_fr","2026-10-10T11:59:51Z","h2h","Draw","3.9"
"2026-10-10T12:02:03Z","soccer_epl","2026-10-10T14:00:00Z","Chelsea","Bournemouth","mybookieag","2026-10-10T12:01:23Z","h2h","Bournemouth","4.0"
"2026-10-10T12:02:03Z","soccer_epl","2026-10-10T14:00:00Z","Chelsea","Bournemouth","mybookieag","2026-10-10T12:01:23Z","h2h","Chelsea","1.8"
"2026-10-10T12:02:03Z","soccer_epl","2026-10-10T14:00:00Z","Chelsea","Bournemouth","mybookieag","2026-10-10T12:01:23Z","h2h","Draw","3.9"
"2026-10-10T12:02:03Z","soccer_epl","2026-10-10T14:00:00Z","Chelsea","Bournemouth","sport888","2026-10-10T12:01:55Z","h2h","Bournemouth","4.0"
"2026-10-10T12:02:03Z","soccer_epl","2026-10-10T14:00:00Z","Chelsea","Bournemouth","sport888","2026-10-10T12:01:55Z","h2h","Chelsea","1.8"
"2026-10-10T12:02:03Z","soccer_epl","2026-10-10T14:00:00Z","Chelsea","Bournemouth","sport888","2026-10-10T12:01:55Z","h2h","Draw","3.7"
"2026-10-10T12:02:03Z","soccer_epl","2026-10-10T14:00:00Z","Chelsea","Bournemouth","codere_it","2026-10-10T12:01:23Z","h2h","Bournemouth","4.1"
"2026-10-10T12:02:03Z","soccer_epl","2026-10-10T14:00:00Z","Chelsea","Bournemouth","codere_it","2026-10-10T12:01:23Z","h2h","Chelsea","1.81"
"2026-10-10T12:02:03Z","soccer_epl","2026-10-10T14:00:00Z","Chelsea","Bournemouth","codere_it","2026-10-10T12:01:23Z","h2h","Draw","3.95"
"2026-10-10T12:02:03Z","soccer_epl","2026-10-10T14:00:00Z","Chelsea","Bournemouth","winamax_de","2026-10-10T12:01:59Z","h2h","Bournemouth","4.1"
"2026-10-10T12:02:03Z","soccer_epl","2026-10-10T14:00:00Z","Chelsea","Bournemouth","winamax_de","2026-10-10T12:01:59Z","h2h","Chelsea","1.78"
"2026-10-10T12:02:03Z","soccer_epl","2026-10-10T14:00:00Z","Chelsea","Bournemouth","winamax_de","2026-10-10T12:01:59Z","h2h","Draw","3.9"
"2026-10-10T12:02:03Z","soccer_epl","2026-10-10T14:00:00Z","Chelsea","Bournemouth","unibet_fr","2026-10-10T12:01:23Z","h2h","Bournemouth","3.9"
"2026-10-10T12:02:03Z","soccer_epl","2026-10-10T14:00:00Z","Chelsea","Bournemouth","unibet_fr","2026-10-10T12:01:23Z","h2h","Chelsea","1.74"
"2026-10-10T12:02:03Z","soccer_epl","2026-10-10T14:00:00Z","Chelsea","Bournemouth","unibet_fr","2026-10-10T12:01:23Z","h2h","Draw","3.8"
"2026-10-10T12:02:03Z","soccer_epl","2026-10-10T14:00:00Z","Chelsea","Bournemouth","sport888_se","2026-10-10T12:01:39Z","h2h","Bournemouth","4.0"
"2026-10-10T12:02:03Z","soccer_epl","2026-10-10T14:00:00Z","Chelsea","Bournemouth","sport888_se","2026-10-10T12:01:39Z","h2h","Chelsea","1.8"
"2026-10-10T12:02:03Z","soccer_epl","2026-10-10T14:00:00Z","Chelsea","Bournemouth","sport888_se","2026-10-10T12:01:39Z","h2h","Draw","3.7"
"2026-10-10T12:02:03Z","soccer_epl","2026-10-10T14:00:00Z","Chelsea","Bournemouth","onexbet","2026-10-10T11:59:07Z","h2h","Bournemouth","4.37"
"2026-10-10T12:02:03Z","soccer_epl","2026-10-10T14:00:00Z","Chelsea","Bournemouth","onexbet","2026-10-10T11:59:07Z","h2h","Chelsea","1.86"
"2026-10-10T12:02:03Z","soccer_epl","2026-10-10T14:00:00Z","Chelsea","Bournemouth","onexbet","2026-10-10T11:59:07Z","h2h","Draw","4.01"
"2026-10-10T12:02:03Z","soccer_epl","2026-10-10T14:00:00Z","Chelsea","Bournemouth","winamax_fr","2026-10-10T12:01:24Z","h2h","Bournemouth","4.0"
"2026-10-10T12:02:03Z","soccer_epl","2026-10-10T14:00:00Z","Chelsea","Bournemouth","winamax_fr","2026-10-10T12:01:24Z","h2h","Chelsea","1.74"
"2026-10-10T12:02:03Z","soccer_epl","2026-10-10T14:00:00Z","Chelsea","Bournemouth","winamax_fr","2026-10-10T12:01:24Z","h2h","Draw","3.8"
"2026-10-10T12:02:03Z","soccer_epl","2026-10-10T14:00:00Z","Chelsea","Bournemouth","mrgreen_se","2026-10-10T12:01:55Z","h2h","Bournemouth","4.0"
"2026-10-10T12:02:03Z","soccer_epl","2026-10-10T14:00:00Z","Chelsea","Bournemouth","mrgreen_se","2026-10-10T12:01:55Z","h2h","Chelsea","1.8"
"2026-10-10T12:02:03Z","soccer_epl","2026-10-10T14:00:00Z","Chelsea","Bournemouth","mrgreen_se","2026-10-10T12:01:55Z","h2h","Draw","3.7"
"2026-10-10T12:02:03Z","soccer_epl","2026-10-10T14:00:00Z","Chelsea","Bournemouth","williamhill","2026-10-10T12:01:23Z","h2h","Bournemouth","4.0"
"2026-10-10T12:02:03Z","soccer_epl","2026-10-10T14:00:00Z","Chelsea","Bournemouth","williamhill","2026-10-10T12:01:23Z","h2h","Chelsea","1.8"
"2026-10-10T12:02:03Z","soccer_epl","2026-10-10T14:00:00Z","Chelsea","Bournemouth","williamhill","2026-10-10T12:01:23Z","h2h","Draw","3.75"
"2026-10-10T12:02:03Z","soccer_epl","2026-10-10T14:00:00Z","Chelsea","Bournemouth","hajper_se","2026-10-10T12:01:55Z","h2h","Bournemouth","4.2"
"2026-10-10T12:02:03Z","soccer_epl","2026-10-10T14:00:00Z","Chelsea","Bournemouth","hajper_se","2026-10-10T12:01:55Z","h2h","Chelsea","1.84"
"2026-10-10T12:02:03Z","soccer_epl","2026-10-10T14:00:00Z","Chelsea","Bournemouth","hajper_se","2026-10-10T12:01:55Z","h2h","Draw","4.0"
"2026-10-10T12:02:03Z","soccer_epl","2026-10-10T14:00:00Z","Chelsea","Bournemouth","betinia_se","2026-10-10T12:01:24Z","h2h","Bournemouth","4.2"
"2026-10-10T12:02:03Z","soccer_epl","2026-10-10T14:00:00Z","Chelsea","Bournemouth","betinia_se","2026-10-10T12:01:24Z","h2h","Chelsea","1.79"
"2026-10-10T12:02:03Z","soccer_epl","2026-10-10T14:00:00Z","Chelsea","Bournemouth","betinia_se","2026-10-10T12:01:24Z","h2h","Draw","4.0"
"2026-10-10T12:02:03Z","soccer_epl","2026-10-10T14:00:00Z","Chelsea","Bournemouth","campobet_se","2026-10-10T12:01:23Z","h2h","Bournemouth","4.2"
"2026-10-10T12:02:03Z","soccer_epl","2026-10-10T14:00:00Z","Chelsea","Bournemouth","campobet_se","2026-10-10T12:01:23Z","h2h","Chelsea","1.79"
"2026-10-10T12:02:03Z","soccer_epl","2026-10-10T14:00:00Z","Chelsea","Bournemouth","campobet_se","2026-10-10T12:01:23Z","h2h","Draw","4.0"
"2026-10-10T12:02:03Z","soccer_epl","2026-10-10T14:00:00Z","Chelsea","Bournemouth","betfair_ex_eu","2026-10-10T12:01:57Z","h2h","Bournemouth","4.5"
"2026-10-10T12:02:03Z","soccer_epl","2026-10-10T14:00:00Z","Chelsea","Bournemouth","betfair_ex_eu","2026-10-10T12:01:57Z","h2h","Chelsea","1.86"
"2026-10-10T12:02:03Z","soccer_epl","2026-10-10T14:00:00Z","Chelsea","Bournemouth","betfair_ex_eu","2026-10-10T12:01:57Z","h2h","Draw","4.1"
"2026-10-10T12:02:03Z","soccer_epl","2026-10-10T14:00:00Z","Chelsea","Bournemouth","betfair_ex_eu","2026-10-10T12:01:57Z","h2h_lay","Bournemouth","4.6"
"2026-10-10T12:02:03Z","soccer_epl","2026-10-10T14:00:00Z","Chelsea","Bournemouth","betfair_ex_eu","2026-10-10T12:01:57Z","h2h_lay","Chelsea","1.87"
"2026-10-10T12:02:03Z","soccer_epl","2026-10-10T14:00:00Z","Chelsea","Bournemouth","betfair_ex_eu","2026-10-10T12:01:57Z","h2h_lay","Draw","4.2"
"2026-10-10T12:02:03Z","soccer_epl","2026-10-10T14:00:00Z","Chelsea","Bournemouth","tipico_de","2026-10-10T12:01:55Z","h2h","Bournemouth","4.3"
"2026-10-10T12:02:03Z","soccer_epl","2026-10-10T14:00:00Z","Chelsea","Bournemouth","tipico_de","2026-10-10T12:01:55Z","h2h","Chelsea","1.75"
"2026-10-10T12:02:03Z","soccer_epl","2026-10-10T14:00:00Z","Chelsea","Bournemouth","tipico_de","2026-10-10T12:01:55Z","h2h","Draw","3.9"
"2026-10-10T12:02:03Z","soccer_epl","2026-10-10T14:00:00Z","Chelsea","Bournemouth","pinnacle","2026-10-10T12:01:49Z","h2h","Bournemouth","4.31"
"2026-10-10T12:02:03Z","soccer_epl","2026-10-10T14:00:00Z","Chelsea","Bournemouth","pinnacle","2026-10-10T12:01:49Z","h2h","Chelsea","1.83"
"2026-10-10T12:02:03Z","soccer_epl","2026-10-10T14:00:00Z","Chelsea","Bournemouth","pinnacle","2026-10-10T12:01:49Z","h2h","Draw","3.95"
"2026-10-10T12:02:03Z","soccer_epl","2026-10-10T14:00:00Z","Chelsea","Bournemouth","betmgm_se","2026-10-10T12:01:24Z","h2h","Bournemouth","4.25"
"2026-10-10T12:02:03Z","soccer_epl","2026-10-10T14:00:00Z","Chelsea","Bournemouth","betmgm_se","2026-10-10T12:01:24Z","h2h","Chelsea","1.78"
"2026-10-10T12:02:03Z","soccer_epl","2026-10-10T14:00:00Z","Chelsea","Bournemouth","betmgm_se","2026-10-10T12:01:24Z","h2h","Draw","3.85"
"2026-10-10T12:02:03Z","soccer_epl","2026-10-10T14:00:00Z","Chelsea","Bournemouth","unibet_nl","2026-10-10T12:01:24Z","h2h","Bournemouth","4.4"
"2026-10-10T12:02:03Z","soccer_epl","2026-10-10T14:00:00Z","Chelsea","Bournemouth","unibet_nl","2026-10-10T12:01:24Z","h2h","Chelsea","1.82"
"2026-10-10T12:02:03Z","soccer_epl","2026-10-10T14:00:00Z","Chelsea","Bournemouth","unibet_nl","2026-10-10T12:01:24Z","h2h","Draw","4.0"
"2026-10-10T12:02:03Z","soccer_epl","2026-10-10T14:00:00Z","Chelsea","Bournemouth","svenskaspel_se","2026-10-10T12:01:23Z","h2h","Bournemouth","4.4"
"2026-10-10T12:02:03Z","soccer_epl","2026-10-10T14:00:00Z","Chelsea","Bournemouth","svenskaspel_se","2026-10-10T12:01:23Z","h2h","Chelsea","1.82"
"2026-10-10T12:02:03Z","soccer_epl","2026-10-10T14:00:00Z","Chelsea","Bournemouth","svenskaspel_se","2026-10-10T12:01:23Z","h2h","Draw","4.0"
"2026-10-10T12:02:03Z","soccer_epl","2026-10-10T14:00:00Z","Chelsea","Bournemouth","atg_se","2026-10-10T12:01:23Z","h2h","Bournemouth","4.4"
"2026-10-10T12:02:03Z","soccer_epl","2026-10-10T14:00:00Z","Chelsea","Bournemouth","atg_se","2026-10-10T12:01:23Z","h2h","Chelsea","1.82"
"2026-10-10T12:02:03Z","soccer_epl","2026-10-10T14:00:00Z","Chelsea","Bournemouth","atg_se","2026-10-10T12:01:23Z","h2h","Draw","4.0"
"2026-10-10T12:02:03Z","soccer_epl","2026-10-10T14:00:00Z","Chelsea","Bournemouth","expekt_se","2026-10-10T12:01:23Z","h2h","Bournemouth","4.4"
"2026-10-10T12:02:03Z","soccer_epl","2026-10-10T14:00:00Z","Chelsea","Bournemouth","expekt_se","2026-10-10T12:01:23Z","h2h","Chelsea","1.82"
"2026-10-10T12:02:03Z","soccer_epl","2026-10-10T14:00:00Z","Chelsea","Bournemouth","expekt_se","2026-10-10T12:01:23Z","h2h","Draw","4.0"
"2026-10-10T12:02:03Z","soccer_epl","2026-10-10T14:00:00Z","Chelsea","Bournemouth","leovegas_se","2026-10-10T12:01:27Z","h2h","Bournemouth","4.25"
"2026-10-10T12:02:03Z","soccer_epl","2026-10-10T14:00:00Z","Chelsea","Bournemouth","leovegas_se","2026-10-10T12:01:27Z","h2h","Chelsea","1.78"
"2026-10-10T12:02:03Z","soccer_epl","2026-10-10T14:00:00Z","Chelsea","Bournemouth","leovegas_se","2026-10-10T12:01:27Z","h2h","Draw","3.85"
"2026-10-10T12:02:03Z","soccer_epl","2026-10-10T14:00:00Z","Chelsea","Bournemouth","unibet_se","2026-10-10T12:01:55Z","h2h","Bournemouth","4.4"
"2026-10-10T12:02:03Z","soccer_epl","2026-10-10T14:00:00Z","Chelsea","Bournemouth","unibet_se","2026-10-10T12:01:55Z","h2h","Chelsea","1.82"
"2026-10-10T12:02:03Z","soccer_epl","2026-10-10T14:00:00Z","Chelsea","Bournemouth","unibet_se","2026-10-10T12:01:55Z","h2h","Draw","4.0"
"2026-10-10T12:02:03Z","soccer_epl","2026-10-10T14:00:00Z","Chelsea","Bournemouth","everygame","2026-10-10T12:00:33Z","h2h","Bournemouth","4.2"
"2026-10-10T12:02:03Z","soccer_epl","2026-10-10T14:00:00Z","Chelsea","Bournemouth","everygame","2026-10-10T12:00:33Z","h2h","Chelsea","1.8"
"2026-10-10T12:02:03Z","soccer_epl","2026-10-10T14:00:00Z","Chelsea","Bournemouth","everygame","2026-10-10T12:00:33Z","h2h","Draw","3.85"
"2026-10-10T12:02:03Z","soccer_epl","2026-10-10T14:00:00Z","Chelsea","Bournemouth","betsson","2026-10-10T12:01:24Z","h2h","Bournemouth","4.22"
"2026-10-10T12:02:03Z","soccer_epl","2026-10-10T14:00:00Z","Chelsea","Bournemouth","betsson","2026-10-10T12:01:24Z","h2h","Chelsea","1.8"
"2026-10-10T12:02:03Z","soccer_epl","2026-10-10T14:00:00Z","Chelsea","Bournemouth","betsson","2026-10-10T12:01:24Z","h2h","Draw","3.86"
"2026-10-10T12:02:03Z","soccer_epl","2026-10-10T14:00:00Z","Chelsea","Bournemouth","nordicbet","2026-10-10T12:01:55Z","h2h","Bournemouth","4.2"
"2026-10-10T12:02:03Z","soccer_epl","2026-10-10T14:00:00Z","Chelsea","Bournemouth","nordicbet","2026-10-10T12:01:55Z","h2h","Chelsea","1.8"
"2026-10-10T12:02:03Z","soccer_epl","2026-10-10T14:00:00Z","Chelsea","Bournemouth","nordicbet","2026-10-10T12:01:55Z","h2h","Draw","3.85"
"2026-10-10T12:02:03Z","soccer_epl","2026-10-10T14:00:00Z","Chelsea","Bournemouth","coolbet","2026-10-10T12:01:12Z","h2h","Bournemouth","4.4"
"2026-10-10T12:02:03Z","soccer_epl","2026-10-10T14:00:00Z","Chelsea","Bournemouth","coolbet","2026-10-10T12:01:12Z","h2h","Chelsea","1.83"
"2026-10-10T12:02:03Z","soccer_epl","2026-10-10T14:00:00Z","Chelsea","Bournemouth","coolbet","2026-10-10T12:01:12Z","h2h","Draw","4.05"
"2026-10-10T12:02:03Z","soccer_epl","2026-10-10T14:00:00Z","Chelsea","Bournemouth","betonlineag","2026-10-10T12:01:23Z","h2h","Bournemouth","4.27"
"2026-10-10T12:02:03Z","soccer_epl","2026-10-10T14:00:00Z","Chelsea","Bournemouth","betonlineag","2026-10-10T12:01:23Z","h2h","Chelsea","1.84"
"2026-10-10T12:02:03Z","soccer_epl","2026-10-10T14:00:00Z","Chelsea","Bournemouth","betonlineag","2026-10-10T12:01:23Z","h2h","Draw","3.88"
"2026-10-10T12:02:03Z","soccer_epl","2026-10-10T14:00:00Z","Chelsea","Bournemouth","matchbook","2026-10-10T12:01:55Z","h2h","Bournemouth","4.5"
"2026-10-10T12:02:03Z","soccer_epl","2026-10-10T14:00:00Z","Chelsea","Bournemouth","matchbook","2026-10-10T12:01:55Z","h2h","Chelsea","1.86"
"2026-10-10T12:02:03Z","soccer_epl","2026-10-10T14:00:00Z","Chelsea","Bournemouth","matchbook","2026-10-10T12:01:55Z","h2h","Draw","4.1"
"2026-10-10T12:02:03Z","soccer_epl","2026-10-10T14:00:00Z","Chelsea","Bournemouth","matchbook","2026-10-10T12:01:55Z","h2h_lay","Bournemouth","4.6"
"2026-10-10T12:02:03Z","soccer_epl","2026-10-10T14:00:00Z","Chelsea","Bournemouth","matchbook","2026-10-10T12:01:55Z","h2h_lay","Chelsea","1.87"
"2026-10-10T12:02:03Z","soccer_epl","2026-10-10T14:00:00Z","Chelsea","Bournemouth","matchbook","2026-10-10T12:01:55Z","h2h_lay","Draw","4.2"
"2026-10-10T12:02:03Z","soccer_epl","2026-10-10T14:00:00Z","Chelsea","Bournemouth","gtbets","2026-10-10T12:01:40Z","h2h","Bournemouth","4.11"
"2026-10-10T12:02:03Z","soccer_epl","2026-10-10T14:00:00Z","Chelsea","Bournemouth","gtbets","2026-10-10T12:01:40Z","h2h","Chelsea","1.73"
"2026-10-10T12:02:03Z","soccer_epl","2026-10-10T14:00:00Z","Chelsea","Bournemouth","gtbets","2026-10-10T12:01:40Z","h2h","Draw","3.89"
"2026-10-10T12:02:03Z","soccer_epl","2026-10-10T14:00:00Z","Chelsea","Bournemouth","betanysports","2026-10-10T12:01:44Z","h2h","Bournemouth","4.2"
"2026-10-10T12:02:03Z","soccer_epl","2026-10-10T14:00:00Z","Chelsea","Bournemouth","betanysports","2026-10-10T12:01:44Z","h2h","Chelsea","1.8"
"2026-10-10T12:02:03Z","soccer_epl","2026-10-10T14:00:00Z","Chelsea","Bournemouth","betanysports","2026-10-10T12:01:44Z","h2h","Draw","3.9"
"2026-10-10T12:02:03Z","soccer_epl","2026-10-10T14:00:00Z","Sunderland","Brighton and Hove Albion","codere_it","2026-10-10T12:01:23Z","h2h","Brighton and Hove Albion","2.31"
"2026-10-10T12:02:03Z","soccer_epl","2026-10-10T14:00:00Z","Sunderland","Brighton and Hove Albion","codere_it","2026-10-10T12:01:23Z","h2h","Sunderland","3.05"
"2026-10-10T12:02:03Z","soccer_epl","2026-10-10T14:00:00Z","Sunderland","Brighton and Hove Albion","codere_it","2026-10-10T12:01:23Z","h2h","Draw","3.45"
"2026-10-10T12:02:03Z","soccer_epl","2026-10-10T14:00:00Z","Sunderland","Brighton and Hove Albion","unibet_fr","2026-10-10T12:01:23Z","h2h","Brighton and Hove Albion","2.2"
"2026-10-10T12:02:03Z","soccer_epl","2026-10-10T14:00:00Z","Sunderland","Brighton and Hove Albion","unibet_fr","2026-10-10T12:01:23Z","h2h","Sunderland","2.95"
"2026-10-10T12:02:03Z","soccer_epl","2026-10-10T14:00:00Z","Sunderland","Brighton and Hove Albion","unibet_fr","2026-10-10T12:01:23Z","h2h","Draw","3.3"
"2026-10-10T12:02:03Z","soccer_epl","2026-10-10T14:00:00Z","Sunderland","Brighton and Hove Albion","winamax_de","2026-10-10T12:01:59Z","h2h","Brighton and Hove Albion","2.25"
"2026-10-10T12:02:03Z","soccer_epl","2026-10-10T14:00:00Z","Sunderland","Brighton and Hove Albion","winamax_de","2026-10-10T12:01:59Z","h2h","Sunderland","2.95"
"2026-10-10T12:02:03Z","soccer_epl","2026-10-10T14:00:00Z","Sunderland","Brighton and Hove Albion","winamax_de","2026-10-10T12:01:59Z","h2h","Draw","3.5"
"2026-10-10T12:02:03Z","soccer_epl","2026-10-10T14:00:00Z","Sunderland","Brighton and Hove Albion","sport888","2026-10-10T12:01:55Z","h2h","Brighton and Hove Albion","2.25"
"2026-10-10T12:02:03Z","soccer_epl","2026-10-10T14:00:00Z","Sunderland","Brighton and Hove Albion","sport888","2026-10-10T12:01:55Z","h2h","Sunderland","3.0"
"2026-10-10T12:02:03Z","soccer_epl","2026-10-10T14:00:00Z","Sunderland","Brighton and Hove Albion","sport888","2026-10-10T12:01:55Z","h2h","Draw","3.3"
"2026-10-10T12:02:03Z","soccer_epl","2026-10-10T14:00:00Z","Sunderland","Brighton and Hove Albion","betclic_fr","2026-10-10T11:59:51Z","h2h","Brighton and Hove Albion","2.23"
"2026-10-10T12:02:03Z","soccer_epl","2026-10-10T14:00:00Z","Sunderland","Brighton and Hove Albion","betclic_fr","2026-10-10T11:59:51Z","h2h","Sunderland","3.03"
"2026-10-10T12:02:03Z","soccer_epl","2026-10-10T14:00:00Z","Sunderland","Brighton and Hove Albion","betclic_fr","2026-10-10T11:59:51Z","h2h","Draw","3.42"
"2026-10-10T12:02:03Z","soccer_epl","2026-10-10T14:00:00Z","Sunderland","Brighton and Hove Albion","onexbet","2026-10-10T11:59:07Z","h2h","Brighton and Hove Albion","2.38"
"2026-10-10T12:02:03Z","soccer_epl","2026-10-10T14:00:00Z","Sunderland","Brighton and Hove Albion","onexbet","2026-10-10T11:59:07Z","h2h","Sunderland","3.16"
"2026-10-10T12:02:03Z","soccer_epl","2026-10-10T14:00:00Z","Sunderland","Brighton and Hove Albion","onexbet","2026-10-10T11:59:07Z","h2h","Draw","3.58"
"2026-10-10T12:02:03Z","soccer_epl","2026-10-10T14:00:00Z","Sunderland","Brighton and Hove Albion","mybookieag","2026-10-10T12:01:23Z","h2h","Brighton and Hove Albion","2.29"
"2026-10-10T12:02:03Z","soccer_epl","2026-10-10T14:00:00Z","Sunderland","Brighton and Hove Albion","mybookieag","2026-10-10T12:01:23Z","h2h","Sunderland","3.02"
"2026-10-10T12:02:03Z","soccer_epl","2026-10-10T14:00:00Z","Sunderland","Brighton and Hove Albion","mybookieag","2026-10-10T12:01:23Z","h2h","Draw","3.42"
"2026-10-10T12:02:03Z","soccer_epl","2026-10-10T14:00:00Z","Sunderland","Brighton and Hove Albion","sport888_se","2026-10-10T12:01:39Z","h2h","Brighton and Hove Albion","2.25"
"2026-10-10T12:02:03Z","soccer_epl","2026-10-10T14:00:00Z","Sunderland","Brighton and Hove Albion","sport888_se","2026-10-10T12:01:39Z","h2h","Sunderland","3.0"
"2026-10-10T12:02:03Z","soccer_epl","2026-10-10T14:00:00Z","Sunderland","Brighton and Hove Albion","sport888_se","2026-10-10T12:01:39Z","h2h","Draw","3.3"
"2026-10-10T12:02:03Z","soccer_epl","2026-10-10T14:00:00Z","Sunderland","Brighton and Hove Albion","williamhill","2026-10-10T12:01:23Z","h2h","Brighton and Hove Albion","2.25"
"2026-10-10T12:02:03Z","soccer_epl","2026-10-10T14:00:00Z","Sunderland","Brighton and Hove Albion","williamhill","2026-10-10T12:01:23Z","h2h","Sunderland","3.0"
"2026-10-10T12:02:03Z","soccer_epl","2026-10-10T14:00:00Z","Sunderland","Brighton and Hove Albion","williamhill","2026-10-10T12:01:23Z","h2h","Draw","3.3"
"2026-10-10T12:02:03Z","soccer_epl","2026-10-10T14:00:00Z","Sunderland","Brighton and Hove Albion","mrgreen_se","2026-10-10T12:01:55Z","h2h","Brighton and Hove Albion","2.25"
"2026-10-10T12:02:03Z","soccer_epl","2026-10-10T14:00:00Z","Sunderland","Brighton and Hove Albion","mrgreen_se","2026-10-10T12:01:55Z","h2h","Sunderland","3.0"
"2026-10-10T12:02:03Z","soccer_epl","2026-10-10T14:00:00Z","Sunderland","Brighton and Hove Albion","mrgreen_se","2026-10-10T12:01:55Z","h2h","Draw","3.3"
"2026-10-10T12:02:03Z","soccer_epl","2026-10-10T14:00:00Z","Sunderland","Brighton and Hove Albion","winamax_fr","2026-10-10T12:01:24Z","h2h","Brighton and Hove Albion","2.2"
"2026-10-10T12:02:03Z","soccer_epl","2026-10-10T14:00:00Z","Sunderland","Brighton and Hove Albion","winamax_fr","2026-10-10T12:01:24Z","h2h","Sunderland","2.9"
"2026-10-10T12:02:03Z","soccer_epl","2026-10-10T14:00:00Z","Sunderland","Brighton and Hove Albion","winamax_fr","2026-10-10T12:01:24Z","h2h","Draw","3.4"
"2026-10-10T12:02:03Z","soccer_epl","2026-10-10T14:00:00Z","Sunderland","Brighton and Hove Albion","hajper_se","2026-10-10T12:01:55Z","h2h","Brighton and Hove Albion","2.34"
"2026-10-10T12:02:03Z","soccer_epl","2026-10-10T14:00:00Z","Sunderland","Brighton and Hove Albion","hajper_se","2026-10-10T12:01:55Z","h2h","Sunderland","3.15"
"2026-10-10T12:02:03Z","soccer_epl","2026-10-10T14:00:00Z","Sunderland","Brighton and Hove Albion","hajper_se","2026-10-10T12:01:55Z","h2h","Draw","3.5"
"2026-10-10T12:02:03Z","soccer_epl","2026-10-10T14:00:00Z","Sunderland","Brighton and Hove Albion","betinia_se","2026-10-10T12:01:24Z","h2h","Brighton and Hove Albion","2.3"
"2026-10-10T12:02:03Z","soccer_epl","2026-10-10T14:00:00Z","Sunderland","Brighton and Hove Albion","betinia_se","2026-10-10T12:01:24Z","h2h","Sunderland","3.1"
"2026-10-10T12:02:03Z","soccer_epl","2026-10-10T14:00:00Z","Sunderland","Brighton and Hove Albion","betinia_se","2026-10-10T12:01:24Z","h2h","Draw","3.4"
"2026-10-10T12:02:03Z","soccer_epl","2026-10-10T14:00:00Z","Sunderland","Brighton and Hove Albion","campobet_se","2026-10-10T12:01:23Z","h2h","Brighton and Hove Albion","2.3"
"2026-10-10T12:02:03Z","soccer_epl","2026-10-10T14:00:00Z","Sunderland","Brighton and Hove Albion","campobet_se","2026-10-10T12:01:23Z","h2h","Sunderland","3.1"
"2026-10-10T12:02:03Z","soccer_epl","2026-10-10T14:00:00Z","Sunderland","Brighton and Hove Albion","campobet_se","2026-10-10T12:01:23Z","h2h","Draw","3.4"
"2026-10-10T12:02:03Z","soccer_epl","2026-10-10T14:00:00Z","Sunderland","Brighton and Hove Albion","betfair_ex_eu","2026-10-10T12:01:57Z","h2h","Brighton and Hove Albion","2.38"
"2026-10-10T12:02:03Z","soccer_epl","2026-10-10T14:00:00Z","Sunderland","Brighton and Hove Albion","betfair_ex_eu","2026-10-10T12:01:57Z","h2h","Sunderland","3.25"
"2026-10-10T12:02:03Z","soccer_epl","2026-10-10T14:00:00Z","Sunderland","Brighton and Hove Albion","betfair_ex_eu","2026-10-10T12:01:57Z","h2h","Draw","3.6"
"2026-10-10T12:02:03Z","soccer_epl","2026-10-10T14:00:00Z","Sunderland","Brighton and Hove Albion","betfair_ex_eu","2026-10-10T12:01:57Z","h2h_lay","Brighton and Hove Albion","2.4"
"2026-10-10T12:02:03Z","soccer_epl","2026-10-10T14:00:00Z","Sunderland","Brighton and Hove Albion","betfair_ex_eu","2026-10-10T12:01:57Z","h2h_lay","Sunderland","3.3"
"2026-10-10T12:02:03Z","soccer_epl","2026-10-10T14:00:00Z","Sunderland","Brighton and Hove Albion","betfair_ex_eu","2026-10-10T12:01:57Z","h2h_lay","Draw","3.65"
"2026-10-10T12:02:03Z","soccer_epl","2026-10-10T14:00:00Z","Sunderland","Brighton and Hove Albion","tipico_de","2026-10-10T12:01:55Z","h2h","Brighton and Hove Albion","2.25"
"2026-10-10T12:02:03Z","soccer_epl","2026-10-10T14:00:00Z","Sunderland","Brighton and Hove Albion","tipico_de","2026-10-10T12:01:55Z","h2h","Sunderland","3.2"
"2026-10-10T12:02:03Z","soccer_epl","2026-10-10T14:00:00Z","Sunderland","Brighton and Hove Albion","tipico_de","2026-10-10T12:01:55Z","h2h","Draw","3.3"
"2026-10-10T12:02:03Z","soccer_epl","2026-10-10T14:00:00Z","Sunderland","Brighton and Hove Albion","pinnacle","2026-10-10T12:01:48Z","h2h","Brighton and Hove Albion","2.33"
"2026-10-10T12:02:03Z","soccer_epl","2026-10-10T14:00:00Z","Sunderland","Brighton and Hove Albion","pinnacle","2026-10-10T12:01:48Z","h2h","Sunderland","3.23"
"2026-10-10T12:02:03Z","soccer_epl","2026-10-10T14:00:00Z","Sunderland","Brighton and Hove Albion","pinnacle","2026-10-10T12:01:48Z","h2h","Draw","3.46"
"2026-10-10T12:02:03Z","soccer_epl","2026-10-10T14:00:00Z","Sunderland","Brighton and Hove Albion","leovegas_se","2026-10-10T12:01:26Z","h2h","Brighton and Hove Albion","2.23"
"2026-10-10T12:02:03Z","soccer_epl","2026-10-10T14:00:00Z","Sunderland","Brighton and Hove Albion","leovegas_se","2026-10-10T12:01:26Z","h2h","Sunderland","3.05"
"2026-10-10T12:02:03Z","soccer_epl","2026-10-10T14:00:00Z","Sunderland","Brighton and Hove Albion","leovegas_se","2026-10-10T12:01:26Z","h2h","Draw","3.55"
"2026-10-10T12:02:03Z","soccer_epl","2026-10-10T14:00:00Z","Sunderland","Brighton and Hove Albion","expekt_se","2026-10-10T12:01:23Z","h2h","Brighton and Hove Albion","2.3"
"2026-10-10T12:02:03Z","soccer_epl","2026-10-10T14:00:00Z","Sunderland","Brighton and Hove Albion","expekt_se","2026-10-10T12:01:23Z","h2h","Sunderland","3.15"
"2026-10-10T12:02:03Z","soccer_epl","2026-10-10T14:00:00Z","Sunderland","Brighton and Hove Albion","expekt_se","2026-10-10T12:01:23Z","h2h","Draw","3.7"
"2026-10-10T12:02:03Z","soccer_epl","2026-10-10T14:00:00Z","Sunderland","Brighton and Hove Albion","unibet_se","2026-10-10T12:01:55Z","h2h","Brighton and Hove Albion","2.3"
"2026-10-10T12:02:03Z","soccer_epl","2026-10-10T14:00:00Z","Sunderland","Brighton and Hove Albion","unibet_se","2026-10-10T12:01:55Z","h2h","Sunderland","3.15"
"2026-10-10T12:02:03Z","soccer_epl","2026-10-10T14:00:00Z","Sunderland","Brighton and Hove Albion","unibet_se","2026-10-10T12:01:55Z","h2h","Draw","3.7"
"2026-10-10T12:02:03Z","soccer_epl","2026-10-10T14:00:00Z","Sunderland","Brighton and Hove Albion","betmgm_se","2026-10-10T12:01:24Z","h2h","Brighton and Hove Albion","2.23"
"2026-10-10T12:02:03Z","soccer_epl","2026-10-10T14:00:00Z","Sunderland","Brighton and Hove Albion","betmgm_se","2026-10-10T12:01:24Z","h2h","Sunderland","3.05"
"2026-10-10T12:02:03Z","soccer_epl","2026-10-10T14:00:00Z","Sunderland","Brighton and Hove Albion","betmgm_se","2026-10-10T12:01:24Z","h2h","Draw","3.55"
"2026-10-10T12:02:03Z","soccer_epl","2026-10-10T14:00:00Z","Sunderland","Brighton and Hove Albion","unibet_nl","2026-10-10T12:01:24Z","h2h","Brighton and Hove Albion","2.3"
"2026-10-10T12:02:03Z","soccer_epl","2026-10-10T14:00:00Z","Sunderland","Brighton and Hove Albion","unibet_nl","2026-10-10T12:01:24Z","h2h","Sunderland","3.15"
"2026-10-10T12:02:03Z","soccer_epl","2026-10-10T14:00:00Z","Sunderland","Brighton and Hove Albion","unibet_nl","2026-10-10T12:01:24Z","h2h","Draw","3.7"
"2026-10-10T12:02:03Z","soccer_epl","2026-10-10T14:00:00Z","Sunderland","Brighton and Hove Albion","atg_se","2026-10-10T12:01:23Z","h2h","Brighton and Hove Albion","2.3"
"2026-10-10T12:02:03Z","soccer_epl","2026-10-10T14:00:00Z","Sunderland","Brighton and Hove Albion","atg_se","2026-10-10T12:01:23Z","h2h","Sunderland","3.15"
"2026-10-10T12:02:03Z","soccer_epl","2026-10-10T14:00:00Z","Sunderland","Brighton and Hove Albion","atg_se","2026-10-10T12:01:23Z","h2h","Draw","3.7"
"2026-10-10T12:02:03Z","soccer_epl","2026-10-10T14:00:00Z","Sunderland","Brighton and Hove Albion","svenskaspel_se","2026-10-10T12:01:23Z","h2h","Brighton and Hove Albion","2.3"
"2026-10-10T12:02:03Z","soccer_epl","2026-10-10T14:00:00Z","Sunderland","Brighton and Hove Albion","svenskaspel_se","2026-10-10T12:01:23Z","h2h","Sunderland","3.15"
"2026-10-10T12:02:03Z","soccer_epl","2026-10-10T14:00:00Z","Sunderland","Brighton and Hove Albion","svenskaspel_se","2026-10-10T12:01:23Z","h2h","Draw","3.7"
"2026-10-10T12:02:03Z","soccer_epl","2026-10-10T14:00:00Z","Sunderland","Brighton and Hove Albion","everygame","2026-10-10T12:00:33Z","h2h","Brighton and Hove Albion","2.25"
"2026-10-10T12:02:03Z","soccer_epl","2026-10-10T14:00:00Z","Sunderland","Brighton and Hove Albion","everygame","2026-10-10T12:00:33Z","h2h","Sunderland","3.15"
"2026-10-10T12:02:03Z","soccer_epl","2026-10-10T14:00:00Z","Sunderland","Brighton and Hove Albion","everygame","2026-10-10T12:00:33Z","h2h","Draw","3.4"
"2026-10-10T12:02:03Z","soccer_epl","2026-10-10T14:00:00Z","Sunderland","Brighton and Hove Albion","nordicbet","2026-10-10T12:01:55Z","h2h","Brighton and Hove Albion","2.32"
"2026-10-10T12:02:03Z","soccer_epl","2026-10-10T14:00:00Z","Sunderland","Brighton and Hove Albion","nordicbet","2026-10-10T12:01:55Z","h2h","Sunderland","3.15"
"2026-10-10T12:02:03Z","soccer_epl","2026-10-10T14:00:00Z","Sunderland","Brighton and Hove Albion","nordicbet","2026-10-10T12:01:55Z","h2h","Draw","3.3"
"2026-10-10T12:02:03Z","soccer_epl","2026-10-10T14:00:00Z","Sunderland","Brighton and Hove Albion","betsson","2026-10-10T12:01:24Z","h2h","Brighton and Hove Albion","2.31"
"2026-10-10T12:02:03Z","soccer_epl","2026-10-10T14:00:00Z","Sunderland","Brighton and Hove Albion","betsson","2026-10-10T12:01:24Z","h2h","Sunderland","3.14"
"2026-10-10T12:02:03Z","soccer_epl","2026-10-10T14:00:00Z","Sunderland","Brighton and Hove Albion","betsson","2026-10-10T12:01:24Z","h2h","Draw","3.32"
"2026-10-10T12:02:03Z","soccer_epl","2026-10-10T14:00:00Z","Sunderland","Brighton and Hove Albion","coolbet","2026-10-10T12:01:12Z","h2h","Brighton and Hove Albion","2.34"
"2026-10-10T12:02:03Z","soccer_epl","2026-10-10T14:00:00Z","Sunderland","Brighton and Hove Albion","coolbet","2026-10-10T12:01:12Z","h2h","Sunderland","3.24"
"2026-10-10T12:02:03Z","soccer_epl","2026-10-10T14:00:00Z","Sunderland","Brighton and Hove Albion","coolbet","2026-10-10T12:01:12Z","h2h","Draw","3.51"
"2026-10-10T12:02:03Z","soccer_epl","2026-10-10T14:00:00Z","Sunderland","Brighton and Hove Albion","betonlineag","2026-10-10T12:01:23Z","h2h","Brighton and Hove Albion","2.34"
"2026-10-10T12:02:03Z","soccer_epl","2026-10-10T14:00:00Z","Sunderland","Brighton and Hove Albion","betonlineag","2026-10-10T12:01:23Z","h2h","Sunderland","3.14"
"2026-10-10T12:02:03Z","soccer_epl","2026-10-10T14:00:00Z","Sunderland","Brighton and Hove Albion","betonlineag","2026-10-10T12:01:23Z","h2h","Draw","3.45"
"2026-10-10T12:02:03Z","soccer_epl","2026-10-10T14:00:00Z","Sunderland","Brighton and Hove Albion","matchbook","2026-10-10T12:01:55Z","h2h","Brighton and Hove Albion","2.38"
"2026-10-10T12:02:03Z","soccer_epl","2026-10-10T14:00:00Z","Sunderland","Brighton and Hove Albion","matchbook","2026-10-10T12:01:55Z","h2h","Sunderland","3.25"
"2026-10-10T12:02:03Z","soccer_epl","2026-10-10T14:00:00Z","Sunderland","Brighton and Hove Albion","matchbook","2026-10-10T12:01:55Z","h2h","Draw","3.6"
"2026-10-10T12:02:03Z","soccer_epl","2026-10-10T14:00:00Z","Sunderland","Brighton and Hove Albion","matchbook","2026-10-10T12:01:55Z","h2h_lay","Brighton and Hove Albion","2.4"
"2026-10-10T12:02:03Z","soccer_epl","2026-10-10T14:00:00Z","Sunderland","Brighton and Hove Albion","matchbook","2026-10-10T12:01:55Z","h2h_lay","Sunderland","3.3"
"2026-10-10T12:02:03Z","soccer_epl","2026-10-10T14:00:00Z","Sunderland","Brighton and Hove Albion","matchbook","2026-10-10T12:01:55Z","h2h_lay","Draw","3.65"
"2026-10-10T12:02:03Z","soccer_epl","2026-10-10T14:00:00Z","Sunderland","Brighton and Hove Albion","gtbets","2026-10-10T12:01:40Z","h2h","Brighton and Hove Albion","2.39"
"2026-10-10T12:02:03Z","soccer_epl","2026-10-10T14:00:00Z","Sunderland","Brighton and Hove Albion","gtbets","2026-10-10T12:01:40Z","h2h","Sunderland","3.08"
"2026-10-10T12:02:03Z","soccer_epl","2026-10-10T14:00:00Z","Sunderland","Brighton and Hove Albion","gtbets","2026-10-10T12:01:40Z","h2h","Draw","3.47"
"2026-10-10T12:02:03Z","soccer_epl","2026-10-10T14:00:00Z","Sunderland","Brighton and Hove Albion","betanysports","2026-10-10T12:01:44Z","h2h","Brighton and Hove Albion","2.3"
"2026-10-10T12:02:03Z","soccer_epl","2026-10-10T14:00:00Z","Sunderland","Brighton and Hove Albion","betanysports","2026-10-10T12:01:44Z","h2h","Sunderland","3.1"
"2026-10-10T12:02:03Z","soccer_epl","2026-10-10T14:00:00Z","Sunderland","Brighton and Hove Albion","betanysports","2026-10-10T12:01:44Z","h2h","Draw","3.45"
"2026-10-10T12:02:03Z","soccer_epl","2026-10-10T14:00:00Z","Ipswich Town","Fulham","codere_it","2026-10-10T12:01:23Z","h2h","Fulham","2.5"
"2026-10-10T12:02:03Z","soccer_epl","2026-10-10T14:00:00Z","Ipswich Town","Fulham","codere_it","2026-10-10T12:01:23Z","h2h","Ipswich Town","2.75"
"2026-10-10T12:02:03Z","soccer_epl","2026-10-10T14:00:00Z","Ipswich Town","Fulham","codere_it","2026-10-10T12:01:23Z","h2h","Draw","3.5"
"2026-10-10T12:02:03Z","soccer_epl","2026-10-10T14:00:00Z","Ipswich Town","Fulham","unibet_fr","2026-10-10T12:01:23Z","h2h","Fulham","2.4"
"2026-10-10T12:02:03Z","soccer_epl","2026-10-10T14:00:00Z","Ipswich Town","Fulham","unibet_fr","2026-10-10T12:01:23Z","h2h","Ipswich Town","2.65"
"2026-10-10T12:02:03Z","soccer_epl","2026-10-10T14:00:00Z","Ipswich Town","Fulham","unibet_fr","2026-10-10T12:01:23Z","h2h","Draw","3.4"
"2026-10-10T12:02:03Z","soccer_epl","2026-10-10T14:00:00Z","Ipswich Town","Fulham","winamax_de","2026-10-10T12:01:59Z","h2h","Fulham","2.5"
"2026-10-10T12:02:03Z","soccer_epl","2026-10-10T14:00:00Z","Ipswich Town","Fulham","winamax_de","2026-10-10T12:01:59Z","h2h","Ipswich Town","2.6"
"2026-10-10T12:02:03Z","soccer_epl","2026-10-10T14:00:00Z","Ipswich Town","Fulham","winamax_de","2026-10-10T12:01:59Z","h2h","Draw","3.55"
"2026-10-10T12:02:03Z","soccer_epl","2026-10-10T14:00:00Z","Ipswich Town","Fulham","sport888","2026-10-10T12:01:55Z","h2h","Fulham","2.5"
"2026-10-10T12:02:03Z","soccer_epl","2026-10-10T14:00:00Z","Ipswich Town","Fulham","sport888","2026-10-10T12:01:55Z","h2h","Ipswich Town","2.62"
"2026-10-10T12:02:03Z","soccer_epl","2026-10-10T14:00:00Z","Ipswich Town","Fulham","sport888","2026-10-10T12:01:55Z","h2h","Draw","3.3"
"2026-10-10T12:02:03Z","soccer_epl","2026-10-10T14:00:00Z","Ipswich Town","Fulham","betclic_fr","2026-10-10T11:59:51Z","h2h","Fulham","2.45"
"2026-10-10T12:02:03Z","soccer_epl","2026-10-10T14:00:00Z","Ipswich Town","Fulham","betclic_fr","2026-10-10T11:59:51Z","h2h","Ipswich Town","2.7"
"2026-10-10T12:02:03Z","soccer_epl","2026-10-10T14:00:00Z","Ipswich Town","Fulham","betclic_fr","2026-10-10T11:59:51Z","h2h","Draw","3.45"
"2026-10-10T12:02:03Z","soccer_epl","2026-10-10T14:00:00Z","Ipswich Town","Fulham","onexbet","2026-10-10T11:59:07Z","h2h","Fulham","2.63"
"2026-10-10T12:02:03Z","soccer_epl","2026-10-10T14:00:00Z","Ipswich Town","Fulham","onexbet","2026-10-10T11:59:07Z","h2h","Ipswich Town","2.77"
"2026-10-10T12:02:03Z","soccer_epl","2026-10-10T14:00:00Z","Ipswich Town","Fulham","onexbet","2026-10-10T11:59:07Z","h2h","Draw","3.63"
"2026-10-10T12:02:03Z","soccer_epl","2026-10-10T14:00:00Z","Ipswich Town","Fulham","mybookieag","2026-10-10T12:01:23Z","h2h","Fulham","2.49"
"2026-10-10T12:02:03Z","soccer_epl","2026-10-10T14:00:00Z","Ipswich Town","Fulham","mybookieag","2026-10-10T12:01:23Z","h2h","Ipswich Town","2.71"
"2026-10-10T12:02:03Z","soccer_epl","2026-10-10T14:00:00Z","Ipswich Town","Fulham","mybookieag","2026-10-10T12:01:23Z","h2h","Draw","3.46"
"2026-10-10T12:02:03Z","soccer_epl","2026-10-10T14:00:00Z","Ipswich Town","Fulham","sport888_se","2026-10-10T12:01:39Z","h2h","Fulham","2.5"
"2026-10-10T12:02:03Z","soccer_epl","2026-10-10T14:00:00Z","Ipswich Town","Fulham","sport888_se","2026-10-10T12:01:39Z","h2h","Ipswich Town","2.62"
"2026-10-10T12:02:03Z","soccer_epl","2026-10-10T14:00:00Z","Ipswich Town","Fulham","sport888_se","2026-10-10T12:01:39Z","h2h","Draw","3.3"
"2026-10-10T12:02:03Z","soccer_epl","2026-10-10T14:00:00Z","Ipswich Town","Fulham","williamhill","2026-10-10T12:01:23Z","h2h","Fulham","2.5"
"2026-10-10T12:02:03Z","soccer_epl","2026-10-10T14:00:00Z","Ipswich Town","Fulham","williamhill","2026-10-10T12:01:23Z","h2h","Ipswich Town","2.62"
"2026-10-10T12:02:03Z","soccer_epl","2026-10-10T14:00:00Z","Ipswich Town","Fulham","williamhill","2026-10-10T12:01:23Z","h2h","Draw","3.4"
"2026-10-10T12:02:03Z","soccer_epl","2026-10-10T14:00:00Z","Ipswich Town","Fulham","mrgreen_se","2026-10-10T12:01:55Z","h2h","Fulham","2.5"
"2026-10-10T12:02:03Z","soccer_epl","2026-10-10T14:00:00Z","Ipswich Town","Fulham","mrgreen_se","2026-10-10T12:01:55Z","h2h","Ipswich Town","2.62"
"2026-10-10T12:02:03Z","soccer_epl","2026-10-10T14:00:00Z","Ipswich Town","Fulham","mrgreen_se","2026-10-10T12:01:55Z","h2h","Draw","3.3"
"2026-10-10T12:02:03Z","soccer_epl","2026-10-10T14:00:00Z","Ipswich Town","Fulham","winamax_fr","2026-10-10T12:01:24Z","h2h","Fulham","2.45"
"2026-10-10T12:02:03Z","soccer_epl","2026-10-10T14:00:00Z","Ipswich Town","Fulham","winamax_fr","2026-10-10T12:01:24Z","h2h","Ipswich Town","2.55"
"2026-10-10T12:02:03Z","soccer_epl","2026-10-10T14:00:00Z","Ipswich Town","Fulham","winamax_fr","2026-10-10T12:01:24Z","h2h","Draw","3.5"
"2026-10-10T12:02:03Z","soccer_epl","2026-10-10T14:00:00Z","Ipswich Town","Fulham","hajper_se","2026-10-10T12:01:55Z","h2h","Fulham","2.6"
"2026-10-10T12:02:03Z","soccer_epl","2026-10-10T14:00:00Z","Ipswich Town","Fulham","hajper_se","2026-10-10T12:01:55Z","h2h","Ipswich Town","2.75"
"2026-10-10T12:02:03Z","soccer_epl","2026-10-10T14:00:00Z","Ipswich Town","Fulham","hajper_se","2026-10-10T12:01:55Z","h2h","Draw","3.55"
"2026-10-10T12:02:03Z","soccer_epl","2026-10-10T14:00:00Z","Ipswich Town","Fulham","betinia_se","2026-10-10T12:01:24Z","h2h","Fulham","2.55"
"2026-10-10T12:02:03Z","soccer_epl","2026-10-10T14:00:00Z","Ipswich Town","Fulham","betinia_se","2026-10-10T12:01:24Z","h2h","Ipswich Town","2.75"
"2026-10-10T12:02:03Z","soccer_epl","2026-10-10T14:00:00Z","Ipswich Town","Fulham","betinia_se","2026-10-10T12:01:24Z","h2h","Draw","3.4"
"2026-10-10T12:02:03Z","soccer_epl","2026-10-10T14:00:00Z","Ipswich Town","Fulham","campobet_se","2026-10-10T12:01:23Z","h2h","Fulham","2.55"
"2026-10-10T12:02:03Z","soccer_epl","2026-10-10T14:00:00Z","Ipswich Town","Fulham","campobet_se","2026-10-10T12:01:23Z","h2h","Ipswich Town","2.75"
"2026-10-10T12:02:03Z","soccer_epl","2026-10-10T14:00:00Z","Ipswich Town","Fulham","campobet_se","2026-10-10T12:01:23Z","h2h","Draw","3.4"
"2026-10-10T12:02:03Z","soccer_epl","2026-10-10T14:00:00Z","Ipswich Town","Fulham","betfair_ex_eu","2026-10-10T12:01:57Z","h2h","Fulham","2.58"
"2026-10-10T12:02:03Z","soccer_epl","2026-10-10T14:00:00Z","Ipswich Town","Fulham","betfair_ex_eu","2026-10-10T12:01:57Z","h2h","Ipswich Town","2.94"
"2026-10-10T12:02:03Z","soccer_epl","2026-10-10T14:00:00Z","Ipswich Town","Fulham","betfair_ex_eu","2026-10-10T12:01:57Z","h2h","Draw","3.65"
"2026-10-10T12:02:03Z","soccer_epl","2026-10-10T14:00:00Z","Ipswich Town","Fulham","betfair_ex_eu","2026-10-10T12:01:57Z","h2h_lay","Fulham","2.6"
"2026-10-10T12:02:03Z","soccer_epl","2026-10-10T14:00:00Z","Ipswich Town","Fulham","betfair_ex_eu","2026-10-10T12:01:57Z","h2h_lay","Ipswich Town","2.96"
"2026-10-10T12:02:03Z","soccer_epl","2026-10-10T14:00:00Z","Ipswich Town","Fulham","betfair_ex_eu","2026-10-10T12:01:57Z","h2h_lay","Draw","3.7"
"2026-10-10T12:02:03Z","soccer_epl","2026-10-10T14:00:00Z","Ipswich Town","Fulham","tipico_de","2026-10-10T12:01:55Z","h2h","Fulham","2.4"
"2026-10-10T12:02:03Z","soccer_epl","2026-10-10T14:00:00Z","Ipswich Town","Fulham","tipico_de","2026-10-10T12:01:55Z","h2h","Ipswich Town","2.8"
"2026-10-10T12:02:03Z","soccer_epl","2026-10-10T14:00:00Z","Ipswich Town","Fulham","tipico_de","2026-10-10T12:01:55Z","h2h","Draw","3.5"
"2026-10-10T12:02:03Z","soccer_epl","2026-10-10T14:00:00Z","Ipswich Town","Fulham","pinnacle","2026-10-10T12:01:49Z","h2h","Fulham","2.55"
"2026-10-10T12:02:03Z","soccer_epl","2026-10-10T14:00:00Z","Ipswich Town","Fulham","pinnacle","2026-10-10T12:01:49Z","h2h","Ipswich Town","2.83"
"2026-10-10T12:02:03Z","soccer_epl","2026-10-10T14:00:00Z","Ipswich Town","Fulham","pinnacle","2026-10-10T12:01:49Z","h2h","Draw","3.55"
"2026-10-10T12:02:03Z","soccer_epl","2026-10-10T14:00:00Z","Ipswich Town","Fulham","betmgm_se","2026-10-10T12:01:24Z","h2h","Fulham","2.5"
"2026-10-10T12:02:03Z","soccer_epl","2026-10-10T14:00:00Z","Ipswich Town","Fulham","betmgm_se","2026-10-10T12:01:24Z","h2h","Ipswich Town","2.75"
"2026-10-10T12:02:03Z","soccer_epl","2026-10-10T14:00:00Z","Ipswich Town","Fulham","betmgm_se","2026-10-10T12:01:24Z","h2h","Draw","3.45"
"2026-10-10T12:02:03Z","soccer_epl","2026-10-10T14:00:00Z","Ipswich Town","Fulham","unibet_nl","2026-10-10T12:01:24Z","h2h","Fulham","2.55"
"2026-10-10T12:02:03Z","soccer_epl","2026-10-10T14:00:00Z","Ipswich Town","Fulham","unibet_nl","2026-10-10T12:01:24Z","h2h","Ipswich Town","2.8"
"2026-10-10T12:02:03Z","soccer_epl","2026-10-10T14:00:00Z","Ipswich Town","Fulham","unibet_nl","2026-10-10T12:01:24Z","h2h","Draw","3.6"
"2026-10-10T12:02:03Z","soccer_epl","2026-10-10T14:00:00Z","Ipswich Town","Fulham","svenskaspel_se","2026-10-10T12:01:23Z","h2h","Fulham","2.55"
"2026-10-10T12:02:03Z","soccer_epl","2026-10-10T14:00:00Z","Ipswich Town","Fulham","svenskaspel_se","2026-10-10T12:01:23Z","h2h","Ipswich Town","2.8"
"2026-10-10T12:02:03Z","soccer_epl","2026-10-10T14:00:00Z","Ipswich Town","Fulham","svenskaspel_se","2026-10-10T12:01:23Z","h2h","Draw","3.6"
"2026-10-10T12:02:03Z","soccer_epl","2026-10-10T14:00:00Z","Ipswich Town","Fulham","atg_se","2026-10-10T12:01:23Z","h2h","Fulham","2.55"
"2026-10-10T12:02:03Z","soccer_epl","2026-10-10T14:00:00Z","Ipswich Town","Fulham","atg_se","2026-10-10T12:01:23Z","h2h","Ipswich Town","2.8"
"2026-10-10T12:02:03Z","soccer_epl","2026-10-10T14:00:00Z","Ipswich Town","Fulham","atg_se","2026-10-10T12:01:23Z","h2h","Draw","3.6"
"2026-10-10T12:02:03Z","soccer_epl","2026-10-10T14:00:00Z","Ipswich Town","Fulham","leovegas_se","2026-10-10T12:01:26Z","h2h","Fulham","2.5"
"2026-10-10T12:02:03Z","soccer_epl","2026-10-10T14:00:00Z","Ipswich Town","Fulham","leovegas_se","2026-10-10T12:01:26Z","h2h","Ipswich Town","2.75"
"2026-10-10T12:02:03Z","soccer_epl","2026-10-10T14:00:00Z","Ipswich Town","Fulham","leovegas_se","2026-10-10T12:01:26Z","h2h","Draw","3.45"
"2026-10-10T12:02:03Z","soccer_epl","2026-10-10T14:00:00Z","Ipswich Town","Fulham","expekt_se","2026-10-10T12:01:23Z","h2h","Fulham","2.55"
"2026-10-10T12:02:03Z","soccer_epl","2026-10-10T14:00:00Z","Ipswich Town","Fulham","expekt_se","2026-10-10T12:01:23Z","h2h","Ipswich Town","2.8"
"2026-10-10T12:02:03Z","soccer_epl","2026-10-10T14:00:00Z","Ipswich Town","Fulham","expekt_se","2026-10-10T12:01:23Z","h2h","Draw","3.6"
"2026-10-10T12:02:03Z","soccer_epl","2026-10-10T14:00:00Z","Ipswich Town","Fulham","unibet_se","2026-10-10T12:01:55Z","h2h","Fulham","2.55"
"2026-10-10T12:02:03Z","soccer_epl","2026-10-10T14:00:00Z","Ipswich Town","Fulham","unibet_se","2026-10-10T12:01:55Z","h2h","Ipswich Town","2.8"
"2026-10-10T12:02:03Z","soccer_epl","2026-10-10T14:00:00Z","Ipswich Town","Fulham","unibet_se","2026-10-10T12:01:55Z","h2h","Draw","3.6"
"2026-10-10T12:02:03Z","soccer_epl","2026-10-10T14:00:00Z","Ipswich Town","Fulham","everygame","2026-10-10T12:00:33Z","h2h","Fulham","2.5"
"2026-10-10T12:02:03Z","soccer_epl","2026-10-10T14:00:00Z","Ipswich Town","Fulham","everygame","2026-10-10T12:00:33Z","h2h","Ipswich Town","2.75"
"2026-10-10T12:02:03Z","soccer_epl","2026-10-10T14:00:00Z","Ipswich Town","Fulham","everygame","2026-10-10T12:00:33Z","h2h","Draw","3.4"
"2026-10-10T12:02:03Z","soccer_epl","2026-10-10T14:00:00Z","Ipswich Town","Fulham","nordicbet","2026-10-10T12:01:55Z","h2h","Fulham","2.48"
"2026-10-10T12:02:03Z","soccer_epl","2026-10-10T14:00:00Z","Ipswich Town","Fulham","nordicbet","2026-10-10T12:01:55Z","h2h","Ipswich Town","2.8"
"2026-10-10T12:02:03Z","soccer_epl","2026-10-10T14:00:00Z","Ipswich Town","Fulham","nordicbet","2026-10-10T12:01:55Z","h2h","Draw","3.4"
"2026-10-10T12:02:03Z","soccer_epl","2026-10-10T14:00:00Z","Ipswich Town","Fulham","betsson","2026-10-10T12:01:24Z","h2h","Fulham","2.48"
"2026-10-10T12:02:03Z","soccer_epl","2026-10-10T14:00:00Z","Ipswich Town","Fulham","betsson","2026-10-10T12:01:24Z","h2h","Ipswich Town","2.8"
"2026-10-10T12:02:03Z","soccer_epl","2026-10-10T14:00:00Z","Ipswich Town","Fulham","betsson","2026-10-10T12:01:24Z","h2h","Draw","3.42"
"2026-10-10T12:02:03Z","soccer_epl","2026-10-10T14:00:00Z","Ipswich Town","Fulham","coolbet","2026-10-10T12:01:12Z","h2h","Fulham","2.53"
"2026-10-10T12:02:03Z","soccer_epl","2026-10-10T14:00:00Z","Ipswich Town","Fulham","coolbet","2026-10-10T12:01:12Z","h2h","Ipswich Town","2.89"
"2026-10-10T12:02:03Z","soccer_epl","2026-10-10T14:00:00Z","Ipswich Town","Fulham","coolbet","2026-10-10T12:01:12Z","h2h","Draw","3.58"
"2026-10-10T12:02:03Z","soccer_epl","2026-10-10T14:00:00Z","Ipswich Town","Fulham","betonlineag","2026-10-10T12:01:23Z","h2h","Fulham","2.52"
"2026-10-10T12:02:03Z","soccer_epl","2026-10-10T14:00:00Z","Ipswich Town","Fulham","betonlineag","2026-10-10T12:01:23Z","h2h","Ipswich Town","2.81"
"2026-10-10T12:02:03Z","soccer_epl","2026-10-10T14:00:00Z","Ipswich Town","Fulham","betonlineag","2026-10-10T12:01:23Z","h2h","Draw","3.55"
"2026-10-10T12:02:03Z","soccer_epl","2026-10-10T14:00:00Z","Ipswich Town","Fulham","matchbook","2026-10-10T12:01:55Z","h2h","Fulham","2.58"
"2026-10-10T12:02:03Z","soccer_epl","2026-10-10T14:00:00Z","Ipswich Town","Fulham","matchbook","2026-10-10T12:01:55Z","h2h","Ipswich Town","2.94"
"2026-10-10T12:02:03Z","soccer_epl","2026-10-10T14:00:00Z","Ipswich Town","Fulham","matchbook","2026-10-10T12:01:55Z","h2h","Draw","3.65"
"2026-10-10T12:02:03Z","soccer_epl","2026-10-10T14:00:00Z","Ipswich Town","Fulham","matchbook","2026-10-10T12:01:55Z","h2h_lay","Fulham","2.6"
"2026-10-10T12:02:03Z","soccer_epl","2026-10-10T14:00:00Z","Ipswich Town","Fulham","matchbook","2026-10-10T12:01:55Z","h2h_lay","Ipswich Town","2.96"
"2026-10-10T12:02:03Z","soccer_epl","2026-10-10T14:00:00Z","Ipswich Town","Fulham","matchbook","2026-10-10T12:01:55Z","h2h_lay","Draw","3.7"
"2026-10-10T12:02:03Z","soccer_epl","2026-10-10T14:00:00Z","Ipswich Town","Fulham","gtbets","2026-10-10T12:01:40Z","h2h","Fulham","2.52"
"2026-10-10T12:02:03Z","soccer_epl","2026-10-10T14:00:00Z","Ipswich Town","Fulham","gtbets","2026-10-10T12:01:40Z","h2h","Ipswich Town","2.72"
"2026-10-10T12:02:03Z","soccer_epl","2026-10-10T14:00:00Z","Ipswich Town","Fulham","gtbets","2026-10-10T12:01:40Z","h2h","Draw","3.5"
"2026-10-10T12:02:03Z","soccer_epl","2026-10-10T14:00:00Z","Ipswich Town","Fulham","betanysports","2026-10-10T12:01:44Z","h2h","Fulham","2.5"
"2026-10-10T12:02:03Z","soccer_epl","2026-10-10T14:00:00Z","Ipswich Town","Fulham","betanysports","2026-10-10T12:01:44Z","h2h","Ipswich Town","2.75"
"2026-10-10T12:02:03Z","soccer_epl","2026-10-10T14:00:00Z","Ipswich Town","Fulham","betanysports","2026-10-10T12:01:44Z","h2h","Draw","3.5"
"2026-10-10T12:02:03Z","soccer_efl_champ","2026-10-10T14:00:00Z","Blackburn Rovers","Cardiff City","codere_it","2026-10-10T12:01:42Z","h2h","Blackburn Rovers","2.85"
"2026-10-10T12:02:03Z","soccer_efl_champ","2026-10-10T14:00:00Z","Blackburn Rovers","Cardiff City","codere_it","2026-10-10T12:01:42Z","h2h","Cardiff City","2.33"
"2026-10-10T12:02:03Z","soccer_efl_champ","2026-10-10T14:00:00Z","Blackburn Rovers","Cardiff City","codere_it","2026-10-10T12:01:42Z","h2h","Draw","3.7"
"2026-10-10T12:02:03Z","soccer_efl_champ","2026-10-10T14:00:00Z","Blackburn Rovers","Cardiff City","betinia_se","2026-10-10T12:01:25Z","h2h","Blackburn Rovers","2.9"
"2026-10-10T12:02:03Z","soccer_efl_champ","2026-10-10T14:00:00Z","Blackburn Rovers","Cardiff City","betinia_se","2026-10-10T12:01:25Z","h2h","Cardiff City","2.33"
"2026-10-10T12:02:03Z","soccer_efl_champ","2026-10-10T14:00:00Z","Blackburn Rovers","Cardiff City","betinia_se","2026-10-10T12:01:25Z","h2h","Draw","3.6"
"2026-10-10T12:02:03Z","soccer_efl_champ","2026-10-10T14:00:00Z","Blackburn Rovers","Cardiff City","hajper_se","2026-10-10T12:01:25Z","h2h","Blackburn Rovers","2.85"
"2026-10-10T12:02:03Z","soccer_efl_champ","2026-10-10T14:00:00Z","Blackburn Rovers","Cardiff City","hajper_se","2026-10-10T12:01:25Z","h2h","Cardiff City","2.31"
"2026-10-10T12:02:03Z","soccer_efl_champ","2026-10-10T14:00:00Z","Blackburn Rovers","Cardiff City","hajper_se","2026-10-10T12:01:25Z","h2h","Draw","3.65"
"2026-10-10T12:02:03Z","soccer_efl_champ","2026-10-10T14:00:00Z","Blackburn Rovers","Cardiff City","campobet_se","2026-10-10T12:01:25Z","h2h","Blackburn Rovers","2.9"
"2026-10-10T12:02:03Z","soccer_efl_champ","2026-10-10T14:00:00Z","Blackburn Rovers","Cardiff City","campobet_se","2026-10-10T12:01:25Z","h2h","Cardiff City","2.33"
"2026-10-10T12:02:03Z","soccer_efl_champ","2026-10-10T14:00:00Z","Blackburn Rovers","Cardiff City","campobet_se","2026-10-10T12:01:25Z","h2h","Draw","3.6"
"2026-10-10T12:02:03Z","soccer_efl_champ","2026-10-10T14:00:00Z","Blackburn Rovers","Cardiff City","unibet_fr","2026-10-10T12:01:25Z","h2h","Blackburn Rovers","2.7"
"2026-10-10T12:02:03Z","soccer_efl_champ","2026-10-10T14:00:00Z","Blackburn Rovers","Cardiff City","unibet_fr","2026-10-10T12:01:25Z","h2h","Cardiff City","2.05"
"2026-10-10T12:02:03Z","soccer_efl_champ","2026-10-10T14:00:00Z","Blackburn Rovers","Cardiff City","unibet_fr","2026-10-10T12:01:25Z","h2h","Draw","3.45"
"2026-10-10T12:02:03Z","soccer_efl_champ","2026-10-10T14:00:00Z","Blackburn Rovers","Cardiff City","onexbet","2026-10-10T12:01:08Z","h2h","Blackburn Rovers","2.89"
"2026-10-10T12:02:03Z","soccer_efl_champ","2026-10-10T14:00:00Z","Blackburn Rovers","Cardiff City","onexbet","2026-10-10T12:01:08Z","h2h","Cardiff City","2.3"
"2026-10-10T12:02:03Z","soccer_efl_champ","2026-10-10T14:00:00Z","Blackburn Rovers","Cardiff City","onexbet","2026-10-10T12:01:08Z","h2h","Draw","3.46"
"2026-10-10T12:02:03Z","soccer_efl_champ","2026-10-10T14:00:00Z","Blackburn Rovers","Cardiff City","winamax_fr","2026-10-10T12:01:42Z","h2h","Blackburn Rovers","2.65"
"2026-10-10T12:02:03Z","soccer_efl_champ","2026-10-10T14:00:00Z","Blackburn Rovers","Cardiff City","winamax_fr","2026-10-10T12:01:42Z","h2h","Cardiff City","2.15"
"2026-10-10T12:02:03Z","soccer_efl_champ","2026-10-10T14:00:00Z","Blackburn Rovers","Cardiff City","winamax_fr","2026-10-10T12:01:42Z","h2h","Draw","3.55"
"2026-10-10T12:02:03Z","soccer_efl_champ","2026-10-10T14:00:00Z","Blackburn Rovers","Cardiff City","winamax_de","2026-10-10T12:01:45Z","h2h","Blackburn Rovers","2.7"
"2026-10-10T12:02:03Z","soccer_efl_champ","2026-10-10T14:00:00Z","Blackburn Rovers","Cardiff City","winamax_de","2026-10-10T12:01:45Z","h2h","Cardiff City","2.2"
"2026-10-10T12:02:03Z","soccer_efl_champ","2026-10-10T14:00:00Z","Blackburn Rovers","Cardiff City","winamax_de","2026-10-10T12:01:45Z","h2h","Draw","3.6"
"2026-10-10T12:02:03Z","soccer_efl_champ","2026-10-10T14:00:00Z","Blackburn Rovers","Cardiff City","betclic_fr","2026-10-10T12:01:02Z","h2h","Blackburn Rovers","2.77"
"2026-10-10T12:02:03Z","soccer_efl_champ","2026-10-10T14:00:00Z","Blackburn Rovers","Cardiff City","betclic_fr","2026-10-10T12:01:02Z","h2h","Cardiff City","2.18"
"2026-10-10T12:02:03Z","soccer_efl_champ","2026-10-10T14:00:00Z","Blackburn Rovers","Cardiff City","betclic_fr","2026-10-10T12:01:02Z","h2h","Draw","3.55"
"2026-10-10T12:02:03Z","soccer_efl_champ","2026-10-10T14:00:00Z","Blackburn Rovers","Cardiff City","sport888","2026-10-10T12:01:25Z","h2h","Blackburn Rovers","2.8"
"2026-10-10T12:02:03Z","soccer_efl_champ","2026-10-10T14:00:00Z","Blackburn Rovers","Cardiff City","sport888","2026-10-10T12:01:25Z","h2h","Cardiff City","2.3"
"2026-10-10T12:02:03Z","soccer_efl_champ","2026-10-10T14:00:00Z","Blackburn Rovers","Cardiff City","sport888","2026-10-10T12:01:25Z","h2h","Draw","3.4"
"2026-10-10T12:02:03Z","soccer_efl_champ","2026-10-10T14:00:00Z","Blackburn Rovers","Cardiff City","sport888_se","2026-10-10T12:01:40Z","h2h","Blackburn Rovers","2.8"
"2026-10-10T12:02:03Z","soccer_efl_champ","2026-10-10T14:00:00Z","Blackburn Rovers","Cardiff City","sport888_se","2026-10-10T12:01:40Z","h2h","Cardiff City","2.3"
"2026-10-10T12:02:03Z","soccer_efl_champ","2026-10-10T14:00:00Z","Blackburn Rovers","Cardiff City","sport888_se","2026-10-10T12:01:40Z","h2h","Draw","3.4"
"2026-10-10T12:02:03Z","soccer_efl_champ","2026-10-10T14:00:00Z","Blackburn Rovers","Cardiff City","mrgreen_se","2026-10-10T12:01:58Z","h2h","Blackburn Rovers","2.8"
"2026-10-10T12:02:03Z","soccer_efl_champ","2026-10-10T14:00:00Z","Blackburn Rovers","Cardiff City","mrgreen_se","2026-10-10T12:01:58Z","h2h","Cardiff City","2.3"
"2026-10-10T12:02:03Z","soccer_efl_champ","2026-10-10T14:00:00Z","Blackburn Rovers","Cardiff City","mrgreen_se","2026-10-10T12:01:58Z","h2h","Draw","3.4"
"2026-10-10T12:02:03Z","soccer_efl_champ","2026-10-10T14:00:00Z","Blackburn Rovers","Cardiff City","williamhill","2026-10-10T12:01:43Z","h2h","Blackburn Rovers","2.8"
"2026-10-10T12:02:03Z","soccer_efl_champ","2026-10-10T14:00:00Z","Blackburn Rovers","Cardiff City","williamhill","2026-10-10T12:01:43Z","h2h","Cardiff City","2.3"
"2026-10-10T12:02:03Z","soccer_efl_champ","2026-10-10T14:00:00Z","Blackburn Rovers","Cardiff City","williamhill","2026-10-10T12:01:43Z","h2h","Draw","3.4"
"2026-10-10T12:02:03Z","soccer_efl_champ","2026-10-10T14:00:00Z","Blackburn Rovers","Cardiff City","betfair_ex_eu","2026-10-10T12:02:02Z","h2h","Blackburn Rovers","3.0"
"2026-10-10T12:02:03Z","soccer_efl_champ","2026-10-10T14:00:00Z","Blackburn Rovers","Cardiff City","betfair_ex_eu","2026-10-10T12:02:02Z","h2h","Cardiff City","2.46"
"2026-10-10T12:02:03Z","soccer_efl_champ","2026-10-10T14:00:00Z","Blackburn Rovers","Cardiff City","betfair_ex_eu","2026-10-10T12:02:02Z","h2h","Draw","3.7"
"2026-10-10T12:02:03Z","soccer_efl_champ","2026-10-10T14:00:00Z","Blackburn Rovers","Cardiff City","betfair_ex_eu","2026-10-10T12:02:02Z","h2h_lay","Blackburn Rovers","3.05"
"2026-10-10T12:02:03Z","soccer_efl_champ","2026-10-10T14:00:00Z","Blackburn Rovers","Cardiff City","betfair_ex_eu","2026-10-10T12:02:02Z","h2h_lay","Cardiff City","2.5"
"2026-10-10T12:02:03Z","soccer_efl_champ","2026-10-10T14:00:00Z","Blackburn Rovers","Cardiff City","betfair_ex_eu","2026-10-10T12:02:02Z","h2h_lay","Draw","3.8"
"2026-10-10T12:02:03Z","soccer_efl_champ","2026-10-10T14:00:00Z","Blackburn Rovers","Cardiff City","tipico_de","2026-10-10T12:01:43Z","h2h","Blackburn Rovers","2.65"
"2026-10-10T12:02:03Z","soccer_efl_champ","2026-10-10T14:00:00Z","Blackburn Rovers","Cardiff City","tipico_de","2026-10-10T12:01:43Z","h2h","Cardiff City","2.35"
"2026-10-10T12:02:03Z","soccer_efl_champ","2026-10-10T14:00:00Z","Blackburn Rovers","Cardiff City","tipico_de","2026-10-10T12:01:43Z","h2h","Draw","3.5"
"2026-10-10T12:02:03Z","soccer_efl_champ","2026-10-10T14:00:00Z","Blackburn Rovers","Cardiff City","pinnacle","2026-10-10T12:01:58Z","h2h","Blackburn Rovers","2.98"
"2026-10-10T12:02:03Z","soccer_efl_champ","2026-10-10T14:00:00Z","Blackburn Rovers","Cardiff City","pinnacle","2026-10-10T12:01:58Z","h2h","Cardiff City","2.38"
"2026-10-10T12:02:03Z","soccer_efl_champ","2026-10-10T14:00:00Z","Blackburn Rovers","Cardiff City","pinnacle","2026-10-10T12:01:58Z","h2h","Draw","3.61"
"2026-10-10T12:02:03Z","soccer_efl_champ","2026-10-10T14:00:00Z","Blackburn Rovers","Cardiff City","nordicbet","2026-10-10T12:00:50Z","h2h","Blackburn Rovers","2.95"
"2026-10-10T12:02:03Z","soccer_efl_champ","2026-10-10T14:00:00Z","Blackburn Rovers","Cardiff City","nordicbet","2026-10-10T12:00:50Z","h2h","Cardiff City","2.32"
"2026-10-10T12:02:03Z","soccer_efl_champ","2026-10-10T14:00:00Z","Blackburn Rovers","Cardiff City","nordicbet","2026-10-10T12:00:50Z","h2h","Draw","3.48"
"2026-10-10T12:02:03Z","soccer_efl_champ","2026-10-10T14:00:00Z","Blackburn Rovers","Cardiff City","betsson","2026-10-10T12:01:26Z","h2h","Blackburn Rovers","2.95"
"2026-10-10T12:02:03Z","soccer_efl_champ","2026-10-10T14:00:00Z","Blackburn Rovers","Cardiff City","betsson","2026-10-10T12:01:26Z","h2h","Cardiff City","2.3"
"2026-10-10T12:02:03Z","soccer_efl_champ","2026-10-10T14:00:00Z","Blackburn Rovers","Cardiff City","betsson","2026-10-10T12:01:26Z","h2h","Draw","3.45"
"2026-10-10T12:02:03Z","soccer_efl_champ","2026-10-10T14:00:00Z","Blackburn Rovers","Cardiff City","coolbet","2026-10-10T12:01:09Z","h2h","Blackburn Rovers","2.85"
"2026-10-10T12:02:03Z","soccer_efl_champ","2026-10-10T14:00:00Z","Blackburn Rovers","Cardiff City","coolbet","2026-10-10T12:01:09Z","h2h","Cardiff City","2.35"
"2026-10-10T12:02:03Z","soccer_efl_champ","2026-10-10T14:00:00Z","Blackburn Rovers","Cardiff City","coolbet","2026-10-10T12:01:09Z","h2h","Draw","3.6"
"2026-10-10T12:02:03Z","soccer_efl_champ","2026-10-10T14:00:00Z","Blackburn Rovers","Cardiff City","unibet_nl","2026-10-10T12:01:42Z","h2h","Blackburn Rovers","2.8"
"2026-10-10T12:02:03Z","soccer_efl_champ","2026-10-10T14:00:00Z","Blackburn Rovers","Cardiff City","unibet_nl","2026-10-10T12:01:42Z","h2h","Cardiff City","2.32"
"2026-10-10T12:02:03Z","soccer_efl_champ","2026-10-10T14:00:00Z","Blackburn Rovers","Cardiff City","unibet_nl","2026-10-10T12:01:42Z","h2h","Draw","3.55"
"2026-10-10T12:02:03Z","soccer_efl_champ","2026-10-10T14:00:00Z","Blackburn Rovers","Cardiff City","leovegas_se","2026-10-10T12:01:41Z","h2h","Blackburn Rovers","2.88"
"2026-10-10T12:02:03Z","soccer_efl_champ","2026-10-10T14:00:00Z","Blackburn Rovers","Cardiff City","leovegas_se","2026-10-10T12:01:41Z","h2h","Cardiff City","2.38"
"2026-10-10T12:02:03Z","soccer_efl_champ","2026-10-10T14:00:00Z","Blackburn Rovers","Cardiff City","leovegas_se","2026-10-10T12:01:41Z","h2h","Draw","3.7"
"2026-10-10T12:02:03Z","soccer_efl_champ","2026-10-10T14:00:00Z","Blackburn Rovers","Cardiff City","unibet_se","2026-10-10T12:01:57Z","h2h","Blackburn Rovers","2.8"
"2026-10-10T12:02:03Z","soccer_efl_champ","2026-10-10T14:00:00Z","Blackburn Rovers","Cardiff City","unibet_se","2026-10-10T12:01:57Z","h2h","Cardiff City","2.32"
"2026-10-10T12:02:03Z","soccer_efl_champ","2026-10-10T14:00:00Z","Blackburn Rovers","Cardiff City","unibet_se","2026-10-10T12:01:57Z","h2h","Draw","3.55"
"2026-10-10T12:02:03Z","soccer_efl_champ","2026-10-10T14:00:00Z","Blackburn Rovers","Cardiff City","svenskaspel_se","2026-10-10T12:01:29Z","h2h","Blackburn Rovers","2.88"
"2026-10-10T12:02:03Z","soccer_efl_champ","2026-10-10T14:00:00Z","Blackburn Rovers","Cardiff City","svenskaspel_se","2026-10-10T12:01:29Z","h2h","Cardiff City","2.38"
"2026-10-10T12:02:03Z","soccer_efl_champ","2026-10-10T14:00:00Z","Blackburn Rovers","Cardiff City","svenskaspel_se","2026-10-10T12:01:29Z","h2h","Draw","3.7"
"2026-10-10T12:02:03Z","soccer_efl_champ","2026-10-10T14:00:00Z","Blackburn Rovers","Cardiff City","expekt_se","2026-10-10T12:01:25Z","h2h","Blackburn Rovers","2.8"
"2026-10-10T12:02:03Z","soccer_efl_champ","2026-10-10T14:00:00Z","Blackburn Rovers","Cardiff City","expekt_se","2026-10-10T12:01:25Z","h2h","Cardiff City","2.32"
"2026-10-10T12:02:03Z","soccer_efl_champ","2026-10-10T14:00:00Z","Blackburn Rovers","Cardiff City","expekt_se","2026-10-10T12:01:25Z","h2h","Draw","3.55"
"2026-10-10T12:02:03Z","soccer_efl_champ","2026-10-10T14:00:00Z","Blackburn Rovers","Cardiff City","atg_se","2026-10-10T12:01:59Z","h2h","Blackburn Rovers","2.88"
"2026-10-10T12:02:03Z","soccer_efl_champ","2026-10-10T14:00:00Z","Blackburn Rovers","Cardiff City","atg_se","2026-10-10T12:01:59Z","h2h","Cardiff City","2.38"
"2026-10-10T12:02:03Z","soccer_efl_champ","2026-10-10T14:00:00Z","Blackburn Rovers","Cardiff City","atg_se","2026-10-10T12:01:59Z","h2h","Draw","3.7"
"2026-10-10T12:02:03Z","soccer_efl_champ","2026-10-10T14:00:00Z","Blackburn Rovers","Cardiff City","betmgm_se","2026-10-10T12:01:25Z","h2h","Blackburn Rovers","2.75"
"2026-10-10T12:02:03Z","soccer_efl_champ","2026-10-10T14:00:00Z","Blackburn Rovers","Cardiff City","betmgm_se","2026-10-10T12:01:25Z","h2h","Cardiff City","2.28"
"2026-10-10T12:02:03Z","soccer_efl_champ","2026-10-10T14:00:00Z","Blackburn Rovers","Cardiff City","betmgm_se","2026-10-10T12:01:25Z","h2h","Draw","3.5"
"2026-10-10T12:02:03Z","soccer_efl_champ","2026-10-10T14:00:00Z","Blackburn Rovers","Cardiff City","matchbook","2026-10-10T12:01:57Z","h2h","Blackburn Rovers","3.0"
"2026-10-10T12:02:03Z","soccer_efl_champ","2026-10-10T14:00:00Z","Blackburn Rovers","Cardiff City","matchbook","2026-10-10T12:01:57Z","h2h","Cardiff City","2.46"
"2026-10-10T12:02:03Z","soccer_efl_champ","2026-10-10T14:00:00Z","Blackburn Rovers","Cardiff City","matchbook","2026-10-10T12:01:57Z","h2h","Draw","3.75"
"2026-10-10T12:02:03Z","soccer_efl_champ","2026-10-10T14:00:00Z","Blackburn Rovers","Cardiff City","matchbook","2026-10-10T12:01:57Z","h2h_lay","Blackburn Rovers","3.05"
"2026-10-10T12:02:03Z","soccer_efl_champ","2026-10-10T14:00:00Z","Blackburn Rovers","Cardiff City","matchbook","2026-10-10T12:01:57Z","h2h_lay","Cardiff City","2.5"
"2026-10-10T12:02:03Z","soccer_efl_champ","2026-10-10T14:00:00Z","Blackburn Rovers","Cardiff City","matchbook","2026-10-10T12:01:57Z","h2h_lay","Draw","3.8"
"2026-10-10T12:02:03Z","soccer_efl_champ","2026-10-10T14:00:00Z","Blackburn Rovers","Cardiff City","gtbets","2026-10-10T12:02:00Z","h2h","Blackburn Rovers","2.92"
"2026-10-10T12:02:03Z","soccer_efl_champ","2026-10-10T14:00:00Z","Blackburn Rovers","Cardiff City","gtbets","2026-10-10T12:02:00Z","h2h","Cardiff City","2.38"
"2026-10-10T12:02:03Z","soccer_efl_champ","2026-10-10T14:00:00Z","Blackburn Rovers","Cardiff City","gtbets","2026-10-10T12:02:00Z","h2h","Draw","3.55"
"2026-10-10T12:02:03Z","soccer_efl_champ","2026-10-10T14:00:00Z","Blackburn Rovers","Cardiff City","betonlineag","2026-10-10T12:01:25Z","h2h","Blackburn Rovers","2.85"
"2026-10-10T12:02:03Z","soccer_efl_champ","2026-10-10T14:00:00Z","Blackburn Rovers","Cardiff City","betonlineag","2026-10-10T12:01:25Z","h2h","Cardiff City","2.36"
"2026-10-10T12:02:03Z","soccer_efl_champ","2026-10-10T14:00:00Z","Blackburn Rovers","Cardiff City","betonlineag","2026-10-10T12:01:25Z","h2h","Draw","3.63"
"2026-10-10T12:02:03Z","soccer_efl_champ","2026-10-10T14:00:00Z","Bolton Wanderers","Stoke City","winamax_fr","2026-10-10T12:01:42Z","h2h","Bolton Wanderers","2.45"
"2026-10-10T12:02:03Z","soccer_efl_champ","2026-10-10T14:00:00Z","Bolton Wanderers","Stoke City","winamax_fr","2026-10-10T12:01:42Z","h2h","Stoke City","2.35"
"2026-10-10T12:02:03Z","soccer_efl_champ","2026-10-10T14:00:00Z","Bolton Wanderers","Stoke City","winamax_fr","2026-10-10T12:01:42Z","h2h","Draw","3.2"
"2026-10-10T12:02:03Z","soccer_efl_champ","2026-10-10T14:00:00Z","Bolton Wanderers","Stoke City","winamax_de","2026-10-10T12:01:45Z","h2h","Bolton Wanderers","2.55"
"2026-10-10T12:02:03Z","soccer_efl_champ","2026-10-10T14:00:00Z","Bolton Wanderers","Stoke City","winamax_de","2026-10-10T12:01:45Z","h2h","Stoke City","2.4"
"2026-10-10T12:02:03Z","soccer_efl_champ","2026-10-10T14:00:00Z","Bolton Wanderers","Stoke City","winamax_de","2026-10-10T12:01:45Z","h2h","Draw","3.35"
"2026-10-10T12:02:03Z","soccer_efl_champ","2026-10-10T14:00:00Z","Bolton Wanderers","Stoke City","betclic_fr","2026-10-10T12:01:02Z","h2h","Bolton Wanderers","2.62"
"2026-10-10T12:02:03Z","soccer_efl_champ","2026-10-10T14:00:00Z","Bolton Wanderers","Stoke City","betclic_fr","2026-10-10T12:01:02Z","h2h","Stoke City","2.12"
"2026-10-10T12:02:03Z","soccer_efl_champ","2026-10-10T14:00:00Z","Bolton Wanderers","Stoke City","betclic_fr","2026-10-10T12:01:02Z","h2h","Draw","3.32"
"2026-10-10T12:02:03Z","soccer_efl_champ","2026-10-10T14:00:00Z","Bolton Wanderers","Stoke City","codere_it","2026-10-10T12:01:42Z","h2h","Bolton Wanderers","2.7"
"2026-10-10T12:02:03Z","soccer_efl_champ","2026-10-10T14:00:00Z","Bolton Wanderers","Stoke City","codere_it","2026-10-10T12:01:42Z","h2h","Stoke City","2.55"
"2026-10-10T12:02:03Z","soccer_efl_champ","2026-10-10T14:00:00Z","Bolton Wanderers","Stoke City","codere_it","2026-10-10T12:01:42Z","h2h","Draw","3.45"
"2026-10-10T12:02:03Z","soccer_efl_champ","2026-10-10T14:00:00Z","Bolton Wanderers","Stoke City","betinia_se","2026-10-10T12:01:25Z","h2h","Bolton Wanderers","2.8"
"2026-10-10T12:02:03Z","soccer_efl_champ","2026-10-10T14:00:00Z","Bolton Wanderers","Stoke City","betinia_se","2026-10-10T12:01:25Z","h2h","Stoke City","2.6"
"2026-10-10T12:02:03Z","soccer_efl_champ","2026-10-10T14:00:00Z","Bolton Wanderers","Stoke City","betinia_se","2026-10-10T12:01:25Z","h2h","Draw","3.25"
"2026-10-10T12:02:03Z","soccer_efl_champ","2026-10-10T14:00:00Z","Bolton Wanderers","Stoke City","hajper_se","2026-10-10T12:01:25Z","h2h","Bolton Wanderers","2.7"
"2026-10-10T12:02:03Z","soccer_efl_champ","2026-10-10T14:00:00Z","Bolton Wanderers","Stoke City","hajper_se","2026-10-10T12:01:25Z","h2h","Stoke City","2.55"
"2026-10-10T12:02:03Z","soccer_efl_champ","2026-10-10T14:00:00Z","Bolton Wanderers","Stoke City","hajper_se","2026-10-10T12:01:25Z","h2h","Draw","3.4"
"2026-10-10T12:02:03Z","soccer_efl_champ","2026-10-10T14:00:00Z","Bolton Wanderers","Stoke City","onexbet","2026-10-10T12:01:08Z","h2h","Bolton Wanderers","2.71"
"2026-10-10T12:02:03Z","soccer_efl_champ","2026-10-10T14:00:00Z","Bolton Wanderers","Stoke City","onexbet","2026-10-10T12:01:08Z","h2h","Stoke City","2.52"
"2026-10-10T12:02:03Z","soccer_efl_champ","2026-10-10T14:00:00Z","Bolton Wanderers","Stoke City","onexbet","2026-10-10T12:01:08Z","h2h","Draw","3.24"
"2026-10-10T12:02:03Z","soccer_efl_champ","2026-10-10T14:00:00Z","Bolton Wanderers","Stoke City","unibet_fr","2026-10-10T12:01:25Z","h2h","Bolton Wanderers","2.55"
"2026-10-10T12:02:03Z","soccer_efl_champ","2026-10-10T14:00:00Z","Bolton Wanderers","Stoke City","unibet_fr","2026-10-10T12:01:25Z","h2h","Stoke City","2.25"
"2026-10-10T12:02:03Z","soccer_efl_champ","2026-10-10T14:00:00Z","Bolton Wanderers","Stoke City","unibet_fr","2026-10-10T12:01:25Z","h2h","Draw","3.25"
"2026-10-10T12:02:03Z","soccer_efl_champ","2026-10-10T14:00:00Z","Bolton Wanderers","Stoke City","campobet_se","2026-10-10T12:01:25Z","h2h","Bolton Wanderers","2.8"
"2026-10-10T12:02:03Z","soccer_efl_champ","2026-10-10T14:00:00Z","Bolton Wanderers","Stoke City","campobet_se","2026-10-10T12:01:25Z","h2h","Stoke City","2.6"
"2026-10-10T12:02:03Z","soccer_efl_champ","2026-10-10T14:00:00Z","Bolton Wanderers","Stoke City","campobet_se","2026-10-10T12:01:25Z","h2h","Draw","3.25"
"2026-10-10T12:02:03Z","soccer_efl_champ","2026-10-10T14:00:00Z","Bolton Wanderers","Stoke City","sport888","2026-10-10T12:01:25Z","h2h","Bolton Wanderers","2.7"
"2026-10-10T12:02:03Z","soccer_efl_champ","2026-10-10T14:00:00Z","Bolton Wanderers","Stoke City","sport888","2026-10-10T12:01:25Z","h2h","Stoke City","2.5"
"2026-10-10T12:02:03Z","soccer_efl_champ","2026-10-10T14:00:00Z","Bolton Wanderers","Stoke City","sport888","2026-10-10T12:01:25Z","h2h","Draw","3.1"
"2026-10-10T12:02:03Z","soccer_efl_champ","2026-10-10T14:00:00Z","Bolton Wanderers","Stoke City","sport888_se","2026-10-10T12:01:40Z","h2h","Bolton Wanderers","2.7"
"2026-10-10T12:02:03Z","soccer_efl_champ","2026-10-10T14:00:00Z","Bolton Wanderers","Stoke City","sport888_se","2026-10-10T12:01:40Z","h2h","Stoke City","2.5"
"2026-10-10T12:02:03Z","soccer_efl_champ","2026-10-10T14:00:00Z","Bolton Wanderers","Stoke City","sport888_se","2026-10-10T12:01:40Z","h2h","Draw","3.1"
"2026-10-10T12:02:03Z","soccer_efl_champ","2026-10-10T14:00:00Z","Bolton Wanderers","Stoke City","mrgreen_se","2026-10-10T12:01:58Z","h2h","Bolton Wanderers","2.7"
"2026-10-10T12:02:03Z","soccer_efl_champ","2026-10-10T14:00:00Z","Bolton Wanderers","Stoke City","mrgreen_se","2026-10-10T12:01:58Z","h2h","Stoke City","2.5"
"2026-10-10T12:02:03Z","soccer_efl_champ","2026-10-10T14:00:00Z","Bolton Wanderers","Stoke City","mrgreen_se","2026-10-10T12:01:58Z","h2h","Draw","3.1"
"2026-10-10T12:02:03Z","soccer_efl_champ","2026-10-10T14:00:00Z","Bolton Wanderers","Stoke City","williamhill","2026-10-10T12:01:43Z","h2h","Bolton Wanderers","2.7"
"2026-10-10T12:02:03Z","soccer_efl_champ","2026-10-10T14:00:00Z","Bolton Wanderers","Stoke City","williamhill","2026-10-10T12:01:43Z","h2h","Stoke City","2.5"
"2026-10-10T12:02:03Z","soccer_efl_champ","2026-10-10T14:00:00Z","Bolton Wanderers","Stoke City","williamhill","2026-10-10T12:01:43Z","h2h","Draw","3.1"
"2026-10-10T12:02:03Z","soccer_efl_champ","2026-10-10T14:00:00Z","Bolton Wanderers","Stoke City","betfair_ex_eu","2026-10-10T12:02:02Z","h2h","Bolton Wanderers","2.92"
"2026-10-10T12:02:03Z","soccer_efl_champ","2026-10-10T14:00:00Z","Bolton Wanderers","Stoke City","betfair_ex_eu","2026-10-10T12:02:02Z","h2h","Stoke City","2.66"
"2026-10-10T12:02:03Z","soccer_efl_champ","2026-10-10T14:00:00Z","Bolton Wanderers","Stoke City","betfair_ex_eu","2026-10-10T12:02:02Z","h2h","Draw","3.45"
"2026-10-10T12:02:03Z","soccer_efl_champ","2026-10-10T14:00:00Z","Bolton Wanderers","Stoke City","betfair_ex_eu","2026-10-10T12:02:02Z","h2h_lay","Bolton Wanderers","2.96"
"2026-10-10T12:02:03Z","soccer_efl_champ","2026-10-10T14:00:00Z","Bolton Wanderers","Stoke City","betfair_ex_eu","2026-10-10T12:02:02Z","h2h_lay","Stoke City","2.72"
"2026-10-10T12:02:03Z","soccer_efl_champ","2026-10-10T14:00:00Z","Bolton Wanderers","Stoke City","betfair_ex_eu","2026-10-10T12:02:02Z","h2h_lay","Draw","3.5"
"2026-10-10T12:02:03Z","soccer_efl_champ","2026-10-10T14:00:00Z","Bolton Wanderers","Stoke City","tipico_de","2026-10-10T12:01:43Z","h2h","Bolton Wanderers","2.8"
"2026-10-10T12:02:03Z","soccer_efl_champ","2026-10-10T14:00:00Z","Bolton Wanderers","Stoke City","tipico_de","2026-10-10T12:01:43Z","h2h","Stoke City","2.35"
"2026-10-10T12:02:03Z","soccer_efl_champ","2026-10-10T14:00:00Z","Bolton Wanderers","Stoke City","tipico_de","2026-10-10T12:01:43Z","h2h","Draw","3.3"
"2026-10-10T12:02:03Z","soccer_efl_champ","2026-10-10T14:00:00Z","Bolton Wanderers","Stoke City","nordicbet","2026-10-10T12:00:50Z","h2h","Bolton Wanderers","2.81"
"2026-10-10T12:02:03Z","soccer_efl_champ","2026-10-10T14:00:00Z","Bolton Wanderers","Stoke City","nordicbet","2026-10-10T12:00:50Z","h2h","Stoke City","2.51"
"2026-10-10T12:02:03Z","soccer_efl_champ","2026-10-10T14:00:00Z","Bolton Wanderers","Stoke City","nordicbet","2026-10-10T12:00:50Z","h2h","Draw","3.29"
"2026-10-10T12:02:03Z","soccer_efl_champ","2026-10-10T14:00:00Z","Bolton Wanderers","Stoke City","betsson","2026-10-10T12:01:26Z","h2h","Bolton Wanderers","2.8"
"2026-10-10T12:02:03Z","soccer_efl_champ","2026-10-10T14:00:00Z","Bolton Wanderers","Stoke City","betsson","2026-10-10T12:01:26Z","h2h","Stoke City","2.5"
"2026-10-10T12:02:03Z","soccer_efl_champ","2026-10-10T14:00:00Z","Bolton Wanderers","Stoke City","betsson","2026-10-10T12:01:26Z","h2h","Draw","3.25"
"2026-10-10T12:02:03Z","soccer_efl_champ","2026-10-10T14:00:00Z","Bolton Wanderers","Stoke City","pinnacle","2026-10-10T12:01:58Z","h2h","Bolton Wanderers","2.84"
"2026-10-10T12:02:03Z","soccer_efl_champ","2026-10-10T14:00:00Z","Bolton Wanderers","Stoke City","pinnacle","2026-10-10T12:01:58Z","h2h","Stoke City","2.63"
"2026-10-10T12:02:03Z","soccer_efl_champ","2026-10-10T14:00:00Z","Bolton Wanderers","Stoke City","pinnacle","2026-10-10T12:01:58Z","h2h","Draw","3.34"
"2026-10-10T12:02:03Z","soccer_efl_champ","2026-10-10T14:00:00Z","Bolton Wanderers","Stoke City","coolbet","2026-10-10T12:01:09Z","h2h","Bolton Wanderers","2.7"
"2026-10-10T12:02:03Z","soccer_efl_champ","2026-10-10T14:00:00Z","Bolton Wanderers","Stoke City","coolbet","2026-10-10T12:01:09Z","h2h","Stoke City","2.55"
"2026-10-10T12:02:03Z","soccer_efl_champ","2026-10-10T14:00:00Z","Bolton Wanderers","Stoke City","coolbet","2026-10-10T12:01:09Z","h2h","Draw","3.5"
"2026-10-10T12:02:03Z","soccer_efl_champ","2026-10-10T14:00:00Z","Bolton Wanderers","Stoke City","atg_se","2026-10-10T12:02:00Z","h2h","Bolton Wanderers","2.65"
"2026-10-10T12:02:03Z","soccer_efl_champ","2026-10-10T14:00:00Z","Bolton Wanderers","Stoke City","atg_se","2026-10-10T12:02:00Z","h2h","Stoke City","2.7"
"2026-10-10T12:02:03Z","soccer_efl_champ","2026-10-10T14:00:00Z","Bolton Wanderers","Stoke City","atg_se","2026-10-10T12:02:00Z","h2h","Draw","3.45"
"2026-10-10T12:02:03Z","soccer_efl_champ","2026-10-10T14:00:00Z","Bolton Wanderers","Stoke City","unibet_nl","2026-10-10T12:01:42Z","h2h","Bolton Wanderers","2.55"
"2026-10-10T12:02:03Z","soccer_efl_champ","2026-10-10T14:00:00Z","Bolton Wanderers","Stoke City","unibet_nl","2026-10-10T12:01:42Z","h2h","Stoke City","2.6"
"2026-10-10T12:02:03Z","soccer_efl_champ","2026-10-10T14:00:00Z","Bolton Wanderers","Stoke City","unibet_nl","2026-10-10T12:01:42Z","h2h","Draw","3.35"
"2026-10-10T12:02:03Z","soccer_efl_champ","2026-10-10T14:00:00Z","Bolton Wanderers","Stoke City","betmgm_se","2026-10-10T12:01:25Z","h2h","Bolton Wanderers","2.55"
"2026-10-10T12:02:03Z","soccer_efl_champ","2026-10-10T14:00:00Z","Bolton Wanderers","Stoke City","betmgm_se","2026-10-10T12:01:25Z","h2h","Stoke City","2.55"
"2026-10-10T12:02:03Z","soccer_efl_champ","2026-10-10T14:00:00Z","Bolton Wanderers","Stoke City","betmgm_se","2026-10-10T12:01:25Z","h2h","Draw","3.3"
"2026-10-10T12:02:03Z","soccer_efl_champ","2026-10-10T14:00:00Z","Bolton Wanderers","Stoke City","svenskaspel_se","2026-10-10T12:01:29Z","h2h","Bolton Wanderers","2.65"
"2026-10-10T12:02:03Z","soccer_efl_champ","2026-10-10T14:00:00Z","Bolton Wanderers","Stoke City","svenskaspel_se","2026-10-10T12:01:29Z","h2h","Stoke City","2.7"
"2026-10-10T12:02:03Z","soccer_efl_champ","2026-10-10T14:00:00Z","Bolton Wanderers","Stoke City","svenskaspel_se","2026-10-10T12:01:29Z","h2h","Draw","3.45"
"2026-10-10T12:02:03Z","soccer_efl_champ","2026-10-10T14:00:00Z","Bolton Wanderers","Stoke City","leovegas_se","2026-10-10T12:01:41Z","h2h","Bolton Wanderers","2.65"
"2026-10-10T12:02:03Z","soccer_efl_champ","2026-10-10T14:00:00Z","Bolton Wanderers","Stoke City","leovegas_se","2026-10-10T12:01:41Z","h2h","Stoke City","2.7"
"2026-10-10T12:02:03Z","soccer_efl_champ","2026-10-10T14:00:00Z","Bolton Wanderers","Stoke City","leovegas_se","2026-10-10T12:01:41Z","h2h","Draw","3.45"
"2026-10-10T12:02:03Z","soccer_efl_champ","2026-10-10T14:00:00Z","Bolton Wanderers","Stoke City","expekt_se","2026-10-10T12:01:25Z","h2h","Bolton Wanderers","2.55"
"2026-10-10T12:02:03Z","soccer_efl_champ","2026-10-10T14:00:00Z","Bolton Wanderers","Stoke City","expekt_se","2026-10-10T12:01:25Z","h2h","Stoke City","2.6"
"2026-10-10T12:02:03Z","soccer_efl_champ","2026-10-10T14:00:00Z","Bolton Wanderers","Stoke City","expekt_se","2026-10-10T12:01:25Z","h2h","Draw","3.35"
"2026-10-10T12:02:03Z","soccer_efl_champ","2026-10-10T14:00:00Z","Bolton Wanderers","Stoke City","unibet_se","2026-10-10T12:01:57Z","h2h","Bolton Wanderers","2.55"
"2026-10-10T12:02:03Z","soccer_efl_champ","2026-10-10T14:00:00Z","Bolton Wanderers","Stoke City","unibet_se","2026-10-10T12:01:57Z","h2h","Stoke City","2.6"
"2026-10-10T12:02:03Z","soccer_efl_champ","2026-10-10T14:00:00Z","Bolton Wanderers","Stoke City","unibet_se","2026-10-10T12:01:57Z","h2h","Draw","3.35"
"2026-10-10T12:02:03Z","soccer_efl_champ","2026-10-10T14:00:00Z","Bolton Wanderers","Stoke City","matchbook","2026-10-10T12:01:57Z","h2h","Bolton Wanderers","2.92"
"2026-10-10T12:02:03Z","soccer_efl_champ","2026-10-10T14:00:00Z","Bolton Wanderers","Stoke City","matchbook","2026-10-10T12:01:57Z","h2h","Stoke City","2.7"
"2026-10-10T12:02:03Z","soccer_efl_champ","2026-10-10T14:00:00Z","Bolton Wanderers","Stoke City","matchbook","2026-10-10T12:01:57Z","h2h","Draw","3.45"
"2026-10-10T12:02:03Z","soccer_efl_champ","2026-10-10T14:00:00Z","Bolton Wanderers","Stoke City","matchbook","2026-10-10T12:01:57Z","h2h_lay","Bolton Wanderers","2.96"
"2026-10-10T12:02:03Z","soccer_efl_champ","2026-10-10T14:00:00Z","Bolton Wanderers","Stoke City","matchbook","2026-10-10T12:01:57Z","h2h_lay","Stoke City","2.72"
"2026-10-10T12:02:03Z","soccer_efl_champ","2026-10-10T14:00:00Z","Bolton Wanderers","Stoke City","matchbook","2026-10-10T12:01:57Z","h2h_lay","Draw","3.5"
"2026-10-10T12:02:03Z","soccer_efl_champ","2026-10-10T14:00:00Z","Bolton Wanderers","Stoke City","gtbets","2026-10-10T12:02:00Z","h2h","Bolton Wanderers","2.7"
"2026-10-10T12:02:03Z","soccer_efl_champ","2026-10-10T14:00:00Z","Bolton Wanderers","Stoke City","gtbets","2026-10-10T12:02:00Z","h2h","Stoke City","2.53"
"2026-10-10T12:02:03Z","soccer_efl_champ","2026-10-10T14:00:00Z","Bolton Wanderers","Stoke City","gtbets","2026-10-10T12:02:00Z","h2h","Draw","3.4"
"2026-10-10T12:02:03Z","soccer_efl_champ","2026-10-10T14:00:00Z","Bolton Wanderers","Stoke City","betonlineag","2026-10-10T12:01:25Z","h2h","Bolton Wanderers","2.78"
"2026-10-10T12:02:03Z","soccer_efl_champ","2026-10-10T14:00:00Z","Bolton Wanderers","Stoke City","betonlineag","2026-10-10T12:01:25Z","h2h","Stoke City","2.55"
"2026-10-10T12:02:03Z","soccer_efl_champ","2026-10-10T14:00:00Z","Bolton Wanderers","Stoke City","betonlineag","2026-10-10T12:01:25Z","h2h","Draw","3.35"
"2026-10-10T12:02:03Z","soccer_efl_champ","2026-10-10T14:00:00Z","Watford","Burnley","winamax_fr","2026-10-10T12:01:42Z","h2h","Burnley","2.4"
"2026-10-10T12:02:03Z","soccer_efl_champ","2026-10-10T14:00:00Z","Watford","Burnley","winamax_fr","2026-10-10T12:01:42Z","h2h","Watford","2.45"
"2026-10-10T12:02:03Z","soccer_efl_champ","2026-10-10T14:00:00Z","Watford","Burnley","winamax_fr","2026-10-10T12:01:42Z","h2h","Draw","3.4"
"2026-10-10T12:02:03Z","soccer_efl_champ","2026-10-10T14:00:00Z","Watford","Burnley","betclic_fr","2026-10-10T12:01:02Z","h2h","Burnley","2.4"
"2026-10-10T12:02:03Z","soccer_efl_champ","2026-10-10T14:00:00Z","Watford","Burnley","betclic_fr","2026-10-10T12:01:02Z","h2h","Watford","2.57"
"2026-10-10T12:02:03Z","soccer_efl_champ","2026-10-10T14:00:00Z","Watford","Burnley","betclic_fr","2026-10-10T12:01:02Z","h2h","Draw","3.42"
"2026-10-10T12:02:03Z","soccer_efl_champ","2026-10-10T14:00:00Z","Watford","Burnley","betinia_se","2026-10-10T12:01:25Z","h2h","Burnley","2.57"
"2026-10-10T12:02:03Z","soccer_efl_champ","2026-10-10T14:00:00Z","Watford","Burnley","betinia_se","2026-10-10T12:01:25Z","h2h","Watford","2.67"
"2026-10-10T12:02:03Z","soccer_efl_champ","2026-10-10T14:00:00Z","Watford","Burnley","betinia_se","2026-10-10T12:01:25Z","h2h","Draw","3.5"
"2026-10-10T12:02:03Z","soccer_efl_champ","2026-10-10T14:00:00Z","Watford","Burnley","codere_it","2026-10-10T12:01:42Z","h2h","Burnley","2.55"
"2026-10-10T12:02:03Z","soccer_efl_champ","2026-10-10T14:00:00Z","Watford","Burnley","codere_it","2026-10-10T12:01:42Z","h2h","Watford","2.65"
"2026-10-10T12:02:03Z","soccer_efl_champ","2026-10-10T14:00:00Z","Watford","Burnley","codere_it","2026-10-10T12:01:42Z","h2h","Draw","3.55"
"2026-10-10T12:02:03Z","soccer_efl_champ","2026-10-10T14:00:00Z","Watford","Burnley","hajper_se","2026-10-10T12:01:25Z","h2h","Burnley","2.55"
"2026-10-10T12:02:03Z","soccer_efl_champ","2026-10-10T14:00:00Z","Watford","Burnley","hajper_se","2026-10-10T12:01:25Z","h2h","Watford","2.6"
"2026-10-10T12:02:03Z","soccer_efl_champ","2026-10-10T14:00:00Z","Watford","Burnley","hajper_se","2026-10-10T12:01:25Z","h2h","Draw","3.5"
"2026-10-10T12:02:03Z","soccer_efl_champ","2026-10-10T14:00:00Z","Watford","Burnley","onexbet","2026-10-10T12:01:08Z","h2h","Burnley","2.43"
"2026-10-10T12:02:03Z","soccer_efl_champ","2026-10-10T14:00:00Z","Watford","Burnley","onexbet","2026-10-10T12:01:08Z","h2h","Watford","2.69"
"2026-10-10T12:02:03Z","soccer_efl_champ","2026-10-10T14:00:00Z","Watford","Burnley","onexbet","2026-10-10T12:01:08Z","h2h","Draw","3.42"
"2026-10-10T12:02:03Z","soccer_efl_champ","2026-10-10T14:00:00Z","Watford","Burnley","campobet_se","2026-10-10T12:01:25Z","h2h","Burnley","2.57"
"2026-10-10T12:02:03Z","soccer_efl_champ","2026-10-10T14:00:00Z","Watford","Burnley","campobet_se","2026-10-10T12:01:25Z","h2h","Watford","2.67"
"2026-10-10T12:02:03Z","soccer_efl_champ","2026-10-10T14:00:00Z","Watford","Burnley","campobet_se","2026-10-10T12:01:25Z","h2h","Draw","3.5"
"2026-10-10T12:02:03Z","soccer_efl_champ","2026-10-10T14:00:00Z","Watford","Burnley","unibet_fr","2026-10-10T12:01:25Z","h2h","Burnley","2.25"
"2026-10-10T12:02:03Z","soccer_efl_champ","2026-10-10T14:00:00Z","Watford","Burnley","unibet_fr","2026-10-10T12:01:25Z","h2h","Watford","2.5"
"2026-10-10T12:02:03Z","soccer_efl_champ","2026-10-10T14:00:00Z","Watford","Burnley","unibet_fr","2026-10-10T12:01:25Z","h2h","Draw","3.35"
"2026-10-10T12:02:03Z","soccer_efl_champ","2026-10-10T14:00:00Z","Watford","Burnley","sport888","2026-10-10T12:01:25Z","h2h","Burnley","2.5"
"2026-10-10T12:02:03Z","soccer_efl_champ","2026-10-10T14:00:00Z","Watford","Burnley","sport888","2026-10-10T12:01:25Z","h2h","Watford","2.6"
"2026-10-10T12:02:03Z","soccer_efl_champ","2026-10-10T14:00:00Z","Watford","Burnley","sport888","2026-10-10T12:01:25Z","h2h","Draw","3.4"
"2026-10-10T12:02:03Z","soccer_efl_champ","2026-10-10T14:00:00Z","Watford","Burnley","sport888_se","2026-10-10T12:01:40Z","h2h","Burnley","2.5"
"2026-10-10T12:02:03Z","soccer_efl_champ","2026-10-10T14:00:00Z","Watford","Burnley","sport888_se","2026-10-10T12:01:40Z","h2h","Watford","2.6"
"2026-10-10T12:02:03Z","soccer_efl_champ","2026-10-10T14:00:00Z","Watford","Burnley","sport888_se","2026-10-10T12:01:40Z","h2h","Draw","3.4"
"2026-10-10T12:02:03Z","soccer_efl_champ","2026-10-10T14:00:00Z","Watford","Burnley","mrgreen_se","2026-10-10T12:01:58Z","h2h","Burnley","2.5"
"2026-10-10T12:02:03Z","soccer_efl_champ","2026-10-10T14:00:00Z","Watford","Burnley","mrgreen_se","2026-10-10T12:01:58Z","h2h","Watford","2.6"
"2026-10-10T12:02:03Z","soccer_efl_champ","2026-10-10T14:00:00Z","Watford","Burnley","mrgreen_se","2026-10-10T12:01:58Z","h2h","Draw","3.4"
"2026-10-10T12:02:03Z","soccer_efl_champ","2026-10-10T14:00:00Z","Watford","Burnley","williamhill","2026-10-10T12:01:43Z","h2h","Burnley","2.5"
"2026-10-10T12:02:03Z","soccer_efl_champ","2026-10-10T14:00:00Z","Watford","Burnley","williamhill","2026-10-10T12:01:43Z","h2h","Watford","2.6"
"2026-10-10T12:02:03Z","soccer_efl_champ","2026-10-10T14:00:00Z","Watford","Burnley","williamhill","2026-10-10T12:01:43Z","h2h","Draw","3.4"
"2026-10-10T12:02:03Z","soccer_efl_champ","2026-10-10T14:00:00Z","Watford","Burnley","betfair_ex_eu","2026-10-10T12:02:02Z","h2h","Burnley","2.64"
"2026-10-10T12:02:03Z","soccer_efl_champ","2026-10-10T14:00:00Z","Watford","Burnley","betfair_ex_eu","2026-10-10T12:02:02Z","h2h","Watford","2.82"
"2026-10-10T12:02:03Z","soccer_efl_champ","2026-10-10T14:00:00Z","Watford","Burnley","betfair_ex_eu","2026-10-10T12:02:02Z","h2h","Draw","3.6"
"2026-10-10T12:02:03Z","soccer_efl_champ","2026-10-10T14:00:00Z","Watford","Burnley","betfair_ex_eu","2026-10-10T12:02:02Z","h2h_lay","Burnley","2.66"
"2026-10-10T12:02:03Z","soccer_efl_champ","2026-10-10T14:00:00Z","Watford","Burnley","betfair_ex_eu","2026-10-10T12:02:02Z","h2h_lay","Watford","2.86"
"2026-10-10T12:02:03Z","soccer_efl_champ","2026-10-10T14:00:00Z","Watford","Burnley","betfair_ex_eu","2026-10-10T12:02:02Z","h2h_lay","Draw","3.7"
"2026-10-10T12:02:03Z","soccer_efl_champ","2026-10-10T14:00:00Z","Watford","Burnley","tipico_de","2026-10-10T12:01:43Z","h2h","Burnley","2.55"
"2026-10-10T12:02:03Z","soccer_efl_champ","2026-10-10T14:00:00Z","Watford","Burnley","tipico_de","2026-10-10T12:01:43Z","h2h","Watford","2.45"
"2026-10-10T12:02:03Z","soccer_efl_champ","2026-10-10T14:00:00Z","Watford","Burnley","tipico_de","2026-10-10T12:01:43Z","h2h","Draw","3.5"
"2026-10-10T12:02:03Z","soccer_efl_champ","2026-10-10T14:00:00Z","Watford","Burnley","pinnacle","2026-10-10T12:01:59Z","h2h","Burnley","2.6"
"2026-10-10T12:02:03Z","soccer_efl_champ","2026-10-10T14:00:00Z","Watford","Burnley","pinnacle","2026-10-10T12:01:59Z","h2h","Watford","2.68"
"2026-10-10T12:02:03Z","soccer_efl_champ","2026-10-10T14:00:00Z","Watford","Burnley","pinnacle","2026-10-10T12:01:59Z","h2h","Draw","3.63"
"2026-10-10T12:02:03Z","soccer_efl_champ","2026-10-10T14:00:00Z","Watford","Burnley","betsson","2026-10-10T12:01:26Z","h2h","Burnley","2.55"
"2026-10-10T12:02:03Z","soccer_efl_champ","2026-10-10T14:00:00Z","Watford","Burnley","betsson","2026-10-10T12:01:26Z","h2h","Watford","2.6"
"2026-10-10T12:02:03Z","soccer_efl_champ","2026-10-10T14:00:00Z","Watford","Burnley","betsson","2026-10-10T12:01:26Z","h2h","Draw","3.45"
"2026-10-10T12:02:03Z","soccer_efl_champ","2026-10-10T14:00:00Z","Watford","Burnley","nordicbet","2026-10-10T12:00:50Z","h2h","Burnley","2.57"
"2026-10-10T12:02:03Z","soccer_efl_champ","2026-10-10T14:00:00Z","Watford","Burnley","nordicbet","2026-10-10T12:00:50Z","h2h","Watford","2.62"
"2026-10-10T12:02:03Z","soccer_efl_champ","2026-10-10T14:00:00Z","Watford","Burnley","nordicbet","2026-10-10T12:00:50Z","h2h","Draw","3.49"
"2026-10-10T12:02:03Z","soccer_efl_champ","2026-10-10T14:00:00Z","Watford","Burnley","coolbet","2026-10-10T12:01:09Z","h2h","Burnley","2.5"
"2026-10-10T12:02:03Z","soccer_efl_champ","2026-10-10T14:00:00Z","Watford","Burnley","coolbet","2026-10-10T12:01:09Z","h2h","Watford","2.7"
"2026-10-10T12:02:03Z","soccer_efl_champ","2026-10-10T14:00:00Z","Watford","Burnley","coolbet","2026-10-10T12:01:09Z","h2h","Draw","3.6"
"2026-10-10T12:02:03Z","soccer_efl_champ","2026-10-10T14:00:00Z","Watford","Burnley","atg_se","2026-10-10T12:01:59Z","h2h","Burnley","2.48"
"2026-10-10T12:02:03Z","soccer_efl_champ","2026-10-10T14:00:00Z","Watford","Burnley","atg_se","2026-10-10T12:01:59Z","h2h","Watford","2.85"
"2026-10-10T12:02:03Z","soccer_efl_champ","2026-10-10T14:00:00Z","Watford","Burnley","atg_se","2026-10-10T12:01:59Z","h2h","Draw","3.55"
"2026-10-10T12:02:03Z","soccer_efl_champ","2026-10-10T14:00:00Z","Watford","Burnley","unibet_nl","2026-10-10T12:01:42Z","h2h","Burnley","2.4"
"2026-10-10T12:02:03Z","soccer_efl_champ","2026-10-10T14:00:00Z","Watford","Burnley","unibet_nl","2026-10-10T12:01:42Z","h2h","Watford","2.75"
"2026-10-10T12:02:03Z","soccer_efl_champ","2026-10-10T14:00:00Z","Watford","Burnley","unibet_nl","2026-10-10T12:01:42Z","h2h","Draw","3.45"
"2026-10-10T12:02:03Z","soccer_efl_champ","2026-10-10T14:00:00Z","Watford","Burnley","svenskaspel_se","2026-10-10T12:01:29Z","h2h","Burnley","2.48"
"2026-10-10T12:02:03Z","soccer_efl_champ","2026-10-10T14:00:00Z","Watford","Burnley","svenskaspel_se","2026-10-10T12:01:29Z","h2h","Watford","2.85"
"2026-10-10T12:02:03Z","soccer_efl_champ","2026-10-10T14:00:00Z","Watford","Burnley","svenskaspel_se","2026-10-10T12:01:29Z","h2h","Draw","3.55"
"2026-10-10T12:02:03Z","soccer_efl_champ","2026-10-10T14:00:00Z","Watford","Burnley","betmgm_se","2026-10-10T12:01:25Z","h2h","Burnley","2.38"
"2026-10-10T12:02:03Z","soccer_efl_champ","2026-10-10T14:00:00Z","Watford","Burnley","betmgm_se","2026-10-10T12:01:25Z","h2h","Watford","2.7"
"2026-10-10T12:02:03Z","soccer_efl_champ","2026-10-10T14:00:00Z","Watford","Burnley","betmgm_se","2026-10-10T12:01:25Z","h2h","Draw","3.35"
"2026-10-10T12:02:03Z","soccer_efl_champ","2026-10-10T14:00:00Z","Watford","Burnley","unibet_se","2026-10-10T12:01:57Z","h2h","Burnley","2.4"
"2026-10-10T12:02:03Z","soccer_efl_champ","2026-10-10T14:00:00Z","Watford","Burnley","unibet_se","2026-10-10T12:01:57Z","h2h","Watford","2.75"
"2026-10-10T12:02:03Z","soccer_efl_champ","2026-10-10T14:00:00Z","Watford","Burnley","unibet_se","2026-10-10T12:01:57Z","h2h","Draw","3.45"
"2026-10-10T12:02:03Z","soccer_efl_champ","2026-10-10T14:00:00Z","Watford","Burnley","leovegas_se","2026-10-10T12:01:41Z","h2h","Burnley","2.48"
"2026-10-10T12:02:03Z","soccer_efl_champ","2026-10-10T14:00:00Z","Watford","Burnley","leovegas_se","2026-10-10T12:01:41Z","h2h","Watford","2.85"
"2026-10-10T12:02:03Z","soccer_efl_champ","2026-10-10T14:00:00Z","Watford","Burnley","leovegas_se","2026-10-10T12:01:41Z","h2h","Draw","3.55"
"2026-10-10T12:02:03Z","soccer_efl_champ","2026-10-10T14:00:00Z","Watford","Burnley","expekt_se","2026-10-10T12:01:25Z","h2h","Burnley","2.4"
"2026-10-10T12:02:03Z","soccer_efl_champ","2026-10-10T14:00:00Z","Watford","Burnley","expekt_se","2026-10-10T12:01:25Z","h2h","Watford","2.75"
"2026-10-10T12:02:03Z","soccer_efl_champ","2026-10-10T14:00:00Z","Watford","Burnley","expekt_se","2026-10-10T12:01:25Z","h2h","Draw","3.45"
"2026-10-10T12:02:03Z","soccer_efl_champ","2026-10-10T14:00:00Z","Watford","Burnley","matchbook","2026-10-10T12:01:57Z","h2h","Burnley","2.64"
"2026-10-10T12:02:03Z","soccer_efl_champ","2026-10-10T14:00:00Z","Watford","Burnley","matchbook","2026-10-10T12:01:57Z","h2h","Watford","2.82"
"2026-10-10T12:02:03Z","soccer_efl_champ","2026-10-10T14:00:00Z","Watford","Burnley","matchbook","2026-10-10T12:01:57Z","h2h","Draw","3.6"
"2026-10-10T12:02:03Z","soccer_efl_champ","2026-10-10T14:00:00Z","Watford","Burnley","matchbook","2026-10-10T12:01:57Z","h2h_lay","Burnley","2.66"
"2026-10-10T12:02:03Z","soccer_efl_champ","2026-10-10T14:00:00Z","Watford","Burnley","matchbook","2026-10-10T12:01:57Z","h2h_lay","Watford","2.86"
"2026-10-10T12:02:03Z","soccer_efl_champ","2026-10-10T14:00:00Z","Watford","Burnley","matchbook","2026-10-10T12:01:57Z","h2h_lay","Draw","3.7"
"2026-10-10T12:02:03Z","soccer_efl_champ","2026-10-10T14:00:00Z","Watford","Burnley","gtbets","2026-10-10T12:02:00Z","h2h","Burnley","2.44"
"2026-10-10T12:02:03Z","soccer_efl_champ","2026-10-10T14:00:00Z","Watford","Burnley","gtbets","2026-10-10T12:02:00Z","h2h","Watford","2.65"
"2026-10-10T12:02:03Z","soccer_efl_champ","2026-10-10T14:00:00Z","Watford","Burnley","gtbets","2026-10-10T12:02:00Z","h2h","Draw","3.47"
"2026-10-10T12:02:03Z","soccer_efl_champ","2026-10-10T14:00:00Z","Watford","Burnley","betonlineag","2026-10-10T12:01:25Z","h2h","Burnley","2.5"
"2026-10-10T12:02:03Z","soccer_efl_champ","2026-10-10T14:00:00Z","Watford","Burnley","betonlineag","2026-10-10T12:01:25Z","h2h","Watford","2.75"
"2026-10-10T12:02:03Z","soccer_efl_champ","2026-10-10T14:00:00Z","Watford","Burnley","betonlineag","2026-10-10T12:01:25Z","h2h","Draw","3.5"
"2026-10-10T12:02:03Z","soccer_efl_champ","2026-10-10T14:00:00Z","Derby County","Wrexham AFC","unibet_fr","2026-10-10T12:01:25Z","h2h","Derby County","2.8"
"2026-10-10T12:02:03Z","soccer_efl_champ","2026-10-10T14:00:00Z","Derby County","Wrexham AFC","unibet_fr","2026-10-10T12:01:25Z","h2h","Wrexham AFC","2.15"
"2026-10-10T12:02:03Z","soccer_efl_champ","2026-10-10T14:00:00Z","Derby County","Wrexham AFC","unibet_fr","2026-10-10T12:01:25Z","h2h","Draw","3.15"
"2026-10-10T12:02:03Z","soccer_efl_champ","2026-10-10T14:00:00Z","Derby County","Wrexham AFC","winamax_fr","2026-10-10T12:01:42Z","h2h","Derby County","2.75"
"2026-10-10T12:02:03Z","soccer_efl_champ","2026-10-10T14:00:00Z","Derby County","Wrexham AFC","winamax_fr","2026-10-10T12:01:42Z","h2h","Wrexham AFC","2.25"
"2026-10-10T12:02:03Z","soccer_efl_champ","2026-10-10T14:00:00Z","Derby County","Wrexham AFC","winamax_fr","2026-10-10T12:01:42Z","h2h","Draw","3.2"
"2026-10-10T12:02:03Z","soccer_efl_champ","2026-10-10T14:00:00Z","Derby County","Wrexham AFC","winamax_de","2026-10-10T12:01:45Z","h2h","Derby County","2.8"
"2026-10-10T12:02:03Z","soccer_efl_champ","2026-10-10T14:00:00Z","Derby County","Wrexham AFC","winamax_de","2026-10-10T12:01:45Z","h2h","Wrexham AFC","2.3"
"2026-10-10T12:02:03Z","soccer_efl_champ","2026-10-10T14:00:00Z","Derby County","Wrexham AFC","winamax_de","2026-10-10T12:01:45Z","h2h","Draw","3.3"
"2026-10-10T12:02:03Z","soccer_efl_champ","2026-10-10T14:00:00Z","Derby County","Wrexham AFC","betinia_se","2026-10-10T12:01:25Z","h2h","Derby County","3.0"
"2026-10-10T12:02:03Z","soccer_efl_champ","2026-10-10T14:00:00Z","Derby County","Wrexham AFC","betinia_se","2026-10-10T12:01:25Z","h2h","Wrexham AFC","2.4"
"2026-10-10T12:02:03Z","soccer_efl_champ","2026-10-10T14:00:00Z","Derby County","Wrexham AFC","betinia_se","2026-10-10T12:01:25Z","h2h","Draw","3.33"
"2026-10-10T12:02:03Z","soccer_efl_champ","2026-10-10T14:00:00Z","Derby County","Wrexham AFC","codere_it","2026-10-10T12:01:42Z","h2h","Derby County","2.95"
"2026-10-10T12:02:03Z","soccer_efl_champ","2026-10-10T14:00:00Z","Derby County","Wrexham AFC","codere_it","2026-10-10T12:01:42Z","h2h","Wrexham AFC","2.42"
"2026-10-10T12:02:03Z","soccer_efl_champ","2026-10-10T14:00:00Z","Derby County","Wrexham AFC","codere_it","2026-10-10T12:01:42Z","h2h","Draw","3.35"
"2026-10-10T12:02:03Z","soccer_efl_champ","2026-10-10T14:00:00Z","Derby County","Wrexham AFC","campobet_se","2026-10-10T12:01:25Z","h2h","Derby County","3.0"
"2026-10-10T12:02:03Z","soccer_efl_champ","2026-10-10T14:00:00Z","Derby County","Wrexham AFC","campobet_se","2026-10-10T12:01:25Z","h2h","Wrexham AFC","2.4"
"2026-10-10T12:02:03Z","soccer_efl_champ","2026-10-10T14:00:00Z","Derby County","Wrexham AFC","campobet_se","2026-10-10T12:01:25Z","h2h","Draw","3.33"
"2026-10-10T12:02:03Z","soccer_efl_champ","2026-10-10T14:00:00Z","Derby County","Wrexham AFC","onexbet","2026-10-10T12:01:08Z","h2h","Derby County","2.91"
"2026-10-10T12:02:03Z","soccer_efl_champ","2026-10-10T14:00:00Z","Derby County","Wrexham AFC","onexbet","2026-10-10T12:01:08Z","h2h","Wrexham AFC","2.38"
"2026-10-10T12:02:03Z","soccer_efl_champ","2026-10-10T14:00:00Z","Derby County","Wrexham AFC","onexbet","2026-10-10T12:01:08Z","h2h","Draw","3.26"
"2026-10-10T12:02:03Z","soccer_efl_champ","2026-10-10T14:00:00Z","Derby County","Wrexham AFC","hajper_se","2026-10-10T12:01:25Z","h2h","Derby County","2.95"
"2026-10-10T12:02:03Z","soccer_efl_champ","2026-10-10T14:00:00Z","Derby County","Wrexham AFC","hajper_se","2026-10-10T12:01:25Z","h2h","Wrexham AFC","2.4"
"2026-10-10T12:02:03Z","soccer_efl_champ","2026-10-10T14:00:00Z","Derby County","Wrexham AFC","hajper_se","2026-10-10T12:01:25Z","h2h","Draw","3.3"
"2026-10-10T12:02:03Z","soccer_efl_champ","2026-10-10T14:00:00Z","Derby County","Wrexham AFC","betclic_fr","2026-10-10T12:01:02Z","h2h","Derby County","2.87"
"2026-10-10T12:02:03Z","soccer_efl_champ","2026-10-10T14:00:00Z","Derby County","Wrexham AFC","betclic_fr","2026-10-10T12:01:02Z","h2h","Wrexham AFC","2.27"
"2026-10-10T12:02:03Z","soccer_efl_champ","2026-10-10T14:00:00Z","Derby County","Wrexham AFC","betclic_fr","2026-10-10T12:01:02Z","h2h","Draw","3.23"
"2026-10-10T12:02:03Z","soccer_efl_champ","2026-10-10T14:00:00Z","Derby County","Wrexham AFC","sport888","2026-10-10T12:01:25Z","h2h","Derby County","2.9"
"2026-10-10T12:02:03Z","soccer_efl_champ","2026-10-10T14:00:00Z","Derby County","Wrexham AFC","sport888","2026-10-10T12:01:25Z","h2h","Wrexham AFC","2.3"
"2026-10-10T12:02:03Z","soccer_efl_champ","2026-10-10T14:00:00Z","Derby County","Wrexham AFC","sport888","2026-10-10T12:01:25Z","h2h","Draw","3.2"
"2026-10-10T12:02:03Z","soccer_efl_champ","2026-10-10T14:00:00Z","Derby County","Wrexham AFC","sport888_se","2026-10-10T12:01:40Z","h2h","Derby County","2.9"
"2026-10-10T12:02:03Z","soccer_efl_champ","2026-10-10T14:00:00Z","Derby County","Wrexham AFC","sport888_se","2026-10-10T12:01:40Z","h2h","Wrexham AFC","2.3"
"2026-10-10T12:02:03Z","soccer_efl_champ","2026-10-10T14:00:00Z","Derby County","Wrexham AFC","sport888_se","2026-10-10T12:01:40Z","h2h","Draw","3.2"
"2026-10-10T12:02:03Z","soccer_efl_champ","2026-10-10T14:00:00Z","Derby County","Wrexham AFC","mrgreen_se","2026-10-10T12:01:58Z","h2h","Derby County","2.9"
"2026-10-10T12:02:03Z","soccer_efl_champ","2026-10-10T14:00:00Z","Derby County","Wrexham AFC","mrgreen_se","2026-10-10T12:01:58Z","h2h","Wrexham AFC","2.3"
"2026-10-10T12:02:03Z","soccer_efl_champ","2026-10-10T14:00:00Z","Derby County","Wrexham AFC","mrgreen_se","2026-10-10T12:01:58Z","h2h","Draw","3.2"
"2026-10-10T12:02:03Z","soccer_efl_champ","2026-10-10T14:00:00Z","Derby County","Wrexham AFC","williamhill","2026-10-10T12:01:43Z","h2h","Derby County","2.9"
"2026-10-10T12:02:03Z","soccer_efl_champ","2026-10-10T14:00:00Z","Derby County","Wrexham AFC","williamhill","2026-10-10T12:01:43Z","h2h","Wrexham AFC","2.3"
"2026-10-10T12:02:03Z","soccer_efl_champ","2026-10-10T14:00:00Z","Derby County","Wrexham AFC","williamhill","2026-10-10T12:01:43Z","h2h","Draw","3.2"
"2026-10-10T12:02:03Z","soccer_efl_champ","2026-10-10T14:00:00Z","Derby County","Wrexham AFC","betfair_ex_eu","2026-10-10T12:02:02Z","h2h","Derby County","3.25"
"2026-10-10T12:02:03Z","soccer_efl_champ","2026-10-10T14:00:00Z","Derby County","Wrexham AFC","betfair_ex_eu","2026-10-10T12:02:02Z","h2h","Wrexham AFC","2.48"
"2026-10-10T12:02:03Z","soccer_efl_champ","2026-10-10T14:00:00Z","Derby County","Wrexham AFC","betfair_ex_eu","2026-10-10T12:02:02Z","h2h","Draw","3.4"
"2026-10-10T12:02:03Z","soccer_efl_champ","2026-10-10T14:00:00Z","Derby County","Wrexham AFC","betfair_ex_eu","2026-10-10T12:02:02Z","h2h_lay","Derby County","3.35"
"2026-10-10T12:02:03Z","soccer_efl_champ","2026-10-10T14:00:00Z","Derby County","Wrexham AFC","betfair_ex_eu","2026-10-10T12:02:02Z","h2h_lay","Wrexham AFC","2.5"
"2026-10-10T12:02:03Z","soccer_efl_champ","2026-10-10T14:00:00Z","Derby County","Wrexham AFC","betfair_ex_eu","2026-10-10T12:02:02Z","h2h_lay","Draw","3.45"
"2026-10-10T12:02:03Z","soccer_efl_champ","2026-10-10T14:00:00Z","Derby County","Wrexham AFC","tipico_de","2026-10-10T12:01:43Z","h2h","Derby County","3.1"
"2026-10-10T12:02:03Z","soccer_efl_champ","2026-10-10T14:00:00Z","Derby County","Wrexham AFC","tipico_de","2026-10-10T12:01:43Z","h2h","Wrexham AFC","2.2"
"2026-10-10T12:02:03Z","soccer_efl_champ","2026-10-10T14:00:00Z","Derby County","Wrexham AFC","tipico_de","2026-10-10T12:01:43Z","h2h","Draw","3.2"
"2026-10-10T12:02:03Z","soccer_efl_champ","2026-10-10T14:00:00Z","Derby County","Wrexham AFC","pinnacle","2026-10-10T12:01:58Z","h2h","Derby County","3.09"
"2026-10-10T12:02:03Z","soccer_efl_champ","2026-10-10T14:00:00Z","Derby County","Wrexham AFC","pinnacle","2026-10-10T12:01:58Z","h2h","Wrexham AFC","2.43"
"2026-10-10T12:02:03Z","soccer_efl_champ","2026-10-10T14:00:00Z","Derby County","Wrexham AFC","pinnacle","2026-10-10T12:01:58Z","h2h","Draw","3.36"
"2026-10-10T12:02:03Z","soccer_efl_champ","2026-10-10T14:00:00Z","Derby County","Wrexham AFC","nordicbet","2026-10-10T12:00:50Z","h2h","Derby County","3.07"
"2026-10-10T12:02:03Z","soccer_efl_champ","2026-10-10T14:00:00Z","Derby County","Wrexham AFC","nordicbet","2026-10-10T12:00:50Z","h2h","Wrexham AFC","2.38"
"2026-10-10T12:02:03Z","soccer_efl_champ","2026-10-10T14:00:00Z","Derby County","Wrexham AFC","nordicbet","2026-10-10T12:00:50Z","h2h","Draw","3.21"
"2026-10-10T12:02:03Z","soccer_efl_champ","2026-10-10T14:00:00Z","Derby County","Wrexham AFC","betsson","2026-10-10T12:01:26Z","h2h","Derby County","3.05"
"2026-10-10T12:02:03Z","soccer_efl_champ","2026-10-10T14:00:00Z","Derby County","Wrexham AFC","betsson","2026-10-10T12:01:26Z","h2h","Wrexham AFC","2.38"
"2026-10-10T12:02:03Z","soccer_efl_champ","2026-10-10T14:00:00Z","Derby County","Wrexham AFC","betsson","2026-10-10T12:01:26Z","h2h","Draw","3.2"
"2026-10-10T12:02:03Z","soccer_efl_champ","2026-10-10T14:00:00Z","Derby County","Wrexham AFC","coolbet","2026-10-10T12:01:09Z","h2h","Derby County","2.9"
"2026-10-10T12:02:03Z","soccer_efl_champ","2026-10-10T14:00:00Z","Derby County","Wrexham AFC","coolbet","2026-10-10T12:01:09Z","h2h","Wrexham AFC","2.45"
"2026-10-10T12:02:03Z","soccer_efl_champ","2026-10-10T14:00:00Z","Derby County","Wrexham AFC","coolbet","2026-10-10T12:01:09Z","h2h","Draw","3.4"
"2026-10-10T12:02:03Z","soccer_efl_champ","2026-10-10T14:00:00Z","Derby County","Wrexham AFC","atg_se","2026-10-10T12:01:59Z","h2h","Derby County","2.95"
"2026-10-10T12:02:03Z","soccer_efl_champ","2026-10-10T14:00:00Z","Derby County","Wrexham AFC","atg_se","2026-10-10T12:01:59Z","h2h","Wrexham AFC","2.5"
"2026-10-10T12:02:03Z","soccer_efl_champ","2026-10-10T14:00:00Z","Derby County","Wrexham AFC","atg_se","2026-10-10T12:01:59Z","h2h","Draw","3.3"
"2026-10-10T12:02:03Z","soccer_efl_champ","2026-10-10T14:00:00Z","Derby County","Wrexham AFC","svenskaspel_se","2026-10-10T12:01:29Z","h2h","Derby County","2.95"
"2026-10-10T12:02:03Z","soccer_efl_champ","2026-10-10T14:00:00Z","Derby County","Wrexham AFC","svenskaspel_se","2026-10-10T12:01:29Z","h2h","Wrexham AFC","2.5"
"2026-10-10T12:02:03Z","soccer_efl_champ","2026-10-10T14:00:00Z","Derby County","Wrexham AFC","svenskaspel_se","2026-10-10T12:01:29Z","h2h","Draw","3.3"
"2026-10-10T12:02:03Z","soccer_efl_champ","2026-10-10T14:00:00Z","Derby County","Wrexham AFC","unibet_nl","2026-10-10T12:01:42Z","h2h","Derby County","2.88"
"2026-10-10T12:02:03Z","soccer_efl_champ","2026-10-10T14:00:00Z","Derby County","Wrexham AFC","unibet_nl","2026-10-10T12:01:42Z","h2h","Wrexham AFC","2.43"
"2026-10-10T12:02:03Z","soccer_efl_champ","2026-10-10T14:00:00Z","Derby County","Wrexham AFC","unibet_nl","2026-10-10T12:01:42Z","h2h","Draw","3.2"
"2026-10-10T12:02:03Z","soccer_efl_champ","2026-10-10T14:00:00Z","Derby County","Wrexham AFC","unibet_se","2026-10-10T12:01:57Z","h2h","Derby County","2.88"
"2026-10-10T12:02:03Z","soccer_efl_champ","2026-10-10T14:00:00Z","Derby County","Wrexham AFC","unibet_se","2026-10-10T12:01:57Z","h2h","Wrexham AFC","2.43"
"2026-10-10T12:02:03Z","soccer_efl_champ","2026-10-10T14:00:00Z","Derby County","Wrexham AFC","unibet_se","2026-10-10T12:01:57Z","h2h","Draw","3.2"
"2026-10-10T12:02:03Z","soccer_efl_champ","2026-10-10T14:00:00Z","Derby County","Wrexham AFC","betmgm_se","2026-10-10T12:01:25Z","h2h","Derby County","2.85"
"2026-10-10T12:02:03Z","soccer_efl_champ","2026-10-10T14:00:00Z","Derby County","Wrexham AFC","betmgm_se","2026-10-10T12:01:25Z","h2h","Wrexham AFC","2.4"
"2026-10-10T12:02:03Z","soccer_efl_champ","2026-10-10T14:00:00Z","Derby County","Wrexham AFC","betmgm_se","2026-10-10T12:01:25Z","h2h","Draw","3.15"
"2026-10-10T12:02:03Z","soccer_efl_champ","2026-10-10T14:00:00Z","Derby County","Wrexham AFC","expekt_se","2026-10-10T12:01:25Z","h2h","Derby County","2.88"
"2026-10-10T12:02:03Z","soccer_efl_champ","2026-10-10T14:00:00Z","Derby County","Wrexham AFC","expekt_se","2026-10-10T12:01:25Z","h2h","Wrexham AFC","2.43"
"2026-10-10T12:02:03Z","soccer_efl_champ","2026-10-10T14:00:00Z","Derby County","Wrexham AFC","expekt_se","2026-10-10T12:01:25Z","h2h","Draw","3.2"
"2026-10-10T12:02:03Z","soccer_efl_champ","2026-10-10T14:00:00Z","Derby County","Wrexham AFC","leovegas_se","2026-10-10T12:01:41Z","h2h","Derby County","2.95"
"2026-10-10T12:02:03Z","soccer_efl_champ","2026-10-10T14:00:00Z","Derby County","Wrexham AFC","leovegas_se","2026-10-10T12:01:41Z","h2h","Wrexham AFC","2.5"
"2026-10-10T12:02:03Z","soccer_efl_champ","2026-10-10T14:00:00Z","Derby County","Wrexham AFC","leovegas_se","2026-10-10T12:01:41Z","h2h","Draw","3.3"
"2026-10-10T12:02:03Z","soccer_efl_champ","2026-10-10T14:00:00Z","Derby County","Wrexham AFC","matchbook","2026-10-10T12:01:57Z","h2h","Derby County","3.25"
"2026-10-10T12:02:03Z","soccer_efl_champ","2026-10-10T14:00:00Z","Derby County","Wrexham AFC","matchbook","2026-10-10T12:01:57Z","h2h","Wrexham AFC","2.48"
"2026-10-10T12:02:03Z","soccer_efl_champ","2026-10-10T14:00:00Z","Derby County","Wrexham AFC","matchbook","2026-10-10T12:01:57Z","h2h","Draw","3.4"
"2026-10-10T12:02:03Z","soccer_efl_champ","2026-10-10T14:00:00Z","Derby County","Wrexham AFC","matchbook","2026-10-10T12:01:57Z","h2h_lay","Derby County","3.35"
"2026-10-10T12:02:03Z","soccer_efl_champ","2026-10-10T14:00:00Z","Derby County","Wrexham AFC","matchbook","2026-10-10T12:01:57Z","h2h_lay","Wrexham AFC","2.5"
"2026-10-10T12:02:03Z","soccer_efl_champ","2026-10-10T14:00:00Z","Derby County","Wrexham AFC","matchbook","2026-10-10T12:01:57Z","h2h_lay","Draw","3.45"
"2026-10-10T12:02:03Z","soccer_efl_champ","2026-10-10T14:00:00Z","Derby County","Wrexham AFC","gtbets","2026-10-10T12:02:00Z","h2h","Derby County","2.84"
"2026-10-10T12:02:03Z","soccer_efl_champ","2026-10-10T14:00:00Z","Derby County","Wrexham AFC","gtbets","2026-10-10T12:02:00Z","h2h","Wrexham AFC","2.46"
"2026-10-10T12:02:03Z","soccer_efl_champ","2026-10-10T14:00:00Z","Derby County","Wrexham AFC","gtbets","2026-10-10T12:02:00Z","h2h","Draw","3.31"
"2026-10-10T12:02:03Z","soccer_efl_champ","2026-10-10T14:00:00Z","Derby County","Wrexham AFC","betonlineag","2026-10-10T12:01:25Z","h2h","Derby County","3.0"
"2026-10-10T12:02:03Z","soccer_efl_champ","2026-10-10T14:00:00Z","Derby County","Wrexham AFC","betonlineag","2026-10-10T12:01:25Z","h2h","Wrexham AFC","2.41"
"2026-10-10T12:02:03Z","soccer_efl_champ","2026-10-10T14:00:00Z","Derby County","Wrexham AFC","betonlineag","2026-10-10T12:01:25Z","h2h","Draw","3.31"
"2026-10-10T12:02:03Z","soccer_efl_champ","2026-10-10T14:00:00Z","Sheffield United","Lincoln City","winamax_fr","2026-10-10T12:01:42Z","h2h","Lincoln City","3.05"
"2026-10-10T12:02:03Z","soccer_efl_champ","2026-10-10T14:00:00Z","Sheffield United","Lincoln City","winamax_fr","2026-10-10T12:01:42Z","h2h","Sheffield United","2.05"
"2026-10-10T12:02:03Z","soccer_efl_champ","2026-10-10T14:00:00Z","Sheffield United","Lincoln City","winamax_fr","2026-10-10T12:01:42Z","h2h","Draw","3.25"
"2026-10-10T12:02:03Z","soccer_efl_champ","2026-10-10T14:00:00Z","Sheffield United","Lincoln City","onexbet","2026-10-10T12:01:08Z","h2h","Lincoln City","3.31"
"2026-10-10T12:02:03Z","soccer_efl_champ","2026-10-10T14:00:00Z","Sheffield United","Lincoln City","onexbet","2026-10-10T12:01:08Z","h2h","Sheffield United","2.15"
"2026-10-10T12:02:03Z","soccer_efl_champ","2026-10-10T14:00:00Z","Sheffield United","Lincoln City","onexbet","2026-10-10T12:01:08Z","h2h","Draw","3.3"
"2026-10-10T12:02:03Z","soccer_efl_champ","2026-10-10T14:00:00Z","Sheffield United","Lincoln City","codere_it","2026-10-10T12:01:42Z","h2h","Lincoln City","3.35"
"2026-10-10T12:02:03Z","soccer_efl_champ","2026-10-10T14:00:00Z","Sheffield United","Lincoln City","codere_it","2026-10-10T12:01:42Z","h2h","Sheffield United","2.2"
"2026-10-10T12:02:03Z","soccer_efl_champ","2026-10-10T14:00:00Z","Sheffield United","Lincoln City","codere_it","2026-10-10T12:01:42Z","h2h","Draw","3.4"
"2026-10-10T12:02:03Z","soccer_efl_champ","2026-10-10T14:00:00Z","Sheffield United","Lincoln City","hajper_se","2026-10-10T12:01:25Z","h2h","Lincoln City","3.3"
"2026-10-10T12:02:03Z","soccer_efl_champ","2026-10-10T14:00:00Z","Sheffield United","Lincoln City","hajper_se","2026-10-10T12:01:25Z","h2h","Sheffield United","2.18"
"2026-10-10T12:02:03Z","soccer_efl_champ","2026-10-10T14:00:00Z","Sheffield United","Lincoln City","hajper_se","2026-10-10T12:01:25Z","h2h","Draw","3.35"
"2026-10-10T12:02:03Z","soccer_efl_champ","2026-10-10T14:00:00Z","Sheffield United","Lincoln City","betinia_se","2026-10-10T12:01:25Z","h2h","Lincoln City","3.33"
"2026-10-10T12:02:03Z","soccer_efl_champ","2026-10-10T14:00:00Z","Sheffield United","Lincoln City","betinia_se","2026-10-10T12:01:25Z","h2h","Sheffield United","2.22"
"2026-10-10T12:02:03Z","soccer_efl_champ","2026-10-10T14:00:00Z","Sheffield United","Lincoln City","betinia_se","2026-10-10T12:01:25Z","h2h","Draw","3.33"
"2026-10-10T12:02:03Z","soccer_efl_champ","2026-10-10T14:00:00Z","Sheffield United","Lincoln City","winamax_de","2026-10-10T12:01:45Z","h2h","Lincoln City","3.1"
"2026-10-10T12:02:03Z","soccer_efl_champ","2026-10-10T14:00:00Z","Sheffield United","Lincoln City","winamax_de","2026-10-10T12:01:45Z","h2h","Sheffield United","2.1"
"2026-10-10T12:02:03Z","soccer_efl_champ","2026-10-10T14:00:00Z","Sheffield United","Lincoln City","winamax_de","2026-10-10T12:01:45Z","h2h","Draw","3.3"
"2026-10-10T12:02:03Z","soccer_efl_champ","2026-10-10T14:00:00Z","Sheffield United","Lincoln City","campobet_se","2026-10-10T12:01:25Z","h2h","Lincoln City","3.33"
"2026-10-10T12:02:03Z","soccer_efl_champ","2026-10-10T14:00:00Z","Sheffield United","Lincoln City","campobet_se","2026-10-10T12:01:25Z","h2h","Sheffield United","2.22"
"2026-10-10T12:02:03Z","soccer_efl_champ","2026-10-10T14:00:00Z","Sheffield United","Lincoln City","campobet_se","2026-10-10T12:01:25Z","h2h","Draw","3.33"
"2026-10-10T12:02:03Z","soccer_efl_champ","2026-10-10T14:00:00Z","Sheffield United","Lincoln City","unibet_fr","2026-10-10T12:01:25Z","h2h","Lincoln City","3.15"
"2026-10-10T12:02:03Z","soccer_efl_champ","2026-10-10T14:00:00Z","Sheffield United","Lincoln City","unibet_fr","2026-10-10T12:01:25Z","h2h","Sheffield United","1.96"
"2026-10-10T12:02:03Z","soccer_efl_champ","2026-10-10T14:00:00Z","Sheffield United","Lincoln City","unibet_fr","2026-10-10T12:01:25Z","h2h","Draw","3.2"
"2026-10-10T12:02:03Z","soccer_efl_champ","2026-10-10T14:00:00Z","Sheffield United","Lincoln City","betclic_fr","2026-10-10T12:01:02Z","h2h","Lincoln City","3.22"
"2026-10-10T12:02:03Z","soccer_efl_champ","2026-10-10T14:00:00Z","Sheffield United","Lincoln City","betclic_fr","2026-10-10T12:01:02Z","h2h","Sheffield United","2.07"
"2026-10-10T12:02:03Z","soccer_efl_champ","2026-10-10T14:00:00Z","Sheffield United","Lincoln City","betclic_fr","2026-10-10T12:01:02Z","h2h","Draw","3.27"
"2026-10-10T12:02:03Z","soccer_efl_champ","2026-10-10T14:00:00Z","Sheffield United","Lincoln City","sport888","2026-10-10T12:01:25Z","h2h","Lincoln City","3.3"
"2026-10-10T12:02:03Z","soccer_efl_champ","2026-10-10T14:00:00Z","Sheffield United","Lincoln City","sport888","2026-10-10T12:01:25Z","h2h","Sheffield United","2.15"
"2026-10-10T12:02:03Z","soccer_efl_champ","2026-10-10T14:00:00Z","Sheffield United","Lincoln City","sport888","2026-10-10T12:01:25Z","h2h","Draw","3.1"
"2026-10-10T12:02:03Z","soccer_efl_champ","2026-10-10T14:00:00Z","Sheffield United","Lincoln City","sport888_se","2026-10-10T12:01:40Z","h2h","Lincoln City","3.3"
"2026-10-10T12:02:03Z","soccer_efl_champ","2026-10-10T14:00:00Z","Sheffield United","Lincoln City","sport888_se","2026-10-10T12:01:40Z","h2h","Sheffield United","2.15"
"2026-10-10T12:02:03Z","soccer_efl_champ","2026-10-10T14:00:00Z","Sheffield United","Lincoln City","sport888_se","2026-10-10T12:01:40Z","h2h","Draw","3.1"
"2026-10-10T12:02:03Z","soccer_efl_champ","2026-10-10T14:00:00Z","Sheffield United","Lincoln City","mrgreen_se","2026-10-10T12:01:58Z","h2h","Lincoln City","3.3"
"2026-10-10T12:02:03Z","soccer_efl_champ","2026-10-10T14:00:00Z","Sheffield United","Lincoln City","mrgreen_se","2026-10-10T12:01:58Z","h2h","Sheffield United","2.15"
"2026-10-10T12:02:03Z","soccer_efl_champ","2026-10-10T14:00:00Z","Sheffield United","Lincoln City","mrgreen_se","2026-10-10T12:01:58Z","h2h","Draw","3.1"
"2026-10-10T12:02:03Z","soccer_efl_champ","2026-10-10T14:00:00Z","Sheffield United","Lincoln City","williamhill","2026-10-10T12:01:43Z","h2h","Lincoln City","3.3"
"2026-10-10T12:02:03Z","soccer_efl_champ","2026-10-10T14:00:00Z","Sheffield United","Lincoln City","williamhill","2026-10-10T12:01:43Z","h2h","Sheffield United","2.15"
"2026-10-10T12:02:03Z","soccer_efl_champ","2026-10-10T14:00:00Z","Sheffield United","Lincoln City","williamhill","2026-10-10T12:01:43Z","h2h","Draw","3.1"
"2026-10-10T12:02:03Z","soccer_efl_champ","2026-10-10T14:00:00Z","Sheffield United","Lincoln City","betfair_ex_eu","2026-10-10T12:02:02Z","h2h","Lincoln City","3.65"
"2026-10-10T12:02:03Z","soccer_efl_champ","2026-10-10T14:00:00Z","Sheffield United","Lincoln City","betfair_ex_eu","2026-10-10T12:02:02Z","h2h","Sheffield United","2.26"
"2026-10-10T12:02:03Z","soccer_efl_champ","2026-10-10T14:00:00Z","Sheffield United","Lincoln City","betfair_ex_eu","2026-10-10T12:02:02Z","h2h","Draw","3.45"
"2026-10-10T12:02:03Z","soccer_efl_champ","2026-10-10T14:00:00Z","Sheffield United","Lincoln City","betfair_ex_eu","2026-10-10T12:02:02Z","h2h_lay","Lincoln City","3.7"
"2026-10-10T12:02:03Z","soccer_efl_champ","2026-10-10T14:00:00Z","Sheffield United","Lincoln City","betfair_ex_eu","2026-10-10T12:02:02Z","h2h_lay","Sheffield United","2.3"
"2026-10-10T12:02:03Z","soccer_efl_champ","2026-10-10T14:00:00Z","Sheffield United","Lincoln City","betfair_ex_eu","2026-10-10T12:02:02Z","h2h_lay","Draw","3.5"
"2026-10-10T12:02:03Z","soccer_efl_champ","2026-10-10T14:00:00Z","Sheffield United","Lincoln City","tipico_de","2026-10-10T12:01:43Z","h2h","Lincoln City","3.4"
"2026-10-10T12:02:03Z","soccer_efl_champ","2026-10-10T14:00:00Z","Sheffield United","Lincoln City","tipico_de","2026-10-10T12:01:43Z","h2h","Sheffield United","2.05"
"2026-10-10T12:02:03Z","soccer_efl_champ","2026-10-10T14:00:00Z","Sheffield United","Lincoln City","tipico_de","2026-10-10T12:01:43Z","h2h","Draw","3.3"
"2026-10-10T12:02:03Z","soccer_efl_champ","2026-10-10T14:00:00Z","Sheffield United","Lincoln City","pinnacle","2026-10-10T12:01:59Z","h2h","Lincoln City","3.51"
"2026-10-10T12:02:03Z","soccer_efl_champ","2026-10-10T14:00:00Z","Sheffield United","Lincoln City","pinnacle","2026-10-10T12:01:59Z","h2h","Sheffield United","2.2"
"2026-10-10T12:02:03Z","soccer_efl_champ","2026-10-10T14:00:00Z","Sheffield United","Lincoln City","pinnacle","2026-10-10T12:01:59Z","h2h","Draw","3.41"
"2026-10-10T12:02:03Z","soccer_efl_champ","2026-10-10T14:00:00Z","Sheffield United","Lincoln City","betsson","2026-10-10T12:01:26Z","h2h","Lincoln City","3.5"
"2026-10-10T12:02:03Z","soccer_efl_champ","2026-10-10T14:00:00Z","Sheffield United","Lincoln City","betsson","2026-10-10T12:01:26Z","h2h","Sheffield United","2.12"
"2026-10-10T12:02:03Z","soccer_efl_champ","2026-10-10T14:00:00Z","Sheffield United","Lincoln City","betsson","2026-10-10T12:01:26Z","h2h","Draw","3.25"
"2026-10-10T12:02:03Z","soccer_efl_champ","2026-10-10T14:00:00Z","Sheffield United","Lincoln City","nordicbet","2026-10-10T12:00:50Z","h2h","Lincoln City","3.54"
"2026-10-10T12:02:03Z","soccer_efl_champ","2026-10-10T14:00:00Z","Sheffield United","Lincoln City","nordicbet","2026-10-10T12:00:50Z","h2h","Sheffield United","2.12"
"2026-10-10T12:02:03Z","soccer_efl_champ","2026-10-10T14:00:00Z","Sheffield United","Lincoln City","nordicbet","2026-10-10T12:00:50Z","h2h","Draw","3.29"
"2026-10-10T12:02:03Z","soccer_efl_champ","2026-10-10T14:00:00Z","Sheffield United","Lincoln City","coolbet","2026-10-10T12:01:09Z","h2h","Lincoln City","3.3"
"2026-10-10T12:02:03Z","soccer_efl_champ","2026-10-10T14:00:00Z","Sheffield United","Lincoln City","coolbet","2026-10-10T12:01:09Z","h2h","Sheffield United","2.17"
"2026-10-10T12:02:03Z","soccer_efl_champ","2026-10-10T14:00:00Z","Sheffield United","Lincoln City","coolbet","2026-10-10T12:01:09Z","h2h","Draw","3.5"
"2026-10-10T12:02:03Z","soccer_efl_champ","2026-10-10T14:00:00Z","Sheffield United","Lincoln City","svenskaspel_se","2026-10-10T12:01:29Z","h2h","Lincoln City","3.25"
"2026-10-10T12:02:03Z","soccer_efl_champ","2026-10-10T14:00:00Z","Sheffield United","Lincoln City","svenskaspel_se","2026-10-10T12:01:29Z","h2h","Sheffield United","2.28"
"2026-10-10T12:02:03Z","soccer_efl_champ","2026-10-10T14:00:00Z","Sheffield United","Lincoln City","svenskaspel_se","2026-10-10T12:01:29Z","h2h","Draw","3.45"
"2026-10-10T12:02:03Z","soccer_efl_champ","2026-10-10T14:00:00Z","Sheffield United","Lincoln City","unibet_se","2026-10-10T12:01:57Z","h2h","Lincoln City","3.15"
"2026-10-10T12:02:03Z","soccer_efl_champ","2026-10-10T14:00:00Z","Sheffield United","Lincoln City","unibet_se","2026-10-10T12:01:57Z","h2h","Sheffield United","2.2"
"2026-10-10T12:02:03Z","soccer_efl_champ","2026-10-10T14:00:00Z","Sheffield United","Lincoln City","unibet_se","2026-10-10T12:01:57Z","h2h","Draw","3.3"
"2026-10-10T12:02:03Z","soccer_efl_champ","2026-10-10T14:00:00Z","Sheffield United","Lincoln City","unibet_nl","2026-10-10T12:01:42Z","h2h","Lincoln City","3.15"
"2026-10-10T12:02:03Z","soccer_efl_champ","2026-10-10T14:00:00Z","Sheffield United","Lincoln City","unibet_nl","2026-10-10T12:01:42Z","h2h","Sheffield United","2.2"
"2026-10-10T12:02:03Z","soccer_efl_champ","2026-10-10T14:00:00Z","Sheffield United","Lincoln City","unibet_nl","2026-10-10T12:01:42Z","h2h","Draw","3.3"
"2026-10-10T12:02:03Z","soccer_efl_champ","2026-10-10T14:00:00Z","Sheffield United","Lincoln City","leovegas_se","2026-10-10T12:01:41Z","h2h","Lincoln City","3.25"
"2026-10-10T12:02:03Z","soccer_efl_champ","2026-10-10T14:00:00Z","Sheffield United","Lincoln City","leovegas_se","2026-10-10T12:01:41Z","h2h","Sheffield United","2.28"
"2026-10-10T12:02:03Z","soccer_efl_champ","2026-10-10T14:00:00Z","Sheffield United","Lincoln City","leovegas_se","2026-10-10T12:01:41Z","h2h","Draw","3.45"
"2026-10-10T12:02:03Z","soccer_efl_champ","2026-10-10T14:00:00Z","Sheffield United","Lincoln City","expekt_se","2026-10-10T12:01:25Z","h2h","Lincoln City","3.15"
"2026-10-10T12:02:03Z","soccer_efl_champ","2026-10-10T14:00:00Z","Sheffield United","Lincoln City","expekt_se","2026-10-10T12:01:25Z","h2h","Sheffield United","2.2"
"2026-10-10T12:02:03Z","soccer_efl_champ","2026-10-10T14:00:00Z","Sheffield United","Lincoln City","expekt_se","2026-10-10T12:01:25Z","h2h","Draw","3.3"
"2026-10-10T12:02:03Z","soccer_efl_champ","2026-10-10T14:00:00Z","Sheffield United","Lincoln City","betmgm_se","2026-10-10T12:01:25Z","h2h","Lincoln City","3.1"
"2026-10-10T12:02:03Z","soccer_efl_champ","2026-10-10T14:00:00Z","Sheffield United","Lincoln City","betmgm_se","2026-10-10T12:01:25Z","h2h","Sheffield United","2.18"
"2026-10-10T12:02:03Z","soccer_efl_champ","2026-10-10T14:00:00Z","Sheffield United","Lincoln City","betmgm_se","2026-10-10T12:01:25Z","h2h","Draw","3.25"
"2026-10-10T12:02:03Z","soccer_efl_champ","2026-10-10T14:00:00Z","Sheffield United","Lincoln City","atg_se","2026-10-10T12:01:59Z","h2h","Lincoln City","3.25"
"2026-10-10T12:02:03Z","soccer_efl_champ","2026-10-10T14:00:00Z","Sheffield United","Lincoln City","atg_se","2026-10-10T12:01:59Z","h2h","Sheffield United","2.28"
"2026-10-10T12:02:03Z","soccer_efl_champ","2026-10-10T14:00:00Z","Sheffield United","Lincoln City","atg_se","2026-10-10T12:01:59Z","h2h","Draw","3.45"
"2026-10-10T12:02:03Z","soccer_efl_champ","2026-10-10T14:00:00Z","Sheffield United","Lincoln City","matchbook","2026-10-10T12:01:57Z","h2h","Lincoln City","3.65"
"2026-10-10T12:02:03Z","soccer_efl_champ","2026-10-10T14:00:00Z","Sheffield United","Lincoln City","matchbook","2026-10-10T12:01:57Z","h2h","Sheffield United","2.26"
"2026-10-10T12:02:03Z","soccer_efl_champ","2026-10-10T14:00:00Z","Sheffield United","Lincoln City","matchbook","2026-10-10T12:01:57Z","h2h","Draw","3.45"
"2026-10-10T12:02:03Z","soccer_efl_champ","2026-10-10T14:00:00Z","Sheffield United","Lincoln City","matchbook","2026-10-10T12:01:57Z","h2h_lay","Lincoln City","3.7"
"2026-10-10T12:02:03Z","soccer_efl_champ","2026-10-10T14:00:00Z","Sheffield United","Lincoln City","matchbook","2026-10-10T12:01:57Z","h2h_lay","Sheffield United","2.3"
"2026-10-10T12:02:03Z","soccer_efl_champ","2026-10-10T14:00:00Z","Sheffield United","Lincoln City","matchbook","2026-10-10T12:01:57Z","h2h_lay","Draw","3.55"
"2026-10-10T12:02:03Z","soccer_efl_champ","2026-10-10T14:00:00Z","Sheffield United","Lincoln City","gtbets","2026-10-10T12:02:00Z","h2h","Lincoln City","3.39"
"2026-10-10T12:02:03Z","soccer_efl_champ","2026-10-10T14:00:00Z","Sheffield United","Lincoln City","gtbets","2026-10-10T12:02:00Z","h2h","Sheffield United","2.15"
"2026-10-10T12:02:03Z","soccer_efl_champ","2026-10-10T14:00:00Z","Sheffield United","Lincoln City","gtbets","2026-10-10T12:02:00Z","h2h","Draw","3.51"
"2026-10-10T12:02:03Z","soccer_efl_champ","2026-10-10T14:00:00Z","Sheffield United","Lincoln City","betonlineag","2026-10-10T12:01:25Z","h2h","Lincoln City","3.42"
"2026-10-10T12:02:03Z","soccer_efl_champ","2026-10-10T14:00:00Z","Sheffield United","Lincoln City","betonlineag","2026-10-10T12:01:25Z","h2h","Sheffield United","2.18"
"2026-10-10T12:02:03Z","soccer_efl_champ","2026-10-10T14:00:00Z","Sheffield United","Lincoln City","betonlineag","2026-10-10T12:01:25Z","h2h","Draw","3.35"
"2026-10-10T12:02:03Z","soccer_efl_champ","2026-10-10T14:00:00Z","Middlesbrough","Wolverhampton Wanderers","winamax_fr","2026-10-10T12:01:42Z","h2h","Middlesbrough","1.98"
"2026-10-10T12:02:03Z","soccer_efl_champ","2026-10-10T14:00:00Z","Middlesbrough","Wolverhampton Wanderers","winamax_fr","2026-10-10T12:01:42Z","h2h","Wolverhampton Wanderers","3.0"
"2026-10-10T12:02:03Z","soccer_efl_champ","2026-10-10T14:00:00Z","Middlesbrough","Wolverhampton Wanderers","winamax_fr","2026-10-10T12:01:42Z","h2h","Draw","3.6"
"2026-10-10T12:02:03Z","soccer_efl_champ","2026-10-10T14:00:00Z","Middlesbrough","Wolverhampton Wanderers","betinia_se","2026-10-10T12:01:25Z","h2h","Middlesbrough","2.0"
"2026-10-10T12:02:03Z","soccer_efl_champ","2026-10-10T14:00:00Z","Middlesbrough","Wolverhampton Wanderers","betinia_se","2026-10-10T12:01:25Z","h2h","Wolverhampton Wanderers","3.5"
"2026-10-10T12:02:03Z","soccer_efl_champ","2026-10-10T14:00:00Z","Middlesbrough","Wolverhampton Wanderers","betinia_se","2026-10-10T12:01:25Z","h2h","Draw","3.8"
"2026-10-10T12:02:03Z","soccer_efl_champ","2026-10-10T14:00:00Z","Middlesbrough","Wolverhampton Wanderers","codere_it","2026-10-10T12:01:42Z","h2h","Middlesbrough","2.11"
"2026-10-10T12:02:03Z","soccer_efl_champ","2026-10-10T14:00:00Z","Middlesbrough","Wolverhampton Wanderers","codere_it","2026-10-10T12:01:42Z","h2h","Wolverhampton Wanderers","3.25"
"2026-10-10T12:02:03Z","soccer_efl_champ","2026-10-10T14:00:00Z","Middlesbrough","Wolverhampton Wanderers","codere_it","2026-10-10T12:01:42Z","h2h","Draw","3.75"
"2026-10-10T12:02:03Z","soccer_efl_champ","2026-10-10T14:00:00Z","Middlesbrough","Wolverhampton Wanderers","hajper_se","2026-10-10T12:01:25Z","h2h","Middlesbrough","2.09"
"2026-10-10T12:02:03Z","soccer_efl_champ","2026-10-10T14:00:00Z","Middlesbrough","Wolverhampton Wanderers","hajper_se","2026-10-10T12:01:25Z","h2h","Wolverhampton Wanderers","3.2"
"2026-10-10T12:02:03Z","soccer_efl_champ","2026-10-10T14:00:00Z","Middlesbrough","Wolverhampton Wanderers","hajper_se","2026-10-10T12:01:25Z","h2h","Draw","3.7"
"2026-10-10T12:02:03Z","soccer_efl_champ","2026-10-10T14:00:00Z","Middlesbrough","Wolverhampton Wanderers","winamax_de","2026-10-10T12:01:45Z","h2h","Middlesbrough","2.0"
"2026-10-10T12:02:03Z","soccer_efl_champ","2026-10-10T14:00:00Z","Middlesbrough","Wolverhampton Wanderers","winamax_de","2026-10-10T12:01:45Z","h2h","Wolverhampton Wanderers","3.05"
"2026-10-10T12:02:03Z","soccer_efl_champ","2026-10-10T14:00:00Z","Middlesbrough","Wolverhampton Wanderers","winamax_de","2026-10-10T12:01:45Z","h2h","Draw","3.65"
"2026-10-10T12:02:03Z","soccer_efl_champ","2026-10-10T14:00:00Z","Middlesbrough","Wolverhampton Wanderers","campobet_se","2026-10-10T12:01:25Z","h2h","Middlesbrough","2.0"
"2026-10-10T12:02:03Z","soccer_efl_champ","2026-10-10T14:00:00Z","Middlesbrough","Wolverhampton Wanderers","campobet_se","2026-10-10T12:01:25Z","h2h","Wolverhampton Wanderers","3.5"
"2026-10-10T12:02:03Z","soccer_efl_champ","2026-10-10T14:00:00Z","Middlesbrough","Wolverhampton Wanderers","campobet_se","2026-10-10T12:01:25Z","h2h","Draw","3.8"
"2026-10-10T12:02:03Z","soccer_efl_champ","2026-10-10T14:00:00Z","Middlesbrough","Wolverhampton Wanderers","onexbet","2026-10-10T12:01:08Z","h2h","Middlesbrough","2.03"
"2026-10-10T12:02:03Z","soccer_efl_champ","2026-10-10T14:00:00Z","Middlesbrough","Wolverhampton Wanderers","onexbet","2026-10-10T12:01:08Z","h2h","Wolverhampton Wanderers","3.3"
"2026-10-10T12:02:03Z","soccer_efl_champ","2026-10-10T14:00:00Z","Middlesbrough","Wolverhampton Wanderers","onexbet","2026-10-10T12:01:08Z","h2h","Draw","3.64"
"2026-10-10T12:02:03Z","soccer_efl_champ","2026-10-10T14:00:00Z","Middlesbrough","Wolverhampton Wanderers","unibet_fr","2026-10-10T12:01:25Z","h2h","Middlesbrough","1.89"
"2026-10-10T12:02:03Z","soccer_efl_champ","2026-10-10T14:00:00Z","Middlesbrough","Wolverhampton Wanderers","unibet_fr","2026-10-10T12:01:25Z","h2h","Wolverhampton Wanderers","3.05"
"2026-10-10T12:02:03Z","soccer_efl_champ","2026-10-10T14:00:00Z","Middlesbrough","Wolverhampton Wanderers","unibet_fr","2026-10-10T12:01:25Z","h2h","Draw","3.5"
"2026-10-10T12:02:03Z","soccer_efl_champ","2026-10-10T14:00:00Z","Middlesbrough","Wolverhampton Wanderers","betclic_fr","2026-10-10T12:01:02Z","h2h","Middlesbrough","1.98"
"2026-10-10T12:02:03Z","soccer_efl_champ","2026-10-10T14:00:00Z","Middlesbrough","Wolverhampton Wanderers","betclic_fr","2026-10-10T12:01:02Z","h2h","Wolverhampton Wanderers","3.13"
"2026-10-10T12:02:03Z","soccer_efl_champ","2026-10-10T14:00:00Z","Middlesbrough","Wolverhampton Wanderers","betclic_fr","2026-10-10T12:01:02Z","h2h","Draw","3.6"
"2026-10-10T12:02:03Z","soccer_efl_champ","2026-10-10T14:00:00Z","Middlesbrough","Wolverhampton Wanderers","sport888","2026-10-10T12:01:25Z","h2h","Middlesbrough","2.05"
"2026-10-10T12:02:03Z","soccer_efl_champ","2026-10-10T14:00:00Z","Middlesbrough","Wolverhampton Wanderers","sport888","2026-10-10T12:01:25Z","h2h","Wolverhampton Wanderers","3.2"
"2026-10-10T12:02:03Z","soccer_efl_champ","2026-10-10T14:00:00Z","Middlesbrough","Wolverhampton Wanderers","sport888","2026-10-10T12:01:25Z","h2h","Draw","3.5"
"2026-10-10T12:02:03Z","soccer_efl_champ","2026-10-10T14:00:00Z","Middlesbrough","Wolverhampton Wanderers","williamhill","2026-10-10T12:01:43Z","h2h","Middlesbrough","2.05"
"2026-10-10T12:02:03Z","soccer_efl_champ","2026-10-10T14:00:00Z","Middlesbrough","Wolverhampton Wanderers","williamhill","2026-10-10T12:01:43Z","h2h","Wolverhampton Wanderers","3.2"
"2026-10-10T12:02:03Z","soccer_efl_champ","2026-10-10T14:00:00Z","Middlesbrough","Wolverhampton Wanderers","williamhill","2026-10-10T12:01:43Z","h2h","Draw","3.5"
"2026-10-10T12:02:03Z","soccer_efl_champ","2026-10-10T14:00:00Z","Middlesbrough","Wolverhampton Wanderers","sport888_se","2026-10-10T12:01:40Z","h2h","Middlesbrough","2.05"
"2026-10-10T12:02:03Z","soccer_efl_champ","2026-10-10T14:00:00Z","Middlesbrough","Wolverhampton Wanderers","sport888_se","2026-10-10T12:01:40Z","h2h","Wolverhampton Wanderers","3.2"
"2026-10-10T12:02:03Z","soccer_efl_champ","2026-10-10T14:00:00Z","Middlesbrough","Wolverhampton Wanderers","sport888_se","2026-10-10T12:01:40Z","h2h","Draw","3.5"
"2026-10-10T12:02:03Z","soccer_efl_champ","2026-10-10T14:00:00Z","Middlesbrough","Wolverhampton Wanderers","mrgreen_se","2026-10-10T12:01:58Z","h2h","Middlesbrough","2.05"
"2026-10-10T12:02:03Z","soccer_efl_champ","2026-10-10T14:00:00Z","Middlesbrough","Wolverhampton Wanderers","mrgreen_se","2026-10-10T12:01:58Z","h2h","Wolverhampton Wanderers","3.2"
"2026-10-10T12:02:03Z","soccer_efl_champ","2026-10-10T14:00:00Z","Middlesbrough","Wolverhampton Wanderers","mrgreen_se","2026-10-10T12:01:58Z","h2h","Draw","3.5"
"2026-10-10T12:02:03Z","soccer_efl_champ","2026-10-10T14:00:00Z","Middlesbrough","Wolverhampton Wanderers","betfair_ex_eu","2026-10-10T12:02:02Z","h2h","Middlesbrough","2.16"
"2026-10-10T12:02:03Z","soccer_efl_champ","2026-10-10T14:00:00Z","Middlesbrough","Wolverhampton Wanderers","betfair_ex_eu","2026-10-10T12:02:02Z","h2h","Wolverhampton Wanderers","3.55"
"2026-10-10T12:02:03Z","soccer_efl_champ","2026-10-10T14:00:00Z","Middlesbrough","Wolverhampton Wanderers","betfair_ex_eu","2026-10-10T12:02:02Z","h2h","Draw","3.85"
"2026-10-10T12:02:03Z","soccer_efl_champ","2026-10-10T14:00:00Z","Middlesbrough","Wolverhampton Wanderers","betfair_ex_eu","2026-10-10T12:02:02Z","h2h_lay","Middlesbrough","2.18"
"2026-10-10T12:02:03Z","soccer_efl_champ","2026-10-10T14:00:00Z","Middlesbrough","Wolverhampton Wanderers","betfair_ex_eu","2026-10-10T12:02:02Z","h2h_lay","Wolverhampton Wanderers","3.6"
"2026-10-10T12:02:03Z","soccer_efl_champ","2026-10-10T14:00:00Z","Middlesbrough","Wolverhampton Wanderers","betfair_ex_eu","2026-10-10T12:02:02Z","h2h_lay","Draw","3.9"
"2026-10-10T12:02:03Z","soccer_efl_champ","2026-10-10T14:00:00Z","Middlesbrough","Wolverhampton Wanderers","tipico_de","2026-10-10T12:01:43Z","h2h","Middlesbrough","1.93"
"2026-10-10T12:02:03Z","soccer_efl_champ","2026-10-10T14:00:00Z","Middlesbrough","Wolverhampton Wanderers","tipico_de","2026-10-10T12:01:43Z","h2h","Wolverhampton Wanderers","3.4"
"2026-10-10T12:02:03Z","soccer_efl_champ","2026-10-10T14:00:00Z","Middlesbrough","Wolverhampton Wanderers","tipico_de","2026-10-10T12:01:43Z","h2h","Draw","3.7"
"2026-10-10T12:02:03Z","soccer_efl_champ","2026-10-10T14:00:00Z","Middlesbrough","Wolverhampton Wanderers","nordicbet","2026-10-10T12:00:50Z","h2h","Middlesbrough","2.03"
"2026-10-10T12:02:03Z","soccer_efl_champ","2026-10-10T14:00:00Z","Middlesbrough","Wolverhampton Wanderers","nordicbet","2026-10-10T12:00:50Z","h2h","Wolverhampton Wanderers","3.45"
"2026-10-10T12:02:03Z","soccer_efl_champ","2026-10-10T14:00:00Z","Middlesbrough","Wolverhampton Wanderers","nordicbet","2026-10-10T12:00:50Z","h2h","Draw","3.63"
"2026-10-10T12:02:03Z","soccer_efl_champ","2026-10-10T14:00:00Z","Middlesbrough","Wolverhampton Wanderers","betsson","2026-10-10T12:01:26Z","h2h","Middlesbrough","2.02"
"2026-10-10T12:02:03Z","soccer_efl_champ","2026-10-10T14:00:00Z","Middlesbrough","Wolverhampton Wanderers","betsson","2026-10-10T12:01:26Z","h2h","Wolverhampton Wanderers","3.45"
"2026-10-10T12:02:03Z","soccer_efl_champ","2026-10-10T14:00:00Z","Middlesbrough","Wolverhampton Wanderers","betsson","2026-10-10T12:01:26Z","h2h","Draw","3.6"
"2026-10-10T12:02:03Z","soccer_efl_champ","2026-10-10T14:00:00Z","Middlesbrough","Wolverhampton Wanderers","pinnacle","2026-10-10T12:01:58Z","h2h","Middlesbrough","2.07"
"2026-10-10T12:02:03Z","soccer_efl_champ","2026-10-10T14:00:00Z","Middlesbrough","Wolverhampton Wanderers","pinnacle","2026-10-10T12:01:58Z","h2h","Wolverhampton Wanderers","3.45"
"2026-10-10T12:02:03Z","soccer_efl_champ","2026-10-10T14:00:00Z","Middlesbrough","Wolverhampton Wanderers","pinnacle","2026-10-10T12:01:58Z","h2h","Draw","3.82"
"2026-10-10T12:02:03Z","soccer_efl_champ","2026-10-10T14:00:00Z","Middlesbrough","Wolverhampton Wanderers","coolbet","2026-10-10T12:01:09Z","h2h","Middlesbrough","2.1"
"2026-10-10T12:02:03Z","soccer_efl_champ","2026-10-10T14:00:00Z","Middlesbrough","Wolverhampton Wanderers","coolbet","2026-10-10T12:01:09Z","h2h","Wolverhampton Wanderers","3.2"
"2026-10-10T12:02:03Z","soccer_efl_champ","2026-10-10T14:00:00Z","Middlesbrough","Wolverhampton Wanderers","coolbet","2026-10-10T12:01:09Z","h2h","Draw","3.85"
"2026-10-10T12:02:03Z","soccer_efl_champ","2026-10-10T14:00:00Z","Middlesbrough","Wolverhampton Wanderers","unibet_se","2026-10-10T12:01:57Z","h2h","Middlesbrough","2.08"
"2026-10-10T12:02:03Z","soccer_efl_champ","2026-10-10T14:00:00Z","Middlesbrough","Wolverhampton Wanderers","unibet_se","2026-10-10T12:01:57Z","h2h","Wolverhampton Wanderers","3.1"
"2026-10-10T12:02:03Z","soccer_efl_champ","2026-10-10T14:00:00Z","Middlesbrough","Wolverhampton Wanderers","unibet_se","2026-10-10T12:01:57Z","h2h","Draw","3.65"
"2026-10-10T12:02:03Z","soccer_efl_champ","2026-10-10T14:00:00Z","Middlesbrough","Wolverhampton Wanderers","atg_se","2026-10-10T12:01:59Z","h2h","Middlesbrough","2.15"
"2026-10-10T12:02:03Z","soccer_efl_champ","2026-10-10T14:00:00Z","Middlesbrough","Wolverhampton Wanderers","atg_se","2026-10-10T12:01:59Z","h2h","Wolverhampton Wanderers","3.2"
"2026-10-10T12:02:03Z","soccer_efl_champ","2026-10-10T14:00:00Z","Middlesbrough","Wolverhampton Wanderers","atg_se","2026-10-10T12:01:59Z","h2h","Draw","3.8"
"2026-10-10T12:02:03Z","soccer_efl_champ","2026-10-10T14:00:00Z","Middlesbrough","Wolverhampton Wanderers","svenskaspel_se","2026-10-10T12:01:29Z","h2h","Middlesbrough","2.15"
"2026-10-10T12:02:03Z","soccer_efl_champ","2026-10-10T14:00:00Z","Middlesbrough","Wolverhampton Wanderers","svenskaspel_se","2026-10-10T12:01:29Z","h2h","Wolverhampton Wanderers","3.2"
"2026-10-10T12:02:03Z","soccer_efl_champ","2026-10-10T14:00:00Z","Middlesbrough","Wolverhampton Wanderers","svenskaspel_se","2026-10-10T12:01:29Z","h2h","Draw","3.8"
"2026-10-10T12:02:03Z","soccer_efl_champ","2026-10-10T14:00:00Z","Middlesbrough","Wolverhampton Wanderers","leovegas_se","2026-10-10T12:01:41Z","h2h","Middlesbrough","2.15"
"2026-10-10T12:02:03Z","soccer_efl_champ","2026-10-10T14:00:00Z","Middlesbrough","Wolverhampton Wanderers","leovegas_se","2026-10-10T12:01:41Z","h2h","Wolverhampton Wanderers","3.2"
"2026-10-10T12:02:03Z","soccer_efl_champ","2026-10-10T14:00:00Z","Middlesbrough","Wolverhampton Wanderers","leovegas_se","2026-10-10T12:01:41Z","h2h","Draw","3.8"
"2026-10-10T12:02:03Z","soccer_efl_champ","2026-10-10T14:00:00Z","Middlesbrough","Wolverhampton Wanderers","expekt_se","2026-10-10T12:01:25Z","h2h","Middlesbrough","2.08"
"2026-10-10T12:02:03Z","soccer_efl_champ","2026-10-10T14:00:00Z","Middlesbrough","Wolverhampton Wanderers","expekt_se","2026-10-10T12:01:25Z","h2h","Wolverhampton Wanderers","3.1"
"2026-10-10T12:02:03Z","soccer_efl_champ","2026-10-10T14:00:00Z","Middlesbrough","Wolverhampton Wanderers","expekt_se","2026-10-10T12:01:25Z","h2h","Draw","3.65"
"2026-10-10T12:02:03Z","soccer_efl_champ","2026-10-10T14:00:00Z","Middlesbrough","Wolverhampton Wanderers","betmgm_se","2026-10-10T12:01:25Z","h2h","Middlesbrough","2.06"
"2026-10-10T12:02:03Z","soccer_efl_champ","2026-10-10T14:00:00Z","Middlesbrough","Wolverhampton Wanderers","betmgm_se","2026-10-10T12:01:25Z","h2h","Wolverhampton Wanderers","3.05"
"2026-10-10T12:02:03Z","soccer_efl_champ","2026-10-10T14:00:00Z","Middlesbrough","Wolverhampton Wanderers","betmgm_se","2026-10-10T12:01:25Z","h2h","Draw","3.6"
"2026-10-10T12:02:03Z","soccer_efl_champ","2026-10-10T14:00:00Z","Middlesbrough","Wolverhampton Wanderers","unibet_nl","2026-10-10T12:01:42Z","h2h","Middlesbrough","2.08"
"2026-10-10T12:02:03Z","soccer_efl_champ","2026-10-10T14:00:00Z","Middlesbrough","Wolverhampton Wanderers","unibet_nl","2026-10-10T12:01:42Z","h2h","Wolverhampton Wanderers","3.1"
"2026-10-10T12:02:03Z","soccer_efl_champ","2026-10-10T14:00:00Z","Middlesbrough","Wolverhampton Wanderers","unibet_nl","2026-10-10T12:01:42Z","h2h","Draw","3.65"
"2026-10-10T12:02:03Z","soccer_efl_champ","2026-10-10T14:00:00Z","Middlesbrough","Wolverhampton Wanderers","matchbook","2026-10-10T12:01:57Z","h2h","Middlesbrough","2.16"
"2026-10-10T12:02:03Z","soccer_efl_champ","2026-10-10T14:00:00Z","Middlesbrough","Wolverhampton Wanderers","matchbook","2026-10-10T12:01:57Z","h2h","Wolverhampton Wanderers","3.55"
"2026-10-10T12:02:03Z","soccer_efl_champ","2026-10-10T14:00:00Z","Middlesbrough","Wolverhampton Wanderers","matchbook","2026-10-10T12:01:57Z","h2h","Draw","3.85"
"2026-10-10T12:02:03Z","soccer_efl_champ","2026-10-10T14:00:00Z","Middlesbrough","Wolverhampton Wanderers","matchbook","2026-10-10T12:01:57Z","h2h_lay","Middlesbrough","2.18"
"2026-10-10T12:02:03Z","soccer_efl_champ","2026-10-10T14:00:00Z","Middlesbrough","Wolverhampton Wanderers","matchbook","2026-10-10T12:01:57Z","h2h_lay","Wolverhampton Wanderers","3.6"
"2026-10-10T12:02:03Z","soccer_efl_champ","2026-10-10T14:00:00Z","Middlesbrough","Wolverhampton Wanderers","matchbook","2026-10-10T12:01:57Z","h2h_lay","Draw","3.9"
"2026-10-10T12:02:03Z","soccer_efl_champ","2026-10-10T14:00:00Z","Middlesbrough","Wolverhampton Wanderers","gtbets","2026-10-10T12:02:00Z","h2h","Middlesbrough","2.11"
"2026-10-10T12:02:03Z","soccer_efl_champ","2026-10-10T14:00:00Z","Middlesbrough","Wolverhampton Wanderers","gtbets","2026-10-10T12:02:00Z","h2h","Wolverhampton Wanderers","3.18"
"2026-10-10T12:02:03Z","soccer_efl_champ","2026-10-10T14:00:00Z","Middlesbrough","Wolverhampton Wanderers","gtbets","2026-10-10T12:02:00Z","h2h","Draw","3.69"
"2026-10-10T12:02:03Z","soccer_efl_champ","2026-10-10T14:00:00Z","Middlesbrough","Wolverhampton Wanderers","betonlineag","2026-10-10T12:01:25Z","h2h","Middlesbrough","2.12"
"2026-10-10T12:02:03Z","soccer_efl_champ","2026-10-10T14:00:00Z","Middlesbrough","Wolverhampton Wanderers","betonlineag","2026-10-10T12:01:25Z","h2h","Wolverhampton Wanderers","3.3"
"2026-10-10T12:02:03Z","soccer_efl_champ","2026-10-10T14:00:00Z","Middlesbrough","Wolverhampton Wanderers","betonlineag","2026-10-10T12:01:25Z","h2h","Draw","3.64"
"2026-10-10T12:02:03Z","soccer_efl_champ","2026-10-10T14:00:00Z","Preston North End","Millwall","onexbet","2026-10-10T12:01:08Z","h2h","Millwall","2.31"
"2026-10-10T12:02:03Z","soccer_efl_champ","2026-10-10T14:00:00Z","Preston North End","Millwall","onexbet","2026-10-10T12:01:08Z","h2h","Preston North End","2.9"
"2026-10-10T12:02:03Z","soccer_efl_champ","2026-10-10T14:00:00Z","Preston North End","Millwall","onexbet","2026-10-10T12:01:08Z","h2h","Draw","3.42"
"2026-10-10T12:02:03Z","soccer_efl_champ","2026-10-10T14:00:00Z","Preston North End","Millwall","campobet_se","2026-10-10T12:01:25Z","h2h","Millwall","2.33"
"2026-10-10T12:02:03Z","soccer_efl_champ","2026-10-10T14:00:00Z","Preston North End","Millwall","campobet_se","2026-10-10T12:01:25Z","h2h","Preston North End","2.9"
"2026-10-10T12:02:03Z","soccer_efl_champ","2026-10-10T14:00:00Z","Preston North End","Millwall","campobet_se","2026-10-10T12:01:25Z","h2h","Draw","3.6"
"2026-10-10T12:02:03Z","soccer_efl_champ","2026-10-10T14:00:00Z","Preston North End","Millwall","winamax_fr","2026-10-10T12:01:42Z","h2h","Millwall","2.2"
"2026-10-10T12:02:03Z","soccer_efl_champ","2026-10-10T14:00:00Z","Preston North End","Millwall","winamax_fr","2026-10-10T12:01:42Z","h2h","Preston North End","2.7"
"2026-10-10T12:02:03Z","soccer_efl_champ","2026-10-10T14:00:00Z","Preston North End","Millwall","winamax_fr","2026-10-10T12:01:42Z","h2h","Draw","3.35"
"2026-10-10T12:02:03Z","soccer_efl_champ","2026-10-10T14:00:00Z","Preston North End","Millwall","winamax_de","2026-10-10T12:01:45Z","h2h","Millwall","2.25"
"2026-10-10T12:02:03Z","soccer_efl_champ","2026-10-10T14:00:00Z","Preston North End","Millwall","winamax_de","2026-10-10T12:01:45Z","h2h","Preston North End","2.75"
"2026-10-10T12:02:03Z","soccer_efl_champ","2026-10-10T14:00:00Z","Preston North End","Millwall","winamax_de","2026-10-10T12:01:45Z","h2h","Draw","3.4"
"2026-10-10T12:02:03Z","soccer_efl_champ","2026-10-10T14:00:00Z","Preston North End","Millwall","codere_it","2026-10-10T12:01:42Z","h2h","Millwall","2.37"
"2026-10-10T12:02:03Z","soccer_efl_champ","2026-10-10T14:00:00Z","Preston North End","Millwall","codere_it","2026-10-10T12:01:42Z","h2h","Preston North End","2.95"
"2026-10-10T12:02:03Z","soccer_efl_champ","2026-10-10T14:00:00Z","Preston North End","Millwall","codere_it","2026-10-10T12:01:42Z","h2h","Draw","3.5"
"2026-10-10T12:02:03Z","soccer_efl_champ","2026-10-10T14:00:00Z","Preston North End","Millwall","hajper_se","2026-10-10T12:01:25Z","h2h","Millwall","2.35"
"2026-10-10T12:02:03Z","soccer_efl_champ","2026-10-10T14:00:00Z","Preston North End","Millwall","hajper_se","2026-10-10T12:01:25Z","h2h","Preston North End","2.9"
"2026-10-10T12:02:03Z","soccer_efl_champ","2026-10-10T14:00:00Z","Preston North End","Millwall","hajper_se","2026-10-10T12:01:25Z","h2h","Draw","3.45"
"2026-10-10T12:02:03Z","soccer_efl_champ","2026-10-10T14:00:00Z","Preston North End","Millwall","betinia_se","2026-10-10T12:01:25Z","h2h","Millwall","2.33"
"2026-10-10T12:02:03Z","soccer_efl_champ","2026-10-10T14:00:00Z","Preston North End","Millwall","betinia_se","2026-10-10T12:01:25Z","h2h","Preston North End","2.9"
"2026-10-10T12:02:03Z","soccer_efl_champ","2026-10-10T14:00:00Z","Preston North End","Millwall","betinia_se","2026-10-10T12:01:25Z","h2h","Draw","3.6"
"2026-10-10T12:02:03Z","soccer_efl_champ","2026-10-10T14:00:00Z","Preston North End","Millwall","unibet_fr","2026-10-10T12:01:25Z","h2h","Millwall","2.1"
"2026-10-10T12:02:03Z","soccer_efl_champ","2026-10-10T14:00:00Z","Preston North End","Millwall","unibet_fr","2026-10-10T12:01:25Z","h2h","Preston North End","2.8"
"2026-10-10T12:02:03Z","soccer_efl_champ","2026-10-10T14:00:00Z","Preston North End","Millwall","unibet_fr","2026-10-10T12:01:25Z","h2h","Draw","3.3"
"2026-10-10T12:02:03Z","soccer_efl_champ","2026-10-10T14:00:00Z","Preston North End","Millwall","betclic_fr","2026-10-10T12:01:02Z","h2h","Millwall","2.22"
"2026-10-10T12:02:03Z","soccer_efl_champ","2026-10-10T14:00:00Z","Preston North End","Millwall","betclic_fr","2026-10-10T12:01:02Z","h2h","Preston North End","2.83"
"2026-10-10T12:02:03Z","soccer_efl_champ","2026-10-10T14:00:00Z","Preston North End","Millwall","betclic_fr","2026-10-10T12:01:02Z","h2h","Draw","3.37"
"2026-10-10T12:02:03Z","soccer_efl_champ","2026-10-10T14:00:00Z","Preston North End","Millwall","sport888","2026-10-10T12:01:25Z","h2h","Millwall","2.3"
"2026-10-10T12:02:03Z","soccer_efl_champ","2026-10-10T14:00:00Z","Preston North End","Millwall","sport888","2026-10-10T12:01:25Z","h2h","Preston North End","2.8"
"2026-10-10T12:02:03Z","soccer_efl_champ","2026-10-10T14:00:00Z","Preston North End","Millwall","sport888","2026-10-10T12:01:25Z","h2h","Draw","3.4"
"2026-10-10T12:02:03Z","soccer_efl_champ","2026-10-10T14:00:00Z","Preston North End","Millwall","sport888_se","2026-10-10T12:01:40Z","h2h","Millwall","2.3"
"2026-10-10T12:02:03Z","soccer_efl_champ","2026-10-10T14:00:00Z","Preston North End","Millwall","sport888_se","2026-10-10T12:01:40Z","h2h","Preston North End","2.8"
"2026-10-10T12:02:03Z","soccer_efl_champ","2026-10-10T14:00:00Z","Preston North End","Millwall","sport888_se","2026-10-10T12:01:40Z","h2h","Draw","3.4"
"2026-10-10T12:02:03Z","soccer_efl_champ","2026-10-10T14:00:00Z","Preston North End","Millwall","mrgreen_se","2026-10-10T12:01:58Z","h2h","Millwall","2.3"
"2026-10-10T12:02:03Z","soccer_efl_champ","2026-10-10T14:00:00Z","Preston North End","Millwall","mrgreen_se","2026-10-10T12:01:58Z","h2h","Preston North End","2.8"
"2026-10-10T12:02:03Z","soccer_efl_champ","2026-10-10T14:00:00Z","Preston North End","Millwall","mrgreen_se","2026-10-10T12:01:58Z","h2h","Draw","3.4"
"2026-10-10T12:02:03Z","soccer_efl_champ","2026-10-10T14:00:00Z","Preston North End","Millwall","williamhill","2026-10-10T12:01:43Z","h2h","Millwall","2.3"
"2026-10-10T12:02:03Z","soccer_efl_champ","2026-10-10T14:00:00Z","Preston North End","Millwall","williamhill","2026-10-10T12:01:43Z","h2h","Preston North End","2.8"
"2026-10-10T12:02:03Z","soccer_efl_champ","2026-10-10T14:00:00Z","Preston North End","Millwall","williamhill","2026-10-10T12:01:43Z","h2h","Draw","3.4"
"2026-10-10T12:02:03Z","soccer_efl_champ","2026-10-10T14:00:00Z","Preston North End","Millwall","betfair_ex_eu","2026-10-10T12:02:02Z","h2h","Millwall","2.44"
"2026-10-10T12:02:03Z","soccer_efl_champ","2026-10-10T14:00:00Z","Preston North End","Millwall","betfair_ex_eu","2026-10-10T12:02:02Z","h2h","Preston North End","3.05"
"2026-10-10T12:02:03Z","soccer_efl_champ","2026-10-10T14:00:00Z","Preston North End","Millwall","betfair_ex_eu","2026-10-10T12:02:02Z","h2h","Draw","3.7"
"2026-10-10T12:02:03Z","soccer_efl_champ","2026-10-10T14:00:00Z","Preston North End","Millwall","betfair_ex_eu","2026-10-10T12:02:02Z","h2h_lay","Millwall","2.46"
"2026-10-10T12:02:03Z","soccer_efl_champ","2026-10-10T14:00:00Z","Preston North End","Millwall","betfair_ex_eu","2026-10-10T12:02:02Z","h2h_lay","Preston North End","3.15"
"2026-10-10T12:02:03Z","soccer_efl_champ","2026-10-10T14:00:00Z","Preston North End","Millwall","betfair_ex_eu","2026-10-10T12:02:02Z","h2h_lay","Draw","3.75"
"2026-10-10T12:02:03Z","soccer_efl_champ","2026-10-10T14:00:00Z","Preston North End","Millwall","tipico_de","2026-10-10T12:01:43Z","h2h","Millwall","2.15"
"2026-10-10T12:02:03Z","soccer_efl_champ","2026-10-10T14:00:00Z","Preston North End","Millwall","tipico_de","2026-10-10T12:01:43Z","h2h","Preston North End","2.95"
"2026-10-10T12:02:03Z","soccer_efl_champ","2026-10-10T14:00:00Z","Preston North End","Millwall","tipico_de","2026-10-10T12:01:43Z","h2h","Draw","3.5"
"2026-10-10T12:02:03Z","soccer_efl_champ","2026-10-10T14:00:00Z","Preston North End","Millwall","pinnacle","2026-10-10T12:01:58Z","h2h","Millwall","2.37"
"2026-10-10T12:02:03Z","soccer_efl_champ","2026-10-10T14:00:00Z","Preston North End","Millwall","pinnacle","2026-10-10T12:01:58Z","h2h","Preston North End","2.97"
"2026-10-10T12:02:03Z","soccer_efl_champ","2026-10-10T14:00:00Z","Preston North End","Millwall","pinnacle","2026-10-10T12:01:58Z","h2h","Draw","3.63"
"2026-10-10T12:02:03Z","soccer_efl_champ","2026-10-10T14:00:00Z","Preston North End","Millwall","betsson","2026-10-10T12:01:26Z","h2h","Millwall","2.3"
"2026-10-10T12:02:03Z","soccer_efl_champ","2026-10-10T14:00:00Z","Preston North End","Millwall","betsson","2026-10-10T12:01:26Z","h2h","Preston North End","2.95"
"2026-10-10T12:02:03Z","soccer_efl_champ","2026-10-10T14:00:00Z","Preston North End","Millwall","betsson","2026-10-10T12:01:26Z","h2h","Draw","3.45"
"2026-10-10T12:02:03Z","soccer_efl_champ","2026-10-10T14:00:00Z","Preston North End","Millwall","nordicbet","2026-10-10T12:00:50Z","h2h","Millwall","2.32"
"2026-10-10T12:02:03Z","soccer_efl_champ","2026-10-10T14:00:00Z","Preston North End","Millwall","nordicbet","2026-10-10T12:00:50Z","h2h","Preston North End","2.95"
"2026-10-10T12:02:03Z","soccer_efl_champ","2026-10-10T14:00:00Z","Preston North End","Millwall","nordicbet","2026-10-10T12:00:50Z","h2h","Draw","3.48"
"2026-10-10T12:02:03Z","soccer_efl_champ","2026-10-10T14:00:00Z","Preston North End","Millwall","coolbet","2026-10-10T12:01:09Z","h2h","Millwall","2.35"
"2026-10-10T12:02:03Z","soccer_efl_champ","2026-10-10T14:00:00Z","Preston North End","Millwall","coolbet","2026-10-10T12:01:09Z","h2h","Preston North End","2.85"
"2026-10-10T12:02:03Z","soccer_efl_champ","2026-10-10T14:00:00Z","Preston North End","Millwall","coolbet","2026-10-10T12:01:09Z","h2h","Draw","3.6"
"2026-10-10T12:02:03Z","soccer_efl_champ","2026-10-10T14:00:00Z","Preston North End","Millwall","atg_se","2026-10-10T12:01:59Z","h2h","Millwall","2.48"
"2026-10-10T12:02:03Z","soccer_efl_champ","2026-10-10T14:00:00Z","Preston North End","Millwall","atg_se","2026-10-10T12:01:59Z","h2h","Preston North End","2.8"
"2026-10-10T12:02:03Z","soccer_efl_champ","2026-10-10T14:00:00Z","Preston North End","Millwall","atg_se","2026-10-10T12:01:59Z","h2h","Draw","3.5"
"2026-10-10T12:02:03Z","soccer_efl_champ","2026-10-10T14:00:00Z","Preston North End","Millwall","svenskaspel_se","2026-10-10T12:01:29Z","h2h","Millwall","2.48"
"2026-10-10T12:02:03Z","soccer_efl_champ","2026-10-10T14:00:00Z","Preston North End","Millwall","svenskaspel_se","2026-10-10T12:01:29Z","h2h","Preston North End","2.8"
"2026-10-10T12:02:03Z","soccer_efl_champ","2026-10-10T14:00:00Z","Preston North End","Millwall","svenskaspel_se","2026-10-10T12:01:29Z","h2h","Draw","3.5"
"2026-10-10T12:02:03Z","soccer_efl_champ","2026-10-10T14:00:00Z","Preston North End","Millwall","unibet_se","2026-10-10T12:01:57Z","h2h","Millwall","2.43"
"2026-10-10T12:02:03Z","soccer_efl_champ","2026-10-10T14:00:00Z","Preston North End","Millwall","unibet_se","2026-10-10T12:01:57Z","h2h","Preston North End","2.75"
"2026-10-10T12:02:03Z","soccer_efl_champ","2026-10-10T14:00:00Z","Preston North End","Millwall","unibet_se","2026-10-10T12:01:57Z","h2h","Draw","3.35"
"2026-10-10T12:02:03Z","soccer_efl_champ","2026-10-10T14:00:00Z","Preston North End","Millwall","unibet_nl","2026-10-10T12:01:42Z","h2h","Millwall","2.43"
"2026-10-10T12:02:03Z","soccer_efl_champ","2026-10-10T14:00:00Z","Preston North End","Millwall","unibet_nl","2026-10-10T12:01:42Z","h2h","Preston North End","2.75"
"2026-10-10T12:02:03Z","soccer_efl_champ","2026-10-10T14:00:00Z","Preston North End","Millwall","unibet_nl","2026-10-10T12:01:42Z","h2h","Draw","3.35"
"2026-10-10T12:02:03Z","soccer_efl_champ","2026-10-10T14:00:00Z","Preston North End","Millwall","leovegas_se","2026-10-10T12:01:41Z","h2h","Millwall","2.48"
"2026-10-10T12:02:03Z","soccer_efl_champ","2026-10-10T14:00:00Z","Preston North End","Millwall","leovegas_se","2026-10-10T12:01:41Z","h2h","Preston North End","2.8"
"2026-10-10T12:02:03Z","soccer_efl_champ","2026-10-10T14:00:00Z","Preston North End","Millwall","leovegas_se","2026-10-10T12:01:41Z","h2h","Draw","3.5"
"2026-10-10T12:02:03Z","soccer_efl_champ","2026-10-10T14:00:00Z","Preston North End","Millwall","expekt_se","2026-10-10T12:01:25Z","h2h","Millwall","2.43"
"2026-10-10T12:02:03Z","soccer_efl_champ","2026-10-10T14:00:00Z","Preston North End","Millwall","expekt_se","2026-10-10T12:01:25Z","h2h","Preston North End","2.75"
"2026-10-10T12:02:03Z","soccer_efl_champ","2026-10-10T14:00:00Z","Preston North End","Millwall","expekt_se","2026-10-10T12:01:25Z","h2h","Draw","3.35"
"2026-10-10T12:02:03Z","soccer_efl_champ","2026-10-10T14:00:00Z","Preston North End","Millwall","betmgm_se","2026-10-10T12:01:25Z","h2h","Millwall","2.38"
"2026-10-10T12:02:03Z","soccer_efl_champ","2026-10-10T14:00:00Z","Preston North End","Millwall","betmgm_se","2026-10-10T12:01:25Z","h2h","Preston North End","2.7"
"2026-10-10T12:02:03Z","soccer_efl_champ","2026-10-10T14:00:00Z","Preston North End","Millwall","betmgm_se","2026-10-10T12:01:25Z","h2h","Draw","3.3"
"2026-10-10T12:02:03Z","soccer_efl_champ","2026-10-10T14:00:00Z","Preston North End","Millwall","matchbook","2026-10-10T12:01:57Z","h2h","Millwall","2.44"
"2026-10-10T12:02:03Z","soccer_efl_champ","2026-10-10T14:00:00Z","Preston North End","Millwall","matchbook","2026-10-10T12:01:57Z","h2h","Preston North End","3.05"
"2026-10-10T12:02:03Z","soccer_efl_champ","2026-10-10T14:00:00Z","Preston North End","Millwall","matchbook","2026-10-10T12:01:57Z","h2h","Draw","3.7"
"2026-10-10T12:02:03Z","soccer_efl_champ","2026-10-10T14:00:00Z","Preston North End","Millwall","matchbook","2026-10-10T12:01:57Z","h2h_lay","Millwall","2.48"
"2026-10-10T12:02:03Z","soccer_efl_champ","2026-10-10T14:00:00Z","Preston North End","Millwall","matchbook","2026-10-10T12:01:57Z","h2h_lay","Preston North End","3.15"
"2026-10-10T12:02:03Z","soccer_efl_champ","2026-10-10T14:00:00Z","Preston North End","Millwall","matchbook","2026-10-10T12:01:57Z","h2h_lay","Draw","3.75"
"2026-10-10T12:02:03Z","soccer_efl_champ","2026-10-10T14:00:00Z","Preston North End","Millwall","gtbets","2026-10-10T12:02:00Z","h2h","Millwall","2.38"
"2026-10-10T12:02:03Z","soccer_efl_champ","2026-10-10T14:00:00Z","Preston North End","Millwall","gtbets","2026-10-10T12:02:00Z","h2h","Preston North End","2.89"
"2026-10-10T12:02:03Z","soccer_efl_champ","2026-10-10T14:00:00Z","Preston North End","Millwall","gtbets","2026-10-10T12:02:00Z","h2h","Draw","3.36"
"2026-10-10T12:02:03Z","soccer_efl_champ","2026-10-10T14:00:00Z","Preston North End","Millwall","betonlineag","2026-10-10T12:01:25Z","h2h","Millwall","2.38"
"2026-10-10T12:02:03Z","soccer_efl_champ","2026-10-10T14:00:00Z","Preston North End","Millwall","betonlineag","2026-10-10T12:01:25Z","h2h","Preston North End","2.9"
"2026-10-10T12:02:03Z","soccer_efl_champ","2026-10-10T14:00:00Z","Preston North End","Millwall","betonlineag","2026-10-10T12:01:25Z","h2h","Draw","3.5"
"2026-10-10T12:02:03Z","soccer_spain_la_liga","2026-10-10T14:15:00Z","Alavés","Atlético Madrid","pinnacle","2026-10-10T12:02:00Z","h2h","Alavés","4.62"
"2026-10-10T12:02:03Z","soccer_spain_la_liga","2026-10-10T14:15:00Z","Alavés","Atlético Madrid","pinnacle","2026-10-10T12:02:00Z","h2h","Atlético Madrid","1.82"
"2026-10-10T12:02:03Z","soccer_spain_la_liga","2026-10-10T14:15:00Z","Alavés","Atlético Madrid","pinnacle","2026-10-10T12:02:00Z","h2h","Draw","3.78"
"2026-10-10T12:02:03Z","soccer_spain_la_liga","2026-10-10T14:15:00Z","Alavés","Atlético Madrid","winamax_de","2026-10-10T12:01:28Z","h2h","Alavés","4.2"
"2026-10-10T12:02:03Z","soccer_spain_la_liga","2026-10-10T14:15:00Z","Alavés","Atlético Madrid","winamax_de","2026-10-10T12:01:28Z","h2h","Atlético Madrid","1.78"
"2026-10-10T12:02:03Z","soccer_spain_la_liga","2026-10-10T14:15:00Z","Alavés","Atlético Madrid","winamax_de","2026-10-10T12:01:28Z","h2h","Draw","3.8"
"2026-10-10T12:02:03Z","soccer_spain_la_liga","2026-10-10T14:15:00Z","Alavés","Atlético Madrid","betclic_fr","2026-10-10T11:59:48Z","h2h","Alavés","4.35"
"2026-10-10T12:02:03Z","soccer_spain_la_liga","2026-10-10T14:15:00Z","Alavés","Atlético Madrid","betclic_fr","2026-10-10T11:59:48Z","h2h","Atlético Madrid","1.75"
"2026-10-10T12:02:03Z","soccer_spain_la_liga","2026-10-10T14:15:00Z","Alavés","Atlético Madrid","betclic_fr","2026-10-10T11:59:48Z","h2h","Draw","3.7"
"2026-10-10T12:02:03Z","soccer_spain_la_liga","2026-10-10T14:15:00Z","Alavés","Atlético Madrid","hajper_se","2026-10-10T12:02:01Z","h2h","Alavés","4.4"
"2026-10-10T12:02:03Z","soccer_spain_la_liga","2026-10-10T14:15:00Z","Alavés","Atlético Madrid","hajper_se","2026-10-10T12:02:01Z","h2h","Atlético Madrid","1.82"
"2026-10-10T12:02:03Z","soccer_spain_la_liga","2026-10-10T14:15:00Z","Alavés","Atlético Madrid","hajper_se","2026-10-10T12:02:01Z","h2h","Draw","3.75"
"2026-10-10T12:02:03Z","soccer_spain_la_liga","2026-10-10T14:15:00Z","Alavés","Atlético Madrid","winamax_fr","2026-10-10T12:01:45Z","h2h","Alavés","4.1"
"2026-10-10T12:02:03Z","soccer_spain_la_liga","2026-10-10T14:15:00Z","Alavés","Atlético Madrid","winamax_fr","2026-10-10T12:01:45Z","h2h","Atlético Madrid","1.74"
"2026-10-10T12:02:03Z","soccer_spain_la_liga","2026-10-10T14:15:00Z","Alavés","Atlético Madrid","winamax_fr","2026-10-10T12:01:45Z","h2h","Draw","3.7"
"2026-10-10T12:02:03Z","soccer_spain_la_liga","2026-10-10T14:15:00Z","Alavés","Atlético Madrid","codere_it","2026-10-10T12:02:00Z","h2h","Alavés","4.4"
"2026-10-10T12:02:03Z","soccer_spain_la_liga","2026-10-10T14:15:00Z","Alavés","Atlético Madrid","codere_it","2026-10-10T12:02:00Z","h2h","Atlético Madrid","1.8"
"2026-10-10T12:02:03Z","soccer_spain_la_liga","2026-10-10T14:15:00Z","Alavés","Atlético Madrid","codere_it","2026-10-10T12:02:00Z","h2h","Draw","3.75"
"2026-10-10T12:02:03Z","soccer_spain_la_liga","2026-10-10T14:15:00Z","Alavés","Atlético Madrid","unibet_se","2026-10-10T12:01:44Z","h2h","Alavés","4.7"
"2026-10-10T12:02:03Z","soccer_spain_la_liga","2026-10-10T14:15:00Z","Alavés","Atlético Madrid","unibet_se","2026-10-10T12:01:44Z","h2h","Atlético Madrid","1.8"
"2026-10-10T12:02:03Z","soccer_spain_la_liga","2026-10-10T14:15:00Z","Alavés","Atlético Madrid","unibet_se","2026-10-10T12:01:44Z","h2h","Draw","3.9"
"2026-10-10T12:02:03Z","soccer_spain_la_liga","2026-10-10T14:15:00Z","Alavés","Atlético Madrid","unibet_nl","2026-10-10T12:02:01Z","h2h","Alavés","4.7"
"2026-10-10T12:02:03Z","soccer_spain_la_liga","2026-10-10T14:15:00Z","Alavés","Atlético Madrid","unibet_nl","2026-10-10T12:02:01Z","h2h","Atlético Madrid","1.78"
"2026-10-10T12:02:03Z","soccer_spain_la_liga","2026-10-10T14:15:00Z","Alavés","Atlético Madrid","unibet_nl","2026-10-10T12:02:01Z","h2h","Draw","3.9"
"2026-10-10T12:02:03Z","soccer_spain_la_liga","2026-10-10T14:15:00Z","Alavés","Atlético Madrid","betmgm_se","2026-10-10T12:02:00Z","h2h","Alavés","4.3"
"2026-10-10T12:02:03Z","soccer_spain_la_liga","2026-10-10T14:15:00Z","Alavés","Atlético Madrid","betmgm_se","2026-10-10T12:02:00Z","h2h","Atlético Madrid","1.72"
"2026-10-10T12:02:03Z","soccer_spain_la_liga","2026-10-10T14:15:00Z","Alavés","Atlético Madrid","betmgm_se","2026-10-10T12:02:00Z","h2h","Draw","3.6"
"2026-10-10T12:02:03Z","soccer_spain_la_liga","2026-10-10T14:15:00Z","Alavés","Atlético Madrid","leovegas_se","2026-10-10T12:01:26Z","h2h","Alavés","4.3"
"2026-10-10T12:02:03Z","soccer_spain_la_liga","2026-10-10T14:15:00Z","Alavés","Atlético Madrid","leovegas_se","2026-10-10T12:01:26Z","h2h","Atlético Madrid","1.72"
"2026-10-10T12:02:03Z","soccer_spain_la_liga","2026-10-10T14:15:00Z","Alavés","Atlético Madrid","leovegas_se","2026-10-10T12:01:26Z","h2h","Draw","3.6"
"2026-10-10T12:02:03Z","soccer_spain_la_liga","2026-10-10T14:15:00Z","Alavés","Atlético Madrid","expekt_se","2026-10-10T12:01:26Z","h2h","Alavés","4.5"
"2026-10-10T12:02:03Z","soccer_spain_la_liga","2026-10-10T14:15:00Z","Alavés","Atlético Madrid","expekt_se","2026-10-10T12:01:26Z","h2h","Atlético Madrid","1.76"
"2026-10-10T12:02:03Z","soccer_spain_la_liga","2026-10-10T14:15:00Z","Alavés","Atlético Madrid","expekt_se","2026-10-10T12:01:26Z","h2h","Draw","3.75"
"2026-10-10T12:02:03Z","soccer_spain_la_liga","2026-10-10T14:15:00Z","Alavés","Atlético Madrid","svenskaspel_se","2026-10-10T12:01:28Z","h2h","Alavés","4.7"
"2026-10-10T12:02:03Z","soccer_spain_la_liga","2026-10-10T14:15:00Z","Alavés","Atlético Madrid","svenskaspel_se","2026-10-10T12:01:28Z","h2h","Atlético Madrid","1.8"
"2026-10-10T12:02:03Z","soccer_spain_la_liga","2026-10-10T14:15:00Z","Alavés","Atlético Madrid","svenskaspel_se","2026-10-10T12:01:28Z","h2h","Draw","3.9"
"2026-10-10T12:02:03Z","soccer_spain_la_liga","2026-10-10T14:15:00Z","Alavés","Atlético Madrid","atg_se","2026-10-10T12:01:27Z","h2h","Alavés","4.7"
"2026-10-10T12:02:03Z","soccer_spain_la_liga","2026-10-10T14:15:00Z","Alavés","Atlético Madrid","atg_se","2026-10-10T12:01:27Z","h2h","Atlético Madrid","1.8"
"2026-10-10T12:02:03Z","soccer_spain_la_liga","2026-10-10T14:15:00Z","Alavés","Atlético Madrid","atg_se","2026-10-10T12:01:27Z","h2h","Draw","3.9"
"2026-10-10T12:02:03Z","soccer_spain_la_liga","2026-10-10T14:15:00Z","Alavés","Atlético Madrid","onexbet","2026-10-10T12:01:13Z","h2h","Alavés","4.57"
"2026-10-10T12:02:03Z","soccer_spain_la_liga","2026-10-10T14:15:00Z","Alavés","Atlético Madrid","onexbet","2026-10-10T12:01:13Z","h2h","Atlético Madrid","1.85"
"2026-10-10T12:02:03Z","soccer_spain_la_liga","2026-10-10T14:15:00Z","Alavés","Atlético Madrid","onexbet","2026-10-10T12:01:13Z","h2h","Draw","3.92"
"2026-10-10T12:02:03Z","soccer_spain_la_liga","2026-10-10T14:15:00Z","Alavés","Atlético Madrid","mrgreen_se","2026-10-10T12:01:35Z","h2h","Alavés","4.2"
"2026-10-10T12:02:03Z","soccer_spain_la_liga","2026-10-10T14:15:00Z","Alavés","Atlético Madrid","mrgreen_se","2026-10-10T12:01:35Z","h2h","Atlético Madrid","1.8"
"2026-10-10T12:02:03Z","soccer_spain_la_liga","2026-10-10T14:15:00Z","Alavés","Atlético Madrid","mrgreen_se","2026-10-10T12:01:35Z","h2h","Draw","3.5"
"2026-10-10T12:02:03Z","soccer_spain_la_liga","2026-10-10T14:15:00Z","Alavés","Atlético Madrid","williamhill","2026-10-10T12:01:43Z","h2h","Alavés","4.2"
"2026-10-10T12:02:03Z","soccer_spain_la_liga","2026-10-10T14:15:00Z","Alavés","Atlético Madrid","williamhill","2026-10-10T12:01:43Z","h2h","Atlético Madrid","1.75"
"2026-10-10T12:02:03Z","soccer_spain_la_liga","2026-10-10T14:15:00Z","Alavés","Atlético Madrid","williamhill","2026-10-10T12:01:43Z","h2h","Draw","3.5"
"2026-10-10T12:02:03Z","soccer_spain_la_liga","2026-10-10T14:15:00Z","Alavés","Atlético Madrid","nordicbet","2026-10-10T12:00:51Z","h2h","Alavés","4.45"
"2026-10-10T12:02:03Z","soccer_spain_la_liga","2026-10-10T14:15:00Z","Alavés","Atlético Madrid","nordicbet","2026-10-10T12:00:51Z","h2h","Atlético Madrid","1.8"
"2026-10-10T12:02:03Z","soccer_spain_la_liga","2026-10-10T14:15:00Z","Alavés","Atlético Madrid","nordicbet","2026-10-10T12:00:51Z","h2h","Draw","3.55"
"2026-10-10T12:02:03Z","soccer_spain_la_liga","2026-10-10T14:15:00Z","Alavés","Atlético Madrid","betsson","2026-10-10T12:01:28Z","h2h","Alavés","4.5"
"2026-10-10T12:02:03Z","soccer_spain_la_liga","2026-10-10T14:15:00Z","Alavés","Atlético Madrid","betsson","2026-10-10T12:01:28Z","h2h","Atlético Madrid","1.8"
"2026-10-10T12:02:03Z","soccer_spain_la_liga","2026-10-10T14:15:00Z","Alavés","Atlético Madrid","betsson","2026-10-10T12:01:28Z","h2h","Draw","3.6"
"2026-10-10T12:02:03Z","soccer_spain_la_liga","2026-10-10T14:15:00Z","Alavés","Atlético Madrid","betinia_se","2026-10-10T12:01:29Z","h2h","Alavés","4.25"
"2026-10-10T12:02:03Z","soccer_spain_la_liga","2026-10-10T14:15:00Z","Alavés","Atlético Madrid","betinia_se","2026-10-10T12:01:29Z","h2h","Atlético Madrid","1.82"
"2026-10-10T12:02:03Z","soccer_spain_la_liga","2026-10-10T14:15:00Z","Alavés","Atlético Madrid","betinia_se","2026-10-10T12:01:29Z","h2h","Draw","3.75"
"2026-10-10T12:02:03Z","soccer_spain_la_liga","2026-10-10T14:15:00Z","Alavés","Atlético Madrid","campobet_se","2026-10-10T12:01:43Z","h2h","Alavés","4.25"
"2026-10-10T12:02:03Z","soccer_spain_la_liga","2026-10-10T14:15:00Z","Alavés","Atlético Madrid","campobet_se","2026-10-10T12:01:43Z","h2h","Atlético Madrid","1.82"
"2026-10-10T12:02:03Z","soccer_spain_la_liga","2026-10-10T14:15:00Z","Alavés","Atlético Madrid","campobet_se","2026-10-10T12:01:43Z","h2h","Draw","3.75"
"2026-10-10T12:02:03Z","soccer_spain_la_liga","2026-10-10T14:15:00Z","Alavés","Atlético Madrid","tipico_de","2026-10-10T12:01:27Z","h2h","Alavés","4.6"
"2026-10-10T12:02:03Z","soccer_spain_la_liga","2026-10-10T14:15:00Z","Alavés","Atlético Madrid","tipico_de","2026-10-10T12:01:27Z","h2h","Atlético Madrid","1.75"
"2026-10-10T12:02:03Z","soccer_spain_la_liga","2026-10-10T14:15:00Z","Alavés","Atlético Madrid","tipico_de","2026-10-10T12:01:27Z","h2h","Draw","3.7"
"2026-10-10T12:02:03Z","soccer_spain_la_liga","2026-10-10T14:15:00Z","Alavés","Atlético Madrid","coolbet","2026-10-10T12:01:13Z","h2h","Alavés","4.4"
"2026-10-10T12:02:03Z","soccer_spain_la_liga","2026-10-10T14:15:00Z","Alavés","Atlético Madrid","coolbet","2026-10-10T12:01:13Z","h2h","Atlético Madrid","1.85"
"2026-10-10T12:02:03Z","soccer_spain_la_liga","2026-10-10T14:15:00Z","Alavés","Atlético Madrid","coolbet","2026-10-10T12:01:13Z","h2h","Draw","3.8"
"2026-10-10T12:02:03Z","soccer_spain_la_liga","2026-10-10T14:15:00Z","Alavés","Atlético Madrid","everygame","2026-10-10T11:53:48Z","h2h","Alavés","4.5"
"2026-10-10T12:02:03Z","soccer_spain_la_liga","2026-10-10T14:15:00Z","Alavés","Atlético Madrid","everygame","2026-10-10T11:53:48Z","h2h","Atlético Madrid","1.8"
"2026-10-10T12:02:03Z","soccer_spain_la_liga","2026-10-10T14:15:00Z","Alavés","Atlético Madrid","everygame","2026-10-10T11:53:48Z","h2h","Draw","3.75"
"2026-10-10T12:02:03Z","soccer_spain_la_liga","2026-10-10T14:15:00Z","Alavés","Atlético Madrid","betfair_ex_eu","2026-10-10T12:01:43Z","h2h","Alavés","4.9"
"2026-10-10T12:02:03Z","soccer_spain_la_liga","2026-10-10T14:15:00Z","Alavés","Atlético Madrid","betfair_ex_eu","2026-10-10T12:01:43Z","h2h","Atlético Madrid","1.86"
"2026-10-10T12:02:03Z","soccer_spain_la_liga","2026-10-10T14:15:00Z","Alavés","Atlético Madrid","betfair_ex_eu","2026-10-10T12:01:43Z","h2h","Draw","3.85"
"2026-10-10T12:02:03Z","soccer_spain_la_liga","2026-10-10T14:15:00Z","Alavés","Atlético Madrid","betfair_ex_eu","2026-10-10T12:01:43Z","h2h_lay","Alavés","5.0"
"2026-10-10T12:02:03Z","soccer_spain_la_liga","2026-10-10T14:15:00Z","Alavés","Atlético Madrid","betfair_ex_eu","2026-10-10T12:01:43Z","h2h_lay","Atlético Madrid","1.87"
"2026-10-10T12:02:03Z","soccer_spain_la_liga","2026-10-10T14:15:00Z","Alavés","Atlético Madrid","betfair_ex_eu","2026-10-10T12:01:43Z","h2h_lay","Draw","3.9"
"2026-10-10T12:02:03Z","soccer_spain_la_liga","2026-10-10T14:15:00Z","Alavés","Atlético Madrid","matchbook","2026-10-10T12:02:00Z","h2h","Alavés","4.9"
"2026-10-10T12:02:03Z","soccer_spain_la_liga","2026-10-10T14:15:00Z","Alavés","Atlético Madrid","matchbook","2026-10-10T12:02:00Z","h2h","Atlético Madrid","1.86"
"2026-10-10T12:02:03Z","soccer_spain_la_liga","2026-10-10T14:15:00Z","Alavés","Atlético Madrid","matchbook","2026-10-10T12:02:00Z","h2h","Draw","3.85"
"2026-10-10T12:02:03Z","soccer_spain_la_liga","2026-10-10T14:15:00Z","Alavés","Atlético Madrid","matchbook","2026-10-10T12:02:00Z","h2h_lay","Alavés","5.0"
"2026-10-10T12:02:03Z","soccer_spain_la_liga","2026-10-10T14:15:00Z","Alavés","Atlético Madrid","matchbook","2026-10-10T12:02:00Z","h2h_lay","Atlético Madrid","1.87"
"2026-10-10T12:02:03Z","soccer_spain_la_liga","2026-10-10T14:15:00Z","Alavés","Atlético Madrid","matchbook","2026-10-10T12:02:00Z","h2h_lay","Draw","3.9"
"2026-10-10T12:02:03Z","soccer_spain_la_liga","2026-10-10T14:15:00Z","Alavés","Atlético Madrid","betonlineag","2026-10-10T12:01:42Z","h2h","Alavés","4.55"
"2026-10-10T12:02:03Z","soccer_spain_la_liga","2026-10-10T14:15:00Z","Alavés","Atlético Madrid","betonlineag","2026-10-10T12:01:42Z","h2h","Atlético Madrid","1.83"
"2026-10-10T12:02:03Z","soccer_spain_la_liga","2026-10-10T14:15:00Z","Alavés","Atlético Madrid","betonlineag","2026-10-10T12:01:42Z","h2h","Draw","3.75"
"2026-10-10T12:02:03Z","soccer_italy_serie_a","2026-10-10T13:00:00Z","Genoa","Fiorentina","atg_se","2026-10-10T12:01:44Z","h2h","Fiorentina","2.35"
"2026-10-10T12:02:03Z","soccer_italy_serie_a","2026-10-10T13:00:00Z","Genoa","Fiorentina","atg_se","2026-10-10T12:01:44Z","h2h","Genoa","3.25"
"2026-10-10T12:02:03Z","soccer_italy_serie_a","2026-10-10T13:00:00Z","Genoa","Fiorentina","atg_se","2026-10-10T12:01:44Z","h2h","Draw","3.4"
"2026-10-10T12:02:03Z","soccer_italy_serie_a","2026-10-10T13:00:00Z","Genoa","Fiorentina","unibet_nl","2026-10-10T12:01:26Z","h2h","Fiorentina","2.35"
"2026-10-10T12:02:03Z","soccer_italy_serie_a","2026-10-10T13:00:00Z","Genoa","Fiorentina","unibet_nl","2026-10-10T12:01:26Z","h2h","Genoa","3.25"
"2026-10-10T12:02:03Z","soccer_italy_serie_a","2026-10-10T13:00:00Z","Genoa","Fiorentina","unibet_nl","2026-10-10T12:01:26Z","h2h","Draw","3.4"
"2026-10-10T12:02:03Z","soccer_italy_serie_a","2026-10-10T13:00:00Z","Genoa","Fiorentina","unibet_se","2026-10-10T12:02:01Z","h2h","Fiorentina","2.35"
"2026-10-10T12:02:03Z","soccer_italy_serie_a","2026-10-10T13:00:00Z","Genoa","Fiorentina","unibet_se","2026-10-10T12:02:01Z","h2h","Genoa","3.25"
"2026-10-10T12:02:03Z","soccer_italy_serie_a","2026-10-10T13:00:00Z","Genoa","Fiorentina","unibet_se","2026-10-10T12:02:01Z","h2h","Draw","3.4"
"2026-10-10T12:02:03Z","soccer_italy_serie_a","2026-10-10T13:00:00Z","Genoa","Fiorentina","svenskaspel_se","2026-10-10T12:01:43Z","h2h","Fiorentina","2.35"
"2026-10-10T12:02:03Z","soccer_italy_serie_a","2026-10-10T13:00:00Z","Genoa","Fiorentina","svenskaspel_se","2026-10-10T12:01:43Z","h2h","Genoa","3.25"
"2026-10-10T12:02:03Z","soccer_italy_serie_a","2026-10-10T13:00:00Z","Genoa","Fiorentina","svenskaspel_se","2026-10-10T12:01:43Z","h2h","Draw","3.4"
"2026-10-10T12:02:03Z","soccer_italy_serie_a","2026-10-10T13:00:00Z","Genoa","Fiorentina","betmgm_se","2026-10-10T12:01:43Z","h2h","Fiorentina","2.2"
"2026-10-10T12:02:03Z","soccer_italy_serie_a","2026-10-10T13:00:00Z","Genoa","Fiorentina","betmgm_se","2026-10-10T12:01:43Z","h2h","Genoa","3.0"
"2026-10-10T12:02:03Z","soccer_italy_serie_a","2026-10-10T13:00:00Z","Genoa","Fiorentina","betmgm_se","2026-10-10T12:01:43Z","h2h","Draw","3.15"
"2026-10-10T12:02:03Z","soccer_italy_serie_a","2026-10-10T13:00:00Z","Genoa","Fiorentina","expekt_se","2026-10-10T12:02:01Z","h2h","Fiorentina","2.35"
"2026-10-10T12:02:03Z","soccer_italy_serie_a","2026-10-10T13:00:00Z","Genoa","Fiorentina","expekt_se","2026-10-10T12:02:01Z","h2h","Genoa","3.25"
"2026-10-10T12:02:03Z","soccer_italy_serie_a","2026-10-10T13:00:00Z","Genoa","Fiorentina","expekt_se","2026-10-10T12:02:01Z","h2h","Draw","3.4"
"2026-10-10T12:02:03Z","soccer_italy_serie_a","2026-10-10T13:00:00Z","Genoa","Fiorentina","leovegas_se","2026-10-10T12:01:27Z","h2h","Fiorentina","2.23"
"2026-10-10T12:02:03Z","soccer_italy_serie_a","2026-10-10T13:00:00Z","Genoa","Fiorentina","leovegas_se","2026-10-10T12:01:27Z","h2h","Genoa","3.05"
"2026-10-10T12:02:03Z","soccer_italy_serie_a","2026-10-10T13:00:00Z","Genoa","Fiorentina","leovegas_se","2026-10-10T12:01:27Z","h2h","Draw","3.2"
"2026-10-10T12:02:03Z","soccer_italy_serie_a","2026-10-10T13:00:00Z","Genoa","Fiorentina","pinnacle","2026-10-10T12:02:04Z","h2h","Fiorentina","2.34"
"2026-10-10T12:02:03Z","soccer_italy_serie_a","2026-10-10T13:00:00Z","Genoa","Fiorentina","pinnacle","2026-10-10T12:02:04Z","h2h","Genoa","3.41"
"2026-10-10T12:02:03Z","soccer_italy_serie_a","2026-10-10T13:00:00Z","Genoa","Fiorentina","pinnacle","2026-10-10T12:02:04Z","h2h","Draw","3.25"
"2026-10-10T12:02:03Z","soccer_italy_serie_a","2026-10-10T13:00:00Z","Genoa","Fiorentina","betclic_fr","2026-10-10T11:57:39Z","h2h","Fiorentina","2.25"
"2026-10-10T12:02:03Z","soccer_italy_serie_a","2026-10-10T13:00:00Z","Genoa","Fiorentina","betclic_fr","2026-10-10T11:57:39Z","h2h","Genoa","3.2"
"2026-10-10T12:02:03Z","soccer_italy_serie_a","2026-10-10T13:00:00Z","Genoa","Fiorentina","betclic_fr","2026-10-10T11:57:39Z","h2h","Draw","3.2"
"2026-10-10T12:02:03Z","soccer_italy_serie_a","2026-10-10T13:00:00Z","Genoa","Fiorentina","winamax_de","2026-10-10T12:02:02Z","h2h","Fiorentina","2.25"
"2026-10-10T12:02:03Z","soccer_italy_serie_a","2026-10-10T13:00:00Z","Genoa","Fiorentina","winamax_de","2026-10-10T12:02:02Z","h2h","Genoa","3.1"
"2026-10-10T12:02:03Z","soccer_italy_serie_a","2026-10-10T13:00:00Z","Genoa","Fiorentina","winamax_de","2026-10-10T12:02:02Z","h2h","Draw","3.3"
"2026-10-10T12:02:03Z","soccer_italy_serie_a","2026-10-10T13:00:00Z","Genoa","Fiorentina","winamax_fr","2026-10-10T12:01:45Z","h2h","Fiorentina","2.2"
"2026-10-10T12:02:03Z","soccer_italy_serie_a","2026-10-10T13:00:00Z","Genoa","Fiorentina","winamax_fr","2026-10-10T12:01:45Z","h2h","Genoa","3.05"
"2026-10-10T12:02:03Z","soccer_italy_serie_a","2026-10-10T13:00:00Z","Genoa","Fiorentina","winamax_fr","2026-10-10T12:01:45Z","h2h","Draw","3.2"
"2026-10-10T12:02:03Z","soccer_italy_serie_a","2026-10-10T13:00:00Z","Genoa","Fiorentina","unibet_fr","2026-10-10T12:01:45Z","h2h","Fiorentina","2.15"
"2026-10-10T12:02:03Z","soccer_italy_serie_a","2026-10-10T13:00:00Z","Genoa","Fiorentina","unibet_fr","2026-10-10T12:01:45Z","h2h","Genoa","3.1"
"2026-10-10T12:02:03Z","soccer_italy_serie_a","2026-10-10T13:00:00Z","Genoa","Fiorentina","unibet_fr","2026-10-10T12:01:45Z","h2h","Draw","3.2"
"2026-10-10T12:02:03Z","soccer_italy_serie_a","2026-10-10T13:00:00Z","Genoa","Fiorentina","hajper_se","2026-10-10T12:00:35Z","h2h","Fiorentina","2.32"
"2026-10-10T12:02:03Z","soccer_italy_serie_a","2026-10-10T13:00:00Z","Genoa","Fiorentina","hajper_se","2026-10-10T12:00:35Z","h2h","Genoa","3.25"
"2026-10-10T12:02:03Z","soccer_italy_serie_a","2026-10-10T13:00:00Z","Genoa","Fiorentina","hajper_se","2026-10-10T12:00:35Z","h2h","Draw","3.25"
"2026-10-10T12:02:03Z","soccer_italy_serie_a","2026-10-10T13:00:00Z","Genoa","Fiorentina","codere_it","2026-10-10T12:01:27Z","h2h","Fiorentina","2.32"
"2026-10-10T12:02:03Z","soccer_italy_serie_a","2026-10-10T13:00:00Z","Genoa","Fiorentina","codere_it","2026-10-10T12:01:27Z","h2h","Genoa","3.25"
"2026-10-10T12:02:03Z","soccer_italy_serie_a","2026-10-10T13:00:00Z","Genoa","Fiorentina","codere_it","2026-10-10T12:01:27Z","h2h","Draw","3.25"
"2026-10-10T12:02:03Z","soccer_italy_serie_a","2026-10-10T13:00:00Z","Genoa","Fiorentina","onexbet","2026-10-10T11:59:27Z","h2h","Fiorentina","2.33"
"2026-10-10T12:02:03Z","soccer_italy_serie_a","2026-10-10T13:00:00Z","Genoa","Fiorentina","onexbet","2026-10-10T11:59:27Z","h2h","Genoa","3.45"
"2026-10-10T12:02:03Z","soccer_italy_serie_a","2026-10-10T13:00:00Z","Genoa","Fiorentina","onexbet","2026-10-10T11:59:27Z","h2h","Draw","3.38"
"2026-10-10T12:02:03Z","soccer_italy_serie_a","2026-10-10T13:00:00Z","Genoa","Fiorentina","nordicbet","2026-10-10T12:02:01Z","h2h","Fiorentina","2.28"
"2026-10-10T12:02:03Z","soccer_italy_serie_a","2026-10-10T13:00:00Z","Genoa","Fiorentina","nordicbet","2026-10-10T12:02:01Z","h2h","Genoa","3.3"
"2026-10-10T12:02:03Z","soccer_italy_serie_a","2026-10-10T13:00:00Z","Genoa","Fiorentina","nordicbet","2026-10-10T12:02:01Z","h2h","Draw","3.15"
"2026-10-10T12:02:03Z","soccer_italy_serie_a","2026-10-10T13:00:00Z","Genoa","Fiorentina","mrgreen_se","2026-10-10T12:01:27Z","h2h","Fiorentina","2.2"
"2026-10-10T12:02:03Z","soccer_italy_serie_a","2026-10-10T13:00:00Z","Genoa","Fiorentina","mrgreen_se","2026-10-10T12:01:27Z","h2h","Genoa","3.25"
"2026-10-10T12:02:03Z","soccer_italy_serie_a","2026-10-10T13:00:00Z","Genoa","Fiorentina","mrgreen_se","2026-10-10T12:01:27Z","h2h","Draw","3.1"
"2026-10-10T12:02:03Z","soccer_italy_serie_a","2026-10-10T13:00:00Z","Genoa","Fiorentina","sport888","2026-10-10T12:01:42Z","h2h","Fiorentina","2.2"
"2026-10-10T12:02:03Z","soccer_italy_serie_a","2026-10-10T13:00:00Z","Genoa","Fiorentina","sport888","2026-10-10T12:01:42Z","h2h","Genoa","3.25"
"2026-10-10T12:02:03Z","soccer_italy_serie_a","2026-10-10T13:00:00Z","Genoa","Fiorentina","sport888","2026-10-10T12:01:42Z","h2h","Draw","3.1"
"2026-10-10T12:02:03Z","soccer_italy_serie_a","2026-10-10T13:00:00Z","Genoa","Fiorentina","sport888_se","2026-10-10T12:01:46Z","h2h","Fiorentina","2.2"
"2026-10-10T12:02:03Z","soccer_italy_serie_a","2026-10-10T13:00:00Z","Genoa","Fiorentina","sport888_se","2026-10-10T12:01:46Z","h2h","Genoa","3.25"
"2026-10-10T12:02:03Z","soccer_italy_serie_a","2026-10-10T13:00:00Z","Genoa","Fiorentina","sport888_se","2026-10-10T12:01:46Z","h2h","Draw","3.1"
"2026-10-10T12:02:03Z","soccer_italy_serie_a","2026-10-10T13:00:00Z","Genoa","Fiorentina","williamhill","2026-10-10T12:01:27Z","h2h","Fiorentina","2.2"
"2026-10-10T12:02:03Z","soccer_italy_serie_a","2026-10-10T13:00:00Z","Genoa","Fiorentina","williamhill","2026-10-10T12:01:27Z","h2h","Genoa","3.25"
"2026-10-10T12:02:03Z","soccer_italy_serie_a","2026-10-10T13:00:00Z","Genoa","Fiorentina","williamhill","2026-10-10T12:01:27Z","h2h","Draw","3.1"
"2026-10-10T12:02:03Z","soccer_italy_serie_a","2026-10-10T13:00:00Z","Genoa","Fiorentina","tipico_de","2026-10-10T12:01:11Z","h2h","Fiorentina","2.25"
"2026-10-10T12:02:03Z","soccer_italy_serie_a","2026-10-10T13:00:00Z","Genoa","Fiorentina","tipico_de","2026-10-10T12:01:11Z","h2h","Genoa","3.3"
"2026-10-10T12:02:03Z","soccer_italy_serie_a","2026-10-10T13:00:00Z","Genoa","Fiorentina","tipico_de","2026-10-10T12:01:11Z","h2h","Draw","3.2"
"2026-10-10T12:02:03Z","soccer_italy_serie_a","2026-10-10T13:00:00Z","Genoa","Fiorentina","campobet_se","2026-10-10T12:01:26Z","h2h","Fiorentina","2.33"
"2026-10-10T12:02:03Z","soccer_italy_serie_a","2026-10-10T13:00:00Z","Genoa","Fiorentina","campobet_se","2026-10-10T12:01:26Z","h2h","Genoa","3.25"
"2026-10-10T12:02:03Z","soccer_italy_serie_a","2026-10-10T13:00:00Z","Genoa","Fiorentina","campobet_se","2026-10-10T12:01:26Z","h2h","Draw","3.2"
"2026-10-10T12:02:03Z","soccer_italy_serie_a","2026-10-10T13:00:00Z","Genoa","Fiorentina","betinia_se","2026-10-10T12:02:02Z","h2h","Fiorentina","2.33"
"2026-10-10T12:02:03Z","soccer_italy_serie_a","2026-10-10T13:00:00Z","Genoa","Fiorentina","betinia_se","2026-10-10T12:02:02Z","h2h","Genoa","3.25"
"2026-10-10T12:02:03Z","soccer_italy_serie_a","2026-10-10T13:00:00Z","Genoa","Fiorentina","betinia_se","2026-10-10T12:02:02Z","h2h","Draw","3.2"
"2026-10-10T12:02:03Z","soccer_italy_serie_a","2026-10-10T13:00:00Z","Genoa","Fiorentina","betsson","2026-10-10T12:01:45Z","h2h","Fiorentina","2.3"
"2026-10-10T12:02:03Z","soccer_italy_serie_a","2026-10-10T13:00:00Z","Genoa","Fiorentina","betsson","2026-10-10T12:01:45Z","h2h","Genoa","3.3"
"2026-10-10T12:02:03Z","soccer_italy_serie_a","2026-10-10T13:00:00Z","Genoa","Fiorentina","betsson","2026-10-10T12:01:45Z","h2h","Draw","3.15"
"2026-10-10T12:02:03Z","soccer_italy_serie_a","2026-10-10T13:00:00Z","Genoa","Fiorentina","everygame","2026-10-10T11:53:48Z","h2h","Fiorentina","2.3"
"2026-10-10T12:02:03Z","soccer_italy_serie_a","2026-10-10T13:00:00Z","Genoa","Fiorentina","everygame","2026-10-10T11:53:48Z","h2h","Genoa","3.3"
"2026-10-10T12:02:03Z","soccer_italy_serie_a","2026-10-10T13:00:00Z","Genoa","Fiorentina","everygame","2026-10-10T11:53:48Z","h2h","Draw","3.15"
"2026-10-10T12:02:03Z","soccer_italy_serie_a","2026-10-10T13:00:00Z","Genoa","Fiorentina","betfair_ex_eu","2026-10-10T12:02:01Z","h2h","Fiorentina","2.4"
"2026-10-10T12:02:03Z","soccer_italy_serie_a","2026-10-10T13:00:00Z","Genoa","Fiorentina","betfair_ex_eu","2026-10-10T12:02:01Z","h2h","Genoa","3.5"
"2026-10-10T12:02:03Z","soccer_italy_serie_a","2026-10-10T13:00:00Z","Genoa","Fiorentina","betfair_ex_eu","2026-10-10T12:02:01Z","h2h","Draw","3.3"
"2026-10-10T12:02:03Z","soccer_italy_serie_a","2026-10-10T13:00:00Z","Genoa","Fiorentina","betfair_ex_eu","2026-10-10T12:02:01Z","h2h_lay","Fiorentina","2.42"
"2026-10-10T12:02:03Z","soccer_italy_serie_a","2026-10-10T13:00:00Z","Genoa","Fiorentina","betfair_ex_eu","2026-10-10T12:02:01Z","h2h_lay","Genoa","3.55"
"2026-10-10T12:02:03Z","soccer_italy_serie_a","2026-10-10T13:00:00Z","Genoa","Fiorentina","betfair_ex_eu","2026-10-10T12:02:01Z","h2h_lay","Draw","3.35"
"2026-10-10T12:02:03Z","soccer_italy_serie_a","2026-10-10T13:00:00Z","Genoa","Fiorentina","coolbet","2026-10-10T12:00:37Z","h2h","Fiorentina","2.37"
"2026-10-10T12:02:03Z","soccer_italy_serie_a","2026-10-10T13:00:00Z","Genoa","Fiorentina","coolbet","2026-10-10T12:00:37Z","h2h","Genoa","3.33"
"2026-10-10T12:02:03Z","soccer_italy_serie_a","2026-10-10T13:00:00Z","Genoa","Fiorentina","coolbet","2026-10-10T12:00:37Z","h2h","Draw","3.25"
"2026-10-10T12:02:03Z","soccer_italy_serie_a","2026-10-10T13:00:00Z","Genoa","Fiorentina","matchbook","2026-10-10T12:02:00Z","h2h","Fiorentina","2.4"
"2026-10-10T12:02:03Z","soccer_italy_serie_a","2026-10-10T13:00:00Z","Genoa","Fiorentina","matchbook","2026-10-10T12:02:00Z","h2h","Genoa","3.5"
"2026-10-10T12:02:03Z","soccer_italy_serie_a","2026-10-10T13:00:00Z","Genoa","Fiorentina","matchbook","2026-10-10T12:02:00Z","h2h","Draw","3.3"
"2026-10-10T12:02:03Z","soccer_italy_serie_a","2026-10-10T13:00:00Z","Genoa","Fiorentina","matchbook","2026-10-10T12:02:00Z","h2h_lay","Fiorentina","2.42"
"2026-10-10T12:02:03Z","soccer_italy_serie_a","2026-10-10T13:00:00Z","Genoa","Fiorentina","matchbook","2026-10-10T12:02:00Z","h2h_lay","Genoa","3.55"
"2026-10-10T12:02:03Z","soccer_italy_serie_a","2026-10-10T13:00:00Z","Genoa","Fiorentina","matchbook","2026-10-10T12:02:00Z","h2h_lay","Draw","3.35"
"2026-10-10T12:02:03Z","soccer_italy_serie_a","2026-10-10T13:00:00Z","Genoa","Fiorentina","gtbets","2026-10-10T12:02:02Z","h2h","Fiorentina","2.32"
"2026-10-10T12:02:03Z","soccer_italy_serie_a","2026-10-10T13:00:00Z","Genoa","Fiorentina","gtbets","2026-10-10T12:02:02Z","h2h","Genoa","3.29"
"2026-10-10T12:02:03Z","soccer_italy_serie_a","2026-10-10T13:00:00Z","Genoa","Fiorentina","gtbets","2026-10-10T12:02:02Z","h2h","Draw","3.37"
"2026-10-10T12:02:03Z","soccer_italy_serie_a","2026-10-10T13:00:00Z","Genoa","Fiorentina","betonlineag","2026-10-10T12:01:26Z","h2h","Fiorentina","2.31"
"2026-10-10T12:02:03Z","soccer_italy_serie_a","2026-10-10T13:00:00Z","Genoa","Fiorentina","betonlineag","2026-10-10T12:01:26Z","h2h","Genoa","3.36"
"2026-10-10T12:02:03Z","soccer_italy_serie_a","2026-10-10T13:00:00Z","Genoa","Fiorentina","betonlineag","2026-10-10T12:01:26Z","h2h","Draw","3.3"
"2026-10-10T12:02:03Z","soccer_italy_serie_a","2026-10-10T13:00:00Z","Genoa","Fiorentina","betanysports","2026-10-10T12:01:27Z","h2h","Fiorentina","2.31"
"2026-10-10T12:02:03Z","soccer_italy_serie_a","2026-10-10T13:00:00Z","Genoa","Fiorentina","betanysports","2026-10-10T12:01:27Z","h2h","Genoa","3.36"
"2026-10-10T12:02:03Z","soccer_italy_serie_a","2026-10-10T13:00:00Z","Genoa","Fiorentina","betanysports","2026-10-10T12:01:27Z","h2h","Draw","3.3"
"2026-10-10T12:02:03Z","soccer_germany_bundesliga","2026-10-10T13:30:00Z","Augsburg","Bayern Munich","pinnacle","2026-10-10T12:01:55Z","h2h","Augsburg","12.01"
"2026-10-10T12:02:03Z","soccer_germany_bundesliga","2026-10-10T13:30:00Z","Augsburg","Bayern Munich","pinnacle","2026-10-10T12:01:55Z","h2h","Bayern Munich","1.18"
"2026-10-10T12:02:03Z","soccer_germany_bundesliga","2026-10-10T13:30:00Z","Augsburg","Bayern Munich","pinnacle","2026-10-10T12:01:55Z","h2h","Draw","8.44"
"2026-10-10T12:02:03Z","soccer_germany_bundesliga","2026-10-10T13:30:00Z","Augsburg","Bayern Munich","betclic_fr","2026-10-10T12:01:57Z","h2h","Augsburg","11.0"
"2026-10-10T12:02:03Z","soccer_germany_bundesliga","2026-10-10T13:30:00Z","Augsburg","Bayern Munich","betclic_fr","2026-10-10T12:01:57Z","h2h","Bayern Munich","1.17"
"2026-10-10T12:02:03Z","soccer_germany_bundesliga","2026-10-10T13:30:00Z","Augsburg","Bayern Munich","betclic_fr","2026-10-10T12:01:57Z","h2h","Draw","8.0"
"2026-10-10T12:02:03Z","soccer_germany_bundesliga","2026-10-10T13:30:00Z","Augsburg","Bayern Munich","betinia_se","2026-10-10T12:01:41Z","h2h","Augsburg","11.0"
"2026-10-10T12:02:03Z","soccer_germany_bundesliga","2026-10-10T13:30:00Z","Augsburg","Bayern Munich","betinia_se","2026-10-10T12:01:41Z","h2h","Bayern Munich","1.2"
"2026-10-10T12:02:03Z","soccer_germany_bundesliga","2026-10-10T13:30:00Z","Augsburg","Bayern Munich","betinia_se","2026-10-10T12:01:41Z","h2h","Draw","8.0"
"2026-10-10T12:02:03Z","soccer_germany_bundesliga","2026-10-10T13:30:00Z","Augsburg","Bayern Munich","campobet_se","2026-10-10T12:01:55Z","h2h","Augsburg","11.0"
"2026-10-10T12:02:03Z","soccer_germany_bundesliga","2026-10-10T13:30:00Z","Augsburg","Bayern Munich","campobet_se","2026-10-10T12:01:55Z","h2h","Bayern Munich","1.2"
"2026-10-10T12:02:03Z","soccer_germany_bundesliga","2026-10-10T13:30:00Z","Augsburg","Bayern Munich","campobet_se","2026-10-10T12:01:55Z","h2h","Draw","8.0"
"2026-10-10T12:02:03Z","soccer_germany_bundesliga","2026-10-10T13:30:00Z","Augsburg","Bayern Munich","onexbet","2026-10-10T12:01:25Z","h2h","Augsburg","14.1"
"2026-10-10T12:02:03Z","soccer_germany_bundesliga","2026-10-10T13:30:00Z","Augsburg","Bayern Munich","onexbet","2026-10-10T12:01:25Z","h2h","Bayern Munich","1.19"
"2026-10-10T12:02:03Z","soccer_germany_bundesliga","2026-10-10T13:30:00Z","Augsburg","Bayern Munich","onexbet","2026-10-10T12:01:25Z","h2h","Draw","9.4"
"2026-10-10T12:02:03Z","soccer_germany_bundesliga","2026-10-10T13:30:00Z","Augsburg","Bayern Munich","winamax_de","2026-10-10T12:00:35Z","h2h","Augsburg","9.5"
"2026-10-10T12:02:03Z","soccer_germany_bundesliga","2026-10-10T13:30:00Z","Augsburg","Bayern Munich","winamax_de","2026-10-10T12:00:35Z","h2h","Bayern Munich","1.18"
"2026-10-10T12:02:03Z","soccer_germany_bundesliga","2026-10-10T13:30:00Z","Augsburg","Bayern Munich","winamax_de","2026-10-10T12:00:35Z","h2h","Draw","9.0"
"2026-10-10T12:02:03Z","soccer_germany_bundesliga","2026-10-10T13:30:00Z","Augsburg","Bayern Munich","winamax_fr","2026-10-10T12:01:40Z","h2h","Augsburg","9.0"
"2026-10-10T12:02:03Z","soccer_germany_bundesliga","2026-10-10T13:30:00Z","Augsburg","Bayern Munich","winamax_fr","2026-10-10T12:01:40Z","h2h","Bayern Munich","1.16"
"2026-10-10T12:02:03Z","soccer_germany_bundesliga","2026-10-10T13:30:00Z","Augsburg","Bayern Munich","winamax_fr","2026-10-10T12:01:40Z","h2h","Draw","8.5"
"2026-10-10T12:02:03Z","soccer_germany_bundesliga","2026-10-10T13:30:00Z","Augsburg","Bayern Munich","codere_it","2026-10-10T12:01:39Z","h2h","Augsburg","11.0"
"2026-10-10T12:02:03Z","soccer_germany_bundesliga","2026-10-10T13:30:00Z","Augsburg","Bayern Munich","codere_it","2026-10-10T12:01:39Z","h2h","Bayern Munich","1.19"
"2026-10-10T12:02:03Z","soccer_germany_bundesliga","2026-10-10T13:30:00Z","Augsburg","Bayern Munich","codere_it","2026-10-10T12:01:39Z","h2h","Draw","8.6"
"2026-10-10T12:02:03Z","soccer_germany_bundesliga","2026-10-10T13:30:00Z","Augsburg","Bayern Munich","unibet_fr","2026-10-10T12:01:56Z","h2h","Augsburg","10.0"
"2026-10-10T12:02:03Z","soccer_germany_bundesliga","2026-10-10T13:30:00Z","Augsburg","Bayern Munich","unibet_fr","2026-10-10T12:01:56Z","h2h","Bayern Munich","1.14"
"2026-10-10T12:02:03Z","soccer_germany_bundesliga","2026-10-10T13:30:00Z","Augsburg","Bayern Munich","unibet_fr","2026-10-10T12:01:56Z","h2h","Draw","8.0"
"2026-10-10T12:02:03Z","soccer_germany_bundesliga","2026-10-10T13:30:00Z","Augsburg","Bayern Munich","hajper_se","2026-10-10T12:01:39Z","h2h","Augsburg","11.25"
"2026-10-10T12:02:03Z","soccer_germany_bundesliga","2026-10-10T13:30:00Z","Augsburg","Bayern Munich","hajper_se","2026-10-10T12:01:39Z","h2h","Bayern Munich","1.19"
"2026-10-10T12:02:03Z","soccer_germany_bundesliga","2026-10-10T13:30:00Z","Augsburg","Bayern Munich","hajper_se","2026-10-10T12:01:39Z","h2h","Draw","8.9"
"2026-10-10T12:02:03Z","soccer_germany_bundesliga","2026-10-10T13:30:00Z","Augsburg","Bayern Munich","sport888","2026-10-10T12:01:39Z","h2h","Augsburg","11.0"
"2026-10-10T12:02:03Z","soccer_germany_bundesliga","2026-10-10T13:30:00Z","Augsburg","Bayern Munich","sport888","2026-10-10T12:01:39Z","h2h","Bayern Munich","1.17"
"2026-10-10T12:02:03Z","soccer_germany_bundesliga","2026-10-10T13:30:00Z","Augsburg","Bayern Munich","sport888","2026-10-10T12:01:39Z","h2h","Draw","8.0"
"2026-10-10T12:02:03Z","soccer_germany_bundesliga","2026-10-10T13:30:00Z","Augsburg","Bayern Munich","mrgreen_se","2026-10-10T12:01:55Z","h2h","Augsburg","11.0"
"2026-10-10T12:02:03Z","soccer_germany_bundesliga","2026-10-10T13:30:00Z","Augsburg","Bayern Munich","mrgreen_se","2026-10-10T12:01:55Z","h2h","Bayern Munich","1.17"
"2026-10-10T12:02:03Z","soccer_germany_bundesliga","2026-10-10T13:30:00Z","Augsburg","Bayern Munich","mrgreen_se","2026-10-10T12:01:55Z","h2h","Draw","8.0"
"2026-10-10T12:02:03Z","soccer_germany_bundesliga","2026-10-10T13:30:00Z","Augsburg","Bayern Munich","sport888_se","2026-10-10T12:01:55Z","h2h","Augsburg","11.0"
"2026-10-10T12:02:03Z","soccer_germany_bundesliga","2026-10-10T13:30:00Z","Augsburg","Bayern Munich","sport888_se","2026-10-10T12:01:55Z","h2h","Bayern Munich","1.17"
"2026-10-10T12:02:03Z","soccer_germany_bundesliga","2026-10-10T13:30:00Z","Augsburg","Bayern Munich","sport888_se","2026-10-10T12:01:55Z","h2h","Draw","8.0"
"2026-10-10T12:02:03Z","soccer_germany_bundesliga","2026-10-10T13:30:00Z","Augsburg","Bayern Munich","williamhill","2026-10-10T12:01:07Z","h2h","Augsburg","11.0"
"2026-10-10T12:02:03Z","soccer_germany_bundesliga","2026-10-10T13:30:00Z","Augsburg","Bayern Munich","williamhill","2026-10-10T12:01:07Z","h2h","Bayern Munich","1.17"
"2026-10-10T12:02:03Z","soccer_germany_bundesliga","2026-10-10T13:30:00Z","Augsburg","Bayern Munich","williamhill","2026-10-10T12:01:07Z","h2h","Draw","8.0"
"2026-10-10T12:02:03Z","soccer_germany_bundesliga","2026-10-10T13:30:00Z","Augsburg","Bayern Munich","tipico_de","2026-10-10T12:01:39Z","h2h","Augsburg","13.0"
"2026-10-10T12:02:03Z","soccer_germany_bundesliga","2026-10-10T13:30:00Z","Augsburg","Bayern Munich","tipico_de","2026-10-10T12:01:39Z","h2h","Bayern Munich","1.16"
"2026-10-10T12:02:03Z","soccer_germany_bundesliga","2026-10-10T13:30:00Z","Augsburg","Bayern Munich","tipico_de","2026-10-10T12:01:39Z","h2h","Draw","9.0"
"2026-10-10T12:02:03Z","soccer_germany_bundesliga","2026-10-10T13:30:00Z","Augsburg","Bayern Munich","betsson","2026-10-10T12:01:57Z","h2h","Augsburg","13.5"
"2026-10-10T12:02:03Z","soccer_germany_bundesliga","2026-10-10T13:30:00Z","Augsburg","Bayern Munich","betsson","2026-10-10T12:01:57Z","h2h","Bayern Munich","1.17"
"2026-10-10T12:02:03Z","soccer_germany_bundesliga","2026-10-10T13:30:00Z","Augsburg","Bayern Munich","betsson","2026-10-10T12:01:57Z","h2h","Draw","7.4"
"2026-10-10T12:02:03Z","soccer_germany_bundesliga","2026-10-10T13:30:00Z","Augsburg","Bayern Munich","nordicbet","2026-10-10T12:01:55Z","h2h","Augsburg","13.5"
"2026-10-10T12:02:03Z","soccer_germany_bundesliga","2026-10-10T13:30:00Z","Augsburg","Bayern Munich","nordicbet","2026-10-10T12:01:55Z","h2h","Bayern Munich","1.18"
"2026-10-10T12:02:03Z","soccer_germany_bundesliga","2026-10-10T13:30:00Z","Augsburg","Bayern Munich","nordicbet","2026-10-10T12:01:55Z","h2h","Draw","7.4"
"2026-10-10T12:02:03Z","soccer_germany_bundesliga","2026-10-10T13:30:00Z","Augsburg","Bayern Munich","everygame","2026-10-10T12:02:04Z","h2h","Augsburg","12.0"
"2026-10-10T12:02:03Z","soccer_germany_bundesliga","2026-10-10T13:30:00Z","Augsburg","Bayern Munich","everygame","2026-10-10T12:02:04Z","h2h","Bayern Munich","1.16"
"2026-10-10T12:02:03Z","soccer_germany_bundesliga","2026-10-10T13:30:00Z","Augsburg","Bayern Munich","everygame","2026-10-10T12:02:04Z","h2h","Draw","8.5"
"2026-10-10T12:02:03Z","soccer_germany_bundesliga","2026-10-10T13:30:00Z","Augsburg","Bayern Munich","coolbet","2026-10-10T12:01:23Z","h2h","Augsburg","14.0"
"2026-10-10T12:02:03Z","soccer_germany_bundesliga","2026-10-10T13:30:00Z","Augsburg","Bayern Munich","coolbet","2026-10-10T12:01:23Z","h2h","Bayern Munich","1.18"
"2026-10-10T12:02:03Z","soccer_germany_bundesliga","2026-10-10T13:30:00Z","Augsburg","Bayern Munich","coolbet","2026-10-10T12:01:23Z","h2h","Draw","9.0"
"2026-10-10T12:02:03Z","soccer_germany_bundesliga","2026-10-10T13:30:00Z","Augsburg","Bayern Munich","atg_se","2026-10-10T12:01:39Z","h2h","Augsburg","13.0"
"2026-10-10T12:02:03Z","soccer_germany_bundesliga","2026-10-10T13:30:00Z","Augsburg","Bayern Munich","atg_se","2026-10-10T12:01:39Z","h2h","Bayern Munich","1.19"
"2026-10-10T12:02:03Z","soccer_germany_bundesliga","2026-10-10T13:30:00Z","Augsburg","Bayern Munich","atg_se","2026-10-10T12:01:39Z","h2h","Draw","9.0"
"2026-10-10T12:02:03Z","soccer_germany_bundesliga","2026-10-10T13:30:00Z","Augsburg","Bayern Munich","unibet_nl","2026-10-10T12:01:39Z","h2h","Augsburg","13.0"
"2026-10-10T12:02:03Z","soccer_germany_bundesliga","2026-10-10T13:30:00Z","Augsburg","Bayern Munich","unibet_nl","2026-10-10T12:01:39Z","h2h","Bayern Munich","1.19"
"2026-10-10T12:02:03Z","soccer_germany_bundesliga","2026-10-10T13:30:00Z","Augsburg","Bayern Munich","unibet_nl","2026-10-10T12:01:39Z","h2h","Draw","9.0"
"2026-10-10T12:02:03Z","soccer_germany_bundesliga","2026-10-10T13:30:00Z","Augsburg","Bayern Munich","betmgm_se","2026-10-10T12:01:55Z","h2h","Augsburg","11.0"
"2026-10-10T12:02:03Z","soccer_germany_bundesliga","2026-10-10T13:30:00Z","Augsburg","Bayern Munich","betmgm_se","2026-10-10T12:01:55Z","h2h","Bayern Munich","1.15"
"2026-10-10T12:02:03Z","soccer_germany_bundesliga","2026-10-10T13:30:00Z","Augsburg","Bayern Munich","betmgm_se","2026-10-10T12:01:55Z","h2h","Draw","8.0"
"2026-10-10T12:02:03Z","soccer_germany_bundesliga","2026-10-10T13:30:00Z","Augsburg","Bayern Munich","unibet_se","2026-10-10T12:01:39Z","h2h","Augsburg","13.0"
"2026-10-10T12:02:03Z","soccer_germany_bundesliga","2026-10-10T13:30:00Z","Augsburg","Bayern Munich","unibet_se","2026-10-10T12:01:39Z","h2h","Bayern Munich","1.19"
"2026-10-10T12:02:03Z","soccer_germany_bundesliga","2026-10-10T13:30:00Z","Augsburg","Bayern Munich","unibet_se","2026-10-10T12:01:39Z","h2h","Draw","9.0"
"2026-10-10T12:02:03Z","soccer_germany_bundesliga","2026-10-10T13:30:00Z","Augsburg","Bayern Munich","expekt_se","2026-10-10T12:01:27Z","h2h","Augsburg","11.5"
"2026-10-10T12:02:03Z","soccer_germany_bundesliga","2026-10-10T13:30:00Z","Augsburg","Bayern Munich","expekt_se","2026-10-10T12:01:27Z","h2h","Bayern Munich","1.16"
"2026-10-10T12:02:03Z","soccer_germany_bundesliga","2026-10-10T13:30:00Z","Augsburg","Bayern Munich","expekt_se","2026-10-10T12:01:27Z","h2h","Draw","8.5"
"2026-10-10T12:02:03Z","soccer_germany_bundesliga","2026-10-10T13:30:00Z","Augsburg","Bayern Munich","leovegas_se","2026-10-10T12:01:39Z","h2h","Augsburg","11.0"
"2026-10-10T12:02:03Z","soccer_germany_bundesliga","2026-10-10T13:30:00Z","Augsburg","Bayern Munich","leovegas_se","2026-10-10T12:01:39Z","h2h","Bayern Munich","1.15"
"2026-10-10T12:02:03Z","soccer_germany_bundesliga","2026-10-10T13:30:00Z","Augsburg","Bayern Munich","leovegas_se","2026-10-10T12:01:39Z","h2h","Draw","8.0"
"2026-10-10T12:02:03Z","soccer_germany_bundesliga","2026-10-10T13:30:00Z","Augsburg","Bayern Munich","svenskaspel_se","2026-10-10T12:01:23Z","h2h","Augsburg","13.0"
"2026-10-10T12:02:03Z","soccer_germany_bundesliga","2026-10-10T13:30:00Z","Augsburg","Bayern Munich","svenskaspel_se","2026-10-10T12:01:23Z","h2h","Bayern Munich","1.19"
"2026-10-10T12:02:03Z","soccer_germany_bundesliga","2026-10-10T13:30:00Z","Augsburg","Bayern Munich","svenskaspel_se","2026-10-10T12:01:23Z","h2h","Draw","9.0"
"2026-10-10T12:02:03Z","soccer_germany_bundesliga","2026-10-10T13:30:00Z","Augsburg","Bayern Munich","betfair_ex_eu","2026-10-10T12:01:55Z","h2h","Augsburg","15.0"
"2026-10-10T12:02:03Z","soccer_germany_bundesliga","2026-10-10T13:30:00Z","Augsburg","Bayern Munich","betfair_ex_eu","2026-10-10T12:01:55Z","h2h","Bayern Munich","1.2"
"2026-10-10T12:02:03Z","soccer_germany_bundesliga","2026-10-10T13:30:00Z","Augsburg","Bayern Munich","betfair_ex_eu","2026-10-10T12:01:55Z","h2h","Draw","9.8"
"2026-10-10T12:02:03Z","soccer_germany_bundesliga","2026-10-10T13:30:00Z","Augsburg","Bayern Munich","betfair_ex_eu","2026-10-10T12:01:55Z","h2h_lay","Augsburg","15.5"
"2026-10-10T12:02:03Z","soccer_germany_bundesliga","2026-10-10T13:30:00Z","Augsburg","Bayern Munich","betfair_ex_eu","2026-10-10T12:01:55Z","h2h_lay","Bayern Munich","1.21"
"2026-10-10T12:02:03Z","soccer_germany_bundesliga","2026-10-10T13:30:00Z","Augsburg","Bayern Munich","betfair_ex_eu","2026-10-10T12:01:55Z","h2h_lay","Draw","10.0"
"2026-10-10T12:02:03Z","soccer_germany_bundesliga","2026-10-10T13:30:00Z","Augsburg","Bayern Munich","matchbook","2026-10-10T12:01:55Z","h2h","Augsburg","15.0"
"2026-10-10T12:02:03Z","soccer_germany_bundesliga","2026-10-10T13:30:00Z","Augsburg","Bayern Munich","matchbook","2026-10-10T12:01:55Z","h2h","Bayern Munich","1.2"
"2026-10-10T12:02:03Z","soccer_germany_bundesliga","2026-10-10T13:30:00Z","Augsburg","Bayern Munich","matchbook","2026-10-10T12:01:55Z","h2h","Draw","9.8"
"2026-10-10T12:02:03Z","soccer_germany_bundesliga","2026-10-10T13:30:00Z","Augsburg","Bayern Munich","matchbook","2026-10-10T12:01:55Z","h2h_lay","Augsburg","15.5"
"2026-10-10T12:02:03Z","soccer_germany_bundesliga","2026-10-10T13:30:00Z","Augsburg","Bayern Munich","matchbook","2026-10-10T12:01:55Z","h2h_lay","Bayern Munich","1.21"
"2026-10-10T12:02:03Z","soccer_germany_bundesliga","2026-10-10T13:30:00Z","Augsburg","Bayern Munich","matchbook","2026-10-10T12:01:55Z","h2h_lay","Draw","10.0"
"2026-10-10T12:02:03Z","soccer_germany_bundesliga","2026-10-10T13:30:00Z","Augsburg","Bayern Munich","gtbets","2026-10-10T12:01:23Z","h2h","Augsburg","11.51"
"2026-10-10T12:02:03Z","soccer_germany_bundesliga","2026-10-10T13:30:00Z","Augsburg","Bayern Munich","gtbets","2026-10-10T12:01:23Z","h2h","Bayern Munich","1.16"
"2026-10-10T12:02:03Z","soccer_germany_bundesliga","2026-10-10T13:30:00Z","Augsburg","Bayern Munich","gtbets","2026-10-10T12:01:23Z","h2h","Draw","8.95"
"2026-10-10T12:02:03Z","soccer_germany_bundesliga","2026-10-10T13:30:00Z","Augsburg","Bayern Munich","betonlineag","2026-10-10T12:01:40Z","h2h","Augsburg","13.25"
"2026-10-10T12:02:03Z","soccer_germany_bundesliga","2026-10-10T13:30:00Z","Augsburg","Bayern Munich","betonlineag","2026-10-10T12:01:40Z","h2h","Bayern Munich","1.17"
"2026-10-10T12:02:03Z","soccer_germany_bundesliga","2026-10-10T13:30:00Z","Augsburg","Bayern Munich","betonlineag","2026-10-10T12:01:40Z","h2h","Draw","9.35"
"2026-10-10T12:02:03Z","soccer_germany_bundesliga","2026-10-10T13:30:00Z","FSV Mainz 05","Bayer Leverkusen","pinnacle","2026-10-10T12:01:55Z","h2h","Bayer Leverkusen","2.21"
"2026-10-10T12:02:03Z","soccer_germany_bundesliga","2026-10-10T13:30:00Z","FSV Mainz 05","Bayer Leverkusen","pinnacle","2026-10-10T12:01:55Z","h2h","FSV Mainz 05","3.25"
"2026-10-10T12:02:03Z","soccer_germany_bundesliga","2026-10-10T13:30:00Z","FSV Mainz 05","Bayer Leverkusen","pinnacle","2026-10-10T12:01:55Z","h2h","Draw","3.74"
"2026-10-10T12:02:03Z","soccer_germany_bundesliga","2026-10-10T13:30:00Z","FSV Mainz 05","Bayer Leverkusen","betclic_fr","2026-10-10T12:01:57Z","h2h","Bayer Leverkusen","2.15"
"2026-10-10T12:02:03Z","soccer_germany_bundesliga","2026-10-10T13:30:00Z","FSV Mainz 05","Bayer Leverkusen","betclic_fr","2026-10-10T12:01:57Z","h2h","FSV Mainz 05","3.05"
"2026-10-10T12:02:03Z","soccer_germany_bundesliga","2026-10-10T13:30:00Z","FSV Mainz 05","Bayer Leverkusen","betclic_fr","2026-10-10T12:01:57Z","h2h","Draw","3.65"
"2026-10-10T12:02:03Z","soccer_germany_bundesliga","2026-10-10T13:30:00Z","FSV Mainz 05","Bayer Leverkusen","betinia_se","2026-10-10T12:01:41Z","h2h","Bayer Leverkusen","2.2"
"2026-10-10T12:02:03Z","soccer_germany_bundesliga","2026-10-10T13:30:00Z","FSV Mainz 05","Bayer Leverkusen","betinia_se","2026-10-10T12:01:41Z","h2h","FSV Mainz 05","3.1"
"2026-10-10T12:02:03Z","soccer_germany_bundesliga","2026-10-10T13:30:00Z","FSV Mainz 05","Bayer Leverkusen","betinia_se","2026-10-10T12:01:41Z","h2h","Draw","3.67"
"2026-10-10T12:02:03Z","soccer_germany_bundesliga","2026-10-10T13:30:00Z","FSV Mainz 05","Bayer Leverkusen","campobet_se","2026-10-10T12:01:55Z","h2h","Bayer Leverkusen","2.2"
"2026-10-10T12:02:03Z","soccer_germany_bundesliga","2026-10-10T13:30:00Z","FSV Mainz 05","Bayer Leverkusen","campobet_se","2026-10-10T12:01:55Z","h2h","FSV Mainz 05","3.1"
"2026-10-10T12:02:03Z","soccer_germany_bundesliga","2026-10-10T13:30:00Z","FSV Mainz 05","Bayer Leverkusen","campobet_se","2026-10-10T12:01:55Z","h2h","Draw","3.67"
"2026-10-10T12:02:03Z","soccer_germany_bundesliga","2026-10-10T13:30:00Z","FSV Mainz 05","Bayer Leverkusen","onexbet","2026-10-10T12:01:25Z","h2h","Bayer Leverkusen","2.23"
"2026-10-10T12:02:03Z","soccer_germany_bundesliga","2026-10-10T13:30:00Z","FSV Mainz 05","Bayer Leverkusen","onexbet","2026-10-10T12:01:25Z","h2h","FSV Mainz 05","3.25"
"2026-10-10T12:02:03Z","soccer_germany_bundesliga","2026-10-10T13:30:00Z","FSV Mainz 05","Bayer Leverkusen","onexbet","2026-10-10T12:01:25Z","h2h","Draw","3.86"
"2026-10-10T12:02:03Z","soccer_germany_bundesliga","2026-10-10T13:30:00Z","FSV Mainz 05","Bayer Leverkusen","winamax_de","2026-10-10T12:00:35Z","h2h","Bayer Leverkusen","2.1"
"2026-10-10T12:02:03Z","soccer_germany_bundesliga","2026-10-10T13:30:00Z","FSV Mainz 05","Bayer Leverkusen","winamax_de","2026-10-10T12:00:35Z","h2h","FSV Mainz 05","3.0"
"2026-10-10T12:02:03Z","soccer_germany_bundesliga","2026-10-10T13:30:00Z","FSV Mainz 05","Bayer Leverkusen","winamax_de","2026-10-10T12:00:35Z","h2h","Draw","3.8"
"2026-10-10T12:02:03Z","soccer_germany_bundesliga","2026-10-10T13:30:00Z","FSV Mainz 05","Bayer Leverkusen","winamax_fr","2026-10-10T12:01:40Z","h2h","Bayer Leverkusen","2.1"
"2026-10-10T12:02:03Z","soccer_germany_bundesliga","2026-10-10T13:30:00Z","FSV Mainz 05","Bayer Leverkusen","winamax_fr","2026-10-10T12:01:40Z","h2h","FSV Mainz 05","2.95"
"2026-10-10T12:02:03Z","soccer_germany_bundesliga","2026-10-10T13:30:00Z","FSV Mainz 05","Bayer Leverkusen","winamax_fr","2026-10-10T12:01:40Z","h2h","Draw","3.7"
"2026-10-10T12:02:03Z","soccer_germany_bundesliga","2026-10-10T13:30:00Z","FSV Mainz 05","Bayer Leverkusen","codere_it","2026-10-10T12:01:39Z","h2h","Bayer Leverkusen","2.2"
"2026-10-10T12:02:03Z","soccer_germany_bundesliga","2026-10-10T13:30:00Z","FSV Mainz 05","Bayer Leverkusen","codere_it","2026-10-10T12:01:39Z","h2h","FSV Mainz 05","3.1"
"2026-10-10T12:02:03Z","soccer_germany_bundesliga","2026-10-10T13:30:00Z","FSV Mainz 05","Bayer Leverkusen","codere_it","2026-10-10T12:01:39Z","h2h","Draw","3.7"
"2026-10-10T12:02:03Z","soccer_germany_bundesliga","2026-10-10T13:30:00Z","FSV Mainz 05","Bayer Leverkusen","unibet_fr","2026-10-10T12:01:56Z","h2h","Bayer Leverkusen","2.05"
"2026-10-10T12:02:03Z","soccer_germany_bundesliga","2026-10-10T13:30:00Z","FSV Mainz 05","Bayer Leverkusen","unibet_fr","2026-10-10T12:01:56Z","h2h","FSV Mainz 05","3.0"
"2026-10-10T12:02:03Z","soccer_germany_bundesliga","2026-10-10T13:30:00Z","FSV Mainz 05","Bayer Leverkusen","unibet_fr","2026-10-10T12:01:56Z","h2h","Draw","3.6"
"2026-10-10T12:02:03Z","soccer_germany_bundesliga","2026-10-10T13:30:00Z","FSV Mainz 05","Bayer Leverkusen","hajper_se","2026-10-10T12:01:39Z","h2h","Bayer Leverkusen","2.22"
"2026-10-10T12:02:03Z","soccer_germany_bundesliga","2026-10-10T13:30:00Z","FSV Mainz 05","Bayer Leverkusen","hajper_se","2026-10-10T12:01:39Z","h2h","FSV Mainz 05","3.1"
"2026-10-10T12:02:03Z","soccer_germany_bundesliga","2026-10-10T13:30:00Z","FSV Mainz 05","Bayer Leverkusen","hajper_se","2026-10-10T12:01:39Z","h2h","Draw","3.75"
"2026-10-10T12:02:03Z","soccer_germany_bundesliga","2026-10-10T13:30:00Z","FSV Mainz 05","Bayer Leverkusen","sport888","2026-10-10T12:01:39Z","h2h","Bayer Leverkusen","2.1"
"2026-10-10T12:02:03Z","soccer_germany_bundesliga","2026-10-10T13:30:00Z","FSV Mainz 05","Bayer Leverkusen","sport888","2026-10-10T12:01:39Z","h2h","FSV Mainz 05","3.0"
"2026-10-10T12:02:03Z","soccer_germany_bundesliga","2026-10-10T13:30:00Z","FSV Mainz 05","Bayer Leverkusen","sport888","2026-10-10T12:01:39Z","h2h","Draw","3.6"
"2026-10-10T12:02:03Z","soccer_germany_bundesliga","2026-10-10T13:30:00Z","FSV Mainz 05","Bayer Leverkusen","mrgreen_se","2026-10-10T12:01:55Z","h2h","Bayer Leverkusen","2.1"
"2026-10-10T12:02:03Z","soccer_germany_bundesliga","2026-10-10T13:30:00Z","FSV Mainz 05","Bayer Leverkusen","mrgreen_se","2026-10-10T12:01:55Z","h2h","FSV Mainz 05","3.0"
"2026-10-10T12:02:03Z","soccer_germany_bundesliga","2026-10-10T13:30:00Z","FSV Mainz 05","Bayer Leverkusen","mrgreen_se","2026-10-10T12:01:55Z","h2h","Draw","3.6"
"2026-10-10T12:02:03Z","soccer_germany_bundesliga","2026-10-10T13:30:00Z","FSV Mainz 05","Bayer Leverkusen","sport888_se","2026-10-10T12:01:55Z","h2h","Bayer Leverkusen","2.1"
"2026-10-10T12:02:03Z","soccer_germany_bundesliga","2026-10-10T13:30:00Z","FSV Mainz 05","Bayer Leverkusen","sport888_se","2026-10-10T12:01:55Z","h2h","FSV Mainz 05","3.0"
"2026-10-10T12:02:03Z","soccer_germany_bundesliga","2026-10-10T13:30:00Z","FSV Mainz 05","Bayer Leverkusen","sport888_se","2026-10-10T12:01:55Z","h2h","Draw","3.6"
"2026-10-10T12:02:03Z","soccer_germany_bundesliga","2026-10-10T13:30:00Z","FSV Mainz 05","Bayer Leverkusen","williamhill","2026-10-10T12:01:07Z","h2h","Bayer Leverkusen","2.1"
"2026-10-10T12:02:03Z","soccer_germany_bundesliga","2026-10-10T13:30:00Z","FSV Mainz 05","Bayer Leverkusen","williamhill","2026-10-10T12:01:07Z","h2h","FSV Mainz 05","3.0"
"2026-10-10T12:02:03Z","soccer_germany_bundesliga","2026-10-10T13:30:00Z","FSV Mainz 05","Bayer Leverkusen","williamhill","2026-10-10T12:01:07Z","h2h","Draw","3.6"
"2026-10-10T12:02:03Z","soccer_germany_bundesliga","2026-10-10T13:30:00Z","FSV Mainz 05","Bayer Leverkusen","tipico_de","2026-10-10T12:01:39Z","h2h","Bayer Leverkusen","2.15"
"2026-10-10T12:02:03Z","soccer_germany_bundesliga","2026-10-10T13:30:00Z","FSV Mainz 05","Bayer Leverkusen","tipico_de","2026-10-10T12:01:39Z","h2h","FSV Mainz 05","3.2"
"2026-10-10T12:02:03Z","soccer_germany_bundesliga","2026-10-10T13:30:00Z","FSV Mainz 05","Bayer Leverkusen","tipico_de","2026-10-10T12:01:39Z","h2h","Draw","3.6"
"2026-10-10T12:02:03Z","soccer_germany_bundesliga","2026-10-10T13:30:00Z","FSV Mainz 05","Bayer Leverkusen","nordicbet","2026-10-10T12:01:55Z","h2h","Bayer Leverkusen","2.18"
"2026-10-10T12:02:03Z","soccer_germany_bundesliga","2026-10-10T13:30:00Z","FSV Mainz 05","Bayer Leverkusen","nordicbet","2026-10-10T12:01:55Z","h2h","FSV Mainz 05","3.05"
"2026-10-10T12:02:03Z","soccer_germany_bundesliga","2026-10-10T13:30:00Z","FSV Mainz 05","Bayer Leverkusen","nordicbet","2026-10-10T12:01:55Z","h2h","Draw","3.6"
"2026-10-10T12:02:03Z","soccer_germany_bundesliga","2026-10-10T13:30:00Z","FSV Mainz 05","Bayer Leverkusen","betsson","2026-10-10T12:01:57Z","h2h","Bayer Leverkusen","2.18"
"2026-10-10T12:02:03Z","soccer_germany_bundesliga","2026-10-10T13:30:00Z","FSV Mainz 05","Bayer Leverkusen","betsson","2026-10-10T12:01:57Z","h2h","FSV Mainz 05","3.05"
"2026-10-10T12:02:03Z","soccer_germany_bundesliga","2026-10-10T13:30:00Z","FSV Mainz 05","Bayer Leverkusen","betsson","2026-10-10T12:01:57Z","h2h","Draw","3.6"
"2026-10-10T12:02:03Z","soccer_germany_bundesliga","2026-10-10T13:30:00Z","FSV Mainz 05","Bayer Leverkusen","everygame","2026-10-10T12:02:04Z","h2h","Bayer Leverkusen","2.15"
"2026-10-10T12:02:03Z","soccer_germany_bundesliga","2026-10-10T13:30:00Z","FSV Mainz 05","Bayer Leverkusen","everygame","2026-10-10T12:02:04Z","h2h","FSV Mainz 05","3.1"
"2026-10-10T12:02:03Z","soccer_germany_bundesliga","2026-10-10T13:30:00Z","FSV Mainz 05","Bayer Leverkusen","everygame","2026-10-10T12:02:04Z","h2h","Draw","3.65"
"2026-10-10T12:02:03Z","soccer_germany_bundesliga","2026-10-10T13:30:00Z","FSV Mainz 05","Bayer Leverkusen","coolbet","2026-10-10T12:01:23Z","h2h","Bayer Leverkusen","2.23"
"2026-10-10T12:02:03Z","soccer_germany_bundesliga","2026-10-10T13:30:00Z","FSV Mainz 05","Bayer Leverkusen","coolbet","2026-10-10T12:01:23Z","h2h","FSV Mainz 05","3.02"
"2026-10-10T12:02:03Z","soccer_germany_bundesliga","2026-10-10T13:30:00Z","FSV Mainz 05","Bayer Leverkusen","coolbet","2026-10-10T12:01:23Z","h2h","Draw","3.75"
"2026-10-10T12:02:03Z","soccer_germany_bundesliga","2026-10-10T13:30:00Z","FSV Mainz 05","Bayer Leverkusen","betmgm_se","2026-10-10T12:01:55Z","h2h","Bayer Leverkusen","2.1"
"2026-10-10T12:02:03Z","soccer_germany_bundesliga","2026-10-10T13:30:00Z","FSV Mainz 05","Bayer Leverkusen","betmgm_se","2026-10-10T12:01:55Z","h2h","FSV Mainz 05","2.9"
"2026-10-10T12:02:03Z","soccer_germany_bundesliga","2026-10-10T13:30:00Z","FSV Mainz 05","Bayer Leverkusen","betmgm_se","2026-10-10T12:01:55Z","h2h","Draw","3.75"
"2026-10-10T12:02:03Z","soccer_germany_bundesliga","2026-10-10T13:30:00Z","FSV Mainz 05","Bayer Leverkusen","expekt_se","2026-10-10T12:01:27Z","h2h","Bayer Leverkusen","2.12"
"2026-10-10T12:02:03Z","soccer_germany_bundesliga","2026-10-10T13:30:00Z","FSV Mainz 05","Bayer Leverkusen","expekt_se","2026-10-10T12:01:27Z","h2h","FSV Mainz 05","2.95"
"2026-10-10T12:02:03Z","soccer_germany_bundesliga","2026-10-10T13:30:00Z","FSV Mainz 05","Bayer Leverkusen","expekt_se","2026-10-10T12:01:27Z","h2h","Draw","3.8"
"2026-10-10T12:02:03Z","soccer_germany_bundesliga","2026-10-10T13:30:00Z","FSV Mainz 05","Bayer Leverkusen","unibet_se","2026-10-10T12:01:39Z","h2h","Bayer Leverkusen","2.2"
"2026-10-10T12:02:03Z","soccer_germany_bundesliga","2026-10-10T13:30:00Z","FSV Mainz 05","Bayer Leverkusen","unibet_se","2026-10-10T12:01:39Z","h2h","FSV Mainz 05","3.05"
"2026-10-10T12:02:03Z","soccer_germany_bundesliga","2026-10-10T13:30:00Z","FSV Mainz 05","Bayer Leverkusen","unibet_se","2026-10-10T12:01:39Z","h2h","Draw","4.0"
"2026-10-10T12:02:03Z","soccer_germany_bundesliga","2026-10-10T13:30:00Z","FSV Mainz 05","Bayer Leverkusen","leovegas_se","2026-10-10T12:01:39Z","h2h","Bayer Leverkusen","2.1"
"2026-10-10T12:02:03Z","soccer_germany_bundesliga","2026-10-10T13:30:00Z","FSV Mainz 05","Bayer Leverkusen","leovegas_se","2026-10-10T12:01:39Z","h2h","FSV Mainz 05","2.9"
"2026-10-10T12:02:03Z","soccer_germany_bundesliga","2026-10-10T13:30:00Z","FSV Mainz 05","Bayer Leverkusen","leovegas_se","2026-10-10T12:01:39Z","h2h","Draw","3.75"
"2026-10-10T12:02:03Z","soccer_germany_bundesliga","2026-10-10T13:30:00Z","FSV Mainz 05","Bayer Leverkusen","svenskaspel_se","2026-10-10T12:01:23Z","h2h","Bayer Leverkusen","2.2"
"2026-10-10T12:02:03Z","soccer_germany_bundesliga","2026-10-10T13:30:00Z","FSV Mainz 05","Bayer Leverkusen","svenskaspel_se","2026-10-10T12:01:23Z","h2h","FSV Mainz 05","3.05"
"2026-10-10T12:02:03Z","soccer_germany_bundesliga","2026-10-10T13:30:00Z","FSV Mainz 05","Bayer Leverkusen","svenskaspel_se","2026-10-10T12:01:23Z","h2h","Draw","4.0"
"2026-10-10T12:02:03Z","soccer_germany_bundesliga","2026-10-10T13:30:00Z","FSV Mainz 05","Bayer Leverkusen","unibet_nl","2026-10-10T12:01:39Z","h2h","Bayer Leverkusen","2.2"
"2026-10-10T12:02:03Z","soccer_germany_bundesliga","2026-10-10T13:30:00Z","FSV Mainz 05","Bayer Leverkusen","unibet_nl","2026-10-10T12:01:39Z","h2h","FSV Mainz 05","3.05"
"2026-10-10T12:02:03Z","soccer_germany_bundesliga","2026-10-10T13:30:00Z","FSV Mainz 05","Bayer Leverkusen","unibet_nl","2026-10-10T12:01:39Z","h2h","Draw","4.0"
"2026-10-10T12:02:03Z","soccer_germany_bundesliga","2026-10-10T13:30:00Z","FSV Mainz 05","Bayer Leverkusen","atg_se","2026-10-10T12:01:39Z","h2h","Bayer Leverkusen","2.2"
"2026-10-10T12:02:03Z","soccer_germany_bundesliga","2026-10-10T13:30:00Z","FSV Mainz 05","Bayer Leverkusen","atg_se","2026-10-10T12:01:39Z","h2h","FSV Mainz 05","3.05"
"2026-10-10T12:02:03Z","soccer_germany_bundesliga","2026-10-10T13:30:00Z","FSV Mainz 05","Bayer Leverkusen","atg_se","2026-10-10T12:01:39Z","h2h","Draw","4.0"
"2026-10-10T12:02:03Z","soccer_germany_bundesliga","2026-10-10T13:30:00Z","FSV Mainz 05","Bayer Leverkusen","betfair_ex_eu","2026-10-10T12:01:55Z","h2h","Bayer Leverkusen","2.26"
"2026-10-10T12:02:03Z","soccer_germany_bundesliga","2026-10-10T13:30:00Z","FSV Mainz 05","Bayer Leverkusen","betfair_ex_eu","2026-10-10T12:01:55Z","h2h","FSV Mainz 05","3.3"
"2026-10-10T12:02:03Z","soccer_germany_bundesliga","2026-10-10T13:30:00Z","FSV Mainz 05","Bayer Leverkusen","betfair_ex_eu","2026-10-10T12:01:55Z","h2h","Draw","3.9"
"2026-10-10T12:02:03Z","soccer_germany_bundesliga","2026-10-10T13:30:00Z","FSV Mainz 05","Bayer Leverkusen","betfair_ex_eu","2026-10-10T12:01:55Z","h2h_lay","Bayer Leverkusen","2.28"
"2026-10-10T12:02:03Z","soccer_germany_bundesliga","2026-10-10T13:30:00Z","FSV Mainz 05","Bayer Leverkusen","betfair_ex_eu","2026-10-10T12:01:55Z","h2h_lay","FSV Mainz 05","3.35"
"2026-10-10T12:02:03Z","soccer_germany_bundesliga","2026-10-10T13:30:00Z","FSV Mainz 05","Bayer Leverkusen","betfair_ex_eu","2026-10-10T12:01:55Z","h2h_lay","Draw","3.95"
"2026-10-10T12:02:03Z","soccer_germany_bundesliga","2026-10-10T13:30:00Z","FSV Mainz 05","Bayer Leverkusen","matchbook","2026-10-10T12:01:55Z","h2h","Bayer Leverkusen","2.26"
"2026-10-10T12:02:03Z","soccer_germany_bundesliga","2026-10-10T13:30:00Z","FSV Mainz 05","Bayer Leverkusen","matchbook","2026-10-10T12:01:55Z","h2h","FSV Mainz 05","3.3"
"2026-10-10T12:02:03Z","soccer_germany_bundesliga","2026-10-10T13:30:00Z","FSV Mainz 05","Bayer Leverkusen","matchbook","2026-10-10T12:01:55Z","h2h","Draw","3.9"
"2026-10-10T12:02:03Z","soccer_germany_bundesliga","2026-10-10T13:30:00Z","FSV Mainz 05","Bayer Leverkusen","matchbook","2026-10-10T12:01:55Z","h2h_lay","Bayer Leverkusen","2.28"
"2026-10-10T12:02:03Z","soccer_germany_bundesliga","2026-10-10T13:30:00Z","FSV Mainz 05","Bayer Leverkusen","matchbook","2026-10-10T12:01:55Z","h2h_lay","FSV Mainz 05","3.35"
"2026-10-10T12:02:03Z","soccer_germany_bundesliga","2026-10-10T13:30:00Z","FSV Mainz 05","Bayer Leverkusen","matchbook","2026-10-10T12:01:55Z","h2h_lay","Draw","3.95"
"2026-10-10T12:02:03Z","soccer_germany_bundesliga","2026-10-10T13:30:00Z","FSV Mainz 05","Bayer Leverkusen","gtbets","2026-10-10T12:01:23Z","h2h","Bayer Leverkusen","2.26"
"2026-10-10T12:02:03Z","soccer_germany_bundesliga","2026-10-10T13:30:00Z","FSV Mainz 05","Bayer Leverkusen","gtbets","2026-10-10T12:01:23Z","h2h","FSV Mainz 05","3.06"
"2026-10-10T12:02:03Z","soccer_germany_bundesliga","2026-10-10T13:30:00Z","FSV Mainz 05","Bayer Leverkusen","gtbets","2026-10-10T12:01:23Z","h2h","Draw","3.81"
"2026-10-10T12:02:03Z","soccer_germany_bundesliga","2026-10-10T13:30:00Z","FSV Mainz 05","Bayer Leverkusen","betonlineag","2026-10-10T12:01:40Z","h2h","Bayer Leverkusen","2.18"
"2026-10-10T12:02:03Z","soccer_germany_bundesliga","2026-10-10T13:30:00Z","FSV Mainz 05","Bayer Leverkusen","betonlineag","2026-10-10T12:01:40Z","h2h","FSV Mainz 05","3.12"
"2026-10-10T12:02:03Z","soccer_germany_bundesliga","2026-10-10T13:30:00Z","FSV Mainz 05","Bayer Leverkusen","betonlineag","2026-10-10T12:01:40Z","h2h","Draw","3.92"
"2026-10-10T12:02:03Z","soccer_germany_bundesliga","2026-10-10T13:30:00Z","Union Berlin","Elversberg","pinnacle","2026-10-10T12:01:55Z","h2h","Elversberg","2.83"
"2026-10-10T12:02:03Z","soccer_germany_bundesliga","2026-10-10T13:30:00Z","Union Berlin","Elversberg","pinnacle","2026-10-10T12:01:55Z","h2h","Union Berlin","2.53"
"2026-10-10T12:02:03Z","soccer_germany_bundesliga","2026-10-10T13:30:00Z","Union Berlin","Elversberg","pinnacle","2026-10-10T12:01:55Z","h2h","Draw","3.58"
"2026-10-10T12:02:03Z","soccer_germany_bundesliga","2026-10-10T13:30:00Z","Union Berlin","Elversberg","betclic_fr","2026-10-10T12:01:57Z","h2h","Elversberg","2.72"
"2026-10-10T12:02:03Z","soccer_germany_bundesliga","2026-10-10T13:30:00Z","Union Berlin","Elversberg","betclic_fr","2026-10-10T12:01:57Z","h2h","Union Berlin","2.4"
"2026-10-10T12:02:03Z","soccer_germany_bundesliga","2026-10-10T13:30:00Z","Union Berlin","Elversberg","betclic_fr","2026-10-10T12:01:57Z","h2h","Draw","3.53"
"2026-10-10T12:02:03Z","soccer_germany_bundesliga","2026-10-10T13:30:00Z","Union Berlin","Elversberg","betinia_se","2026-10-10T12:01:41Z","h2h","Elversberg","2.83"
"2026-10-10T12:02:03Z","soccer_germany_bundesliga","2026-10-10T13:30:00Z","Union Berlin","Elversberg","betinia_se","2026-10-10T12:01:41Z","h2h","Union Berlin","2.43"
"2026-10-10T12:02:03Z","soccer_germany_bundesliga","2026-10-10T13:30:00Z","Union Berlin","Elversberg","betinia_se","2026-10-10T12:01:41Z","h2h","Draw","3.5"
"2026-10-10T12:02:03Z","soccer_germany_bundesliga","2026-10-10T13:30:00Z","Union Berlin","Elversberg","campobet_se","2026-10-10T12:01:55Z","h2h","Elversberg","2.83"
"2026-10-10T12:02:03Z","soccer_germany_bundesliga","2026-10-10T13:30:00Z","Union Berlin","Elversberg","campobet_se","2026-10-10T12:01:55Z","h2h","Union Berlin","2.43"
"2026-10-10T12:02:03Z","soccer_germany_bundesliga","2026-10-10T13:30:00Z","Union Berlin","Elversberg","campobet_se","2026-10-10T12:01:55Z","h2h","Draw","3.5"
"2026-10-10T12:02:03Z","soccer_germany_bundesliga","2026-10-10T13:30:00Z","Union Berlin","Elversberg","onexbet","2026-10-10T12:01:25Z","h2h","Elversberg","2.92"
"2026-10-10T12:02:03Z","soccer_germany_bundesliga","2026-10-10T13:30:00Z","Union Berlin","Elversberg","onexbet","2026-10-10T12:01:25Z","h2h","Union Berlin","2.52"
"2026-10-10T12:02:03Z","soccer_germany_bundesliga","2026-10-10T13:30:00Z","Union Berlin","Elversberg","onexbet","2026-10-10T12:01:25Z","h2h","Draw","3.63"
"2026-10-10T12:02:03Z","soccer_germany_bundesliga","2026-10-10T13:30:00Z","Union Berlin","Elversberg","winamax_de","2026-10-10T12:00:35Z","h2h","Elversberg","2.75"
"2026-10-10T12:02:03Z","soccer_germany_bundesliga","2026-10-10T13:30:00Z","Union Berlin","Elversberg","winamax_de","2026-10-10T12:00:35Z","h2h","Union Berlin","2.3"
"2026-10-10T12:02:03Z","soccer_germany_bundesliga","2026-10-10T13:30:00Z","Union Berlin","Elversberg","winamax_de","2026-10-10T12:00:35Z","h2h","Draw","3.7"
"2026-10-10T12:02:03Z","soccer_germany_bundesliga","2026-10-10T13:30:00Z","Union Berlin","Elversberg","winamax_fr","2026-10-10T12:01:40Z","h2h","Elversberg","2.7"
"2026-10-10T12:02:03Z","soccer_germany_bundesliga","2026-10-10T13:30:00Z","Union Berlin","Elversberg","winamax_fr","2026-10-10T12:01:40Z","h2h","Union Berlin","2.25"
"2026-10-10T12:02:03Z","soccer_germany_bundesliga","2026-10-10T13:30:00Z","Union Berlin","Elversberg","winamax_fr","2026-10-10T12:01:40Z","h2h","Draw","3.6"
"2026-10-10T12:02:03Z","soccer_germany_bundesliga","2026-10-10T13:30:00Z","Union Berlin","Elversberg","codere_it","2026-10-10T12:01:39Z","h2h","Elversberg","2.75"
"2026-10-10T12:02:03Z","soccer_germany_bundesliga","2026-10-10T13:30:00Z","Union Berlin","Elversberg","codere_it","2026-10-10T12:01:39Z","h2h","Union Berlin","2.46"
"2026-10-10T12:02:03Z","soccer_germany_bundesliga","2026-10-10T13:30:00Z","Union Berlin","Elversberg","codere_it","2026-10-10T12:01:39Z","h2h","Draw","3.55"
"2026-10-10T12:02:03Z","soccer_germany_bundesliga","2026-10-10T13:30:00Z","Union Berlin","Elversberg","unibet_fr","2026-10-10T12:01:56Z","h2h","Elversberg","2.65"
"2026-10-10T12:02:03Z","soccer_germany_bundesliga","2026-10-10T13:30:00Z","Union Berlin","Elversberg","unibet_fr","2026-10-10T12:01:56Z","h2h","Union Berlin","2.3"
"2026-10-10T12:02:03Z","soccer_germany_bundesliga","2026-10-10T13:30:00Z","Union Berlin","Elversberg","unibet_fr","2026-10-10T12:01:56Z","h2h","Draw","3.4"
"2026-10-10T12:02:03Z","soccer_germany_bundesliga","2026-10-10T13:30:00Z","Union Berlin","Elversberg","hajper_se","2026-10-10T12:01:39Z","h2h","Elversberg","2.75"
"2026-10-10T12:02:03Z","soccer_germany_bundesliga","2026-10-10T13:30:00Z","Union Berlin","Elversberg","hajper_se","2026-10-10T12:01:39Z","h2h","Union Berlin","2.49"
"2026-10-10T12:02:03Z","soccer_germany_bundesliga","2026-10-10T13:30:00Z","Union Berlin","Elversberg","hajper_se","2026-10-10T12:01:39Z","h2h","Draw","3.6"
"2026-10-10T12:02:03Z","soccer_germany_bundesliga","2026-10-10T13:30:00Z","Union Berlin","Elversberg","coolbet","2026-10-10T12:01:23Z","h2h","Elversberg","2.87"
"2026-10-10T12:02:03Z","soccer_germany_bundesliga","2026-10-10T13:30:00Z","Union Berlin","Elversberg","coolbet","2026-10-10T12:01:23Z","h2h","Union Berlin","2.44"
"2026-10-10T12:02:03Z","soccer_germany_bundesliga","2026-10-10T13:30:00Z","Union Berlin","Elversberg","coolbet","2026-10-10T12:01:23Z","h2h","Draw","3.6"
"2026-10-10T12:02:03Z","soccer_germany_bundesliga","2026-10-10T13:30:00Z","Union Berlin","Elversberg","sport888","2026-10-10T12:01:39Z","h2h","Elversberg","2.75"
"2026-10-10T12:02:03Z","soccer_germany_bundesliga","2026-10-10T13:30:00Z","Union Berlin","Elversberg","sport888","2026-10-10T12:01:39Z","h2h","Union Berlin","2.4"
"2026-10-10T12:02:03Z","soccer_germany_bundesliga","2026-10-10T13:30:00Z","Union Berlin","Elversberg","sport888","2026-10-10T12:01:39Z","h2h","Draw","3.3"
"2026-10-10T12:02:03Z","soccer_germany_bundesliga","2026-10-10T13:30:00Z","Union Berlin","Elversberg","sport888_se","2026-10-10T12:01:55Z","h2h","Elversberg","2.75"
"2026-10-10T12:02:03Z","soccer_germany_bundesliga","2026-10-10T13:30:00Z","Union Berlin","Elversberg","sport888_se","2026-10-10T12:01:55Z","h2h","Union Berlin","2.4"
"2026-10-10T12:02:03Z","soccer_germany_bundesliga","2026-10-10T13:30:00Z","Union Berlin","Elversberg","sport888_se","2026-10-10T12:01:55Z","h2h","Draw","3.3"
"2026-10-10T12:02:03Z","soccer_germany_bundesliga","2026-10-10T13:30:00Z","Union Berlin","Elversberg","mrgreen_se","2026-10-10T12:01:55Z","h2h","Elversberg","2.75"
"2026-10-10T12:02:03Z","soccer_germany_bundesliga","2026-10-10T13:30:00Z","Union Berlin","Elversberg","mrgreen_se","2026-10-10T12:01:55Z","h2h","Union Berlin","2.4"
"2026-10-10T12:02:03Z","soccer_germany_bundesliga","2026-10-10T13:30:00Z","Union Berlin","Elversberg","mrgreen_se","2026-10-10T12:01:55Z","h2h","Draw","3.3"
"2026-10-10T12:02:03Z","soccer_germany_bundesliga","2026-10-10T13:30:00Z","Union Berlin","Elversberg","williamhill","2026-10-10T12:01:07Z","h2h","Elversberg","2.75"
"2026-10-10T12:02:03Z","soccer_germany_bundesliga","2026-10-10T13:30:00Z","Union Berlin","Elversberg","williamhill","2026-10-10T12:01:07Z","h2h","Union Berlin","2.4"
"2026-10-10T12:02:03Z","soccer_germany_bundesliga","2026-10-10T13:30:00Z","Union Berlin","Elversberg","williamhill","2026-10-10T12:01:07Z","h2h","Draw","3.3"
"2026-10-10T12:02:03Z","soccer_germany_bundesliga","2026-10-10T13:30:00Z","Union Berlin","Elversberg","tipico_de","2026-10-10T12:01:39Z","h2h","Elversberg","2.6"
"2026-10-10T12:02:03Z","soccer_germany_bundesliga","2026-10-10T13:30:00Z","Union Berlin","Elversberg","tipico_de","2026-10-10T12:01:39Z","h2h","Union Berlin","2.5"
"2026-10-10T12:02:03Z","soccer_germany_bundesliga","2026-10-10T13:30:00Z","Union Berlin","Elversberg","tipico_de","2026-10-10T12:01:39Z","h2h","Draw","3.7"
"2026-10-10T12:02:03Z","soccer_germany_bundesliga","2026-10-10T13:30:00Z","Union Berlin","Elversberg","nordicbet","2026-10-10T12:01:55Z","h2h","Elversberg","2.75"
"2026-10-10T12:02:03Z","soccer_germany_bundesliga","2026-10-10T13:30:00Z","Union Berlin","Elversberg","nordicbet","2026-10-10T12:01:55Z","h2h","Union Berlin","2.45"
"2026-10-10T12:02:03Z","soccer_germany_bundesliga","2026-10-10T13:30:00Z","Union Berlin","Elversberg","nordicbet","2026-10-10T12:01:55Z","h2h","Draw","3.4"
"2026-10-10T12:02:03Z","soccer_germany_bundesliga","2026-10-10T13:30:00Z","Union Berlin","Elversberg","betsson","2026-10-10T12:01:57Z","h2h","Elversberg","2.75"
"2026-10-10T12:02:03Z","soccer_germany_bundesliga","2026-10-10T13:30:00Z","Union Berlin","Elversberg","betsson","2026-10-10T12:01:57Z","h2h","Union Berlin","2.45"
"2026-10-10T12:02:03Z","soccer_germany_bundesliga","2026-10-10T13:30:00Z","Union Berlin","Elversberg","betsson","2026-10-10T12:01:57Z","h2h","Draw","3.4"
"2026-10-10T12:02:03Z","soccer_germany_bundesliga","2026-10-10T13:30:00Z","Union Berlin","Elversberg","everygame","2026-10-10T12:02:04Z","h2h","Elversberg","2.75"
"2026-10-10T12:02:03Z","soccer_germany_bundesliga","2026-10-10T13:30:00Z","Union Berlin","Elversberg","everygame","2026-10-10T12:02:04Z","h2h","Union Berlin","2.45"
"2026-10-10T12:02:03Z","soccer_germany_bundesliga","2026-10-10T13:30:00Z","Union Berlin","Elversberg","everygame","2026-10-10T12:02:04Z","h2h","Draw","3.5"
"2026-10-10T12:02:03Z","soccer_germany_bundesliga","2026-10-10T13:30:00Z","Union Berlin","Elversberg","leovegas_se","2026-10-10T12:01:39Z","h2h","Elversberg","2.65"
"2026-10-10T12:02:03Z","soccer_germany_bundesliga","2026-10-10T13:30:00Z","Union Berlin","Elversberg","leovegas_se","2026-10-10T12:01:39Z","h2h","Union Berlin","2.3"
"2026-10-10T12:02:03Z","soccer_germany_bundesliga","2026-10-10T13:30:00Z","Union Berlin","Elversberg","leovegas_se","2026-10-10T12:01:39Z","h2h","Draw","3.6"
"2026-10-10T12:02:03Z","soccer_germany_bundesliga","2026-10-10T13:30:00Z","Union Berlin","Elversberg","svenskaspel_se","2026-10-10T12:01:23Z","h2h","Elversberg","2.8"
"2026-10-10T12:02:03Z","soccer_germany_bundesliga","2026-10-10T13:30:00Z","Union Berlin","Elversberg","svenskaspel_se","2026-10-10T12:01:23Z","h2h","Union Berlin","2.43"
"2026-10-10T12:02:03Z","soccer_germany_bundesliga","2026-10-10T13:30:00Z","Union Berlin","Elversberg","svenskaspel_se","2026-10-10T12:01:23Z","h2h","Draw","3.85"
"2026-10-10T12:02:03Z","soccer_germany_bundesliga","2026-10-10T13:30:00Z","Union Berlin","Elversberg","betmgm_se","2026-10-10T12:01:55Z","h2h","Elversberg","2.65"
"2026-10-10T12:02:03Z","soccer_germany_bundesliga","2026-10-10T13:30:00Z","Union Berlin","Elversberg","betmgm_se","2026-10-10T12:01:55Z","h2h","Union Berlin","2.3"
"2026-10-10T12:02:03Z","soccer_germany_bundesliga","2026-10-10T13:30:00Z","Union Berlin","Elversberg","betmgm_se","2026-10-10T12:01:55Z","h2h","Draw","3.6"
"2026-10-10T12:02:03Z","soccer_germany_bundesliga","2026-10-10T13:30:00Z","Union Berlin","Elversberg","unibet_nl","2026-10-10T12:01:39Z","h2h","Elversberg","2.8"
"2026-10-10T12:02:03Z","soccer_germany_bundesliga","2026-10-10T13:30:00Z","Union Berlin","Elversberg","unibet_nl","2026-10-10T12:01:39Z","h2h","Union Berlin","2.43"
"2026-10-10T12:02:03Z","soccer_germany_bundesliga","2026-10-10T13:30:00Z","Union Berlin","Elversberg","unibet_nl","2026-10-10T12:01:39Z","h2h","Draw","3.85"
"2026-10-10T12:02:03Z","soccer_germany_bundesliga","2026-10-10T13:30:00Z","Union Berlin","Elversberg","expekt_se","2026-10-10T12:01:27Z","h2h","Elversberg","2.7"
"2026-10-10T12:02:03Z","soccer_germany_bundesliga","2026-10-10T13:30:00Z","Union Berlin","Elversberg","expekt_se","2026-10-10T12:01:27Z","h2h","Union Berlin","2.33"
"2026-10-10T12:02:03Z","soccer_germany_bundesliga","2026-10-10T13:30:00Z","Union Berlin","Elversberg","expekt_se","2026-10-10T12:01:27Z","h2h","Draw","3.65"
"2026-10-10T12:02:03Z","soccer_germany_bundesliga","2026-10-10T13:30:00Z","Union Berlin","Elversberg","atg_se","2026-10-10T12:01:39Z","h2h","Elversberg","2.8"
"2026-10-10T12:02:03Z","soccer_germany_bundesliga","2026-10-10T13:30:00Z","Union Berlin","Elversberg","atg_se","2026-10-10T12:01:39Z","h2h","Union Berlin","2.43"
"2026-10-10T12:02:03Z","soccer_germany_bundesliga","2026-10-10T13:30:00Z","Union Berlin","Elversberg","atg_se","2026-10-10T12:01:39Z","h2h","Draw","3.85"
"2026-10-10T12:02:03Z","soccer_germany_bundesliga","2026-10-10T13:30:00Z","Union Berlin","Elversberg","unibet_se","2026-10-10T12:01:39Z","h2h","Elversberg","2.8"
"2026-10-10T12:02:03Z","soccer_germany_bundesliga","2026-10-10T13:30:00Z","Union Berlin","Elversberg","unibet_se","2026-10-10T12:01:39Z","h2h","Union Berlin","2.43"
"2026-10-10T12:02:03Z","soccer_germany_bundesliga","2026-10-10T13:30:00Z","Union Berlin","Elversberg","unibet_se","2026-10-10T12:01:39Z","h2h","Draw","3.85"
"2026-10-10T12:02:03Z","soccer_germany_bundesliga","2026-10-10T13:30:00Z","Union Berlin","Elversberg","betfair_ex_eu","2026-10-10T12:01:55Z","h2h","Elversberg","2.86"
"2026-10-10T12:02:03Z","soccer_germany_bundesliga","2026-10-10T13:30:00Z","Union Berlin","Elversberg","betfair_ex_eu","2026-10-10T12:01:55Z","h2h","Union Berlin","2.6"
"2026-10-10T12:02:03Z","soccer_germany_bundesliga","2026-10-10T13:30:00Z","Union Berlin","Elversberg","betfair_ex_eu","2026-10-10T12:01:55Z","h2h","Draw","3.7"
"2026-10-10T12:02:03Z","soccer_germany_bundesliga","2026-10-10T13:30:00Z","Union Berlin","Elversberg","betfair_ex_eu","2026-10-10T12:01:55Z","h2h_lay","Elversberg","2.88"
"2026-10-10T12:02:03Z","soccer_germany_bundesliga","2026-10-10T13:30:00Z","Union Berlin","Elversberg","betfair_ex_eu","2026-10-10T12:01:55Z","h2h_lay","Union Berlin","2.62"
"2026-10-10T12:02:03Z","soccer_germany_bundesliga","2026-10-10T13:30:00Z","Union Berlin","Elversberg","betfair_ex_eu","2026-10-10T12:01:55Z","h2h_lay","Draw","3.75"
"2026-10-10T12:02:03Z","soccer_germany_bundesliga","2026-10-10T13:30:00Z","Union Berlin","Elversberg","matchbook","2026-10-10T12:01:55Z","h2h","Elversberg","2.86"
"2026-10-10T12:02:03Z","soccer_germany_bundesliga","2026-10-10T13:30:00Z","Union Berlin","Elversberg","matchbook","2026-10-10T12:01:55Z","h2h","Union Berlin","2.62"
"2026-10-10T12:02:03Z","soccer_germany_bundesliga","2026-10-10T13:30:00Z","Union Berlin","Elversberg","matchbook","2026-10-10T12:01:55Z","h2h","Draw","3.7"
"2026-10-10T12:02:03Z","soccer_germany_bundesliga","2026-10-10T13:30:00Z","Union Berlin","Elversberg","matchbook","2026-10-10T12:01:55Z","h2h_lay","Elversberg","2.88"
"2026-10-10T12:02:03Z","soccer_germany_bundesliga","2026-10-10T13:30:00Z","Union Berlin","Elversberg","matchbook","2026-10-10T12:01:55Z","h2h_lay","Union Berlin","2.64"
"2026-10-10T12:02:03Z","soccer_germany_bundesliga","2026-10-10T13:30:00Z","Union Berlin","Elversberg","matchbook","2026-10-10T12:01:55Z","h2h_lay","Draw","3.75"
"2026-10-10T12:02:03Z","soccer_germany_bundesliga","2026-10-10T13:30:00Z","Union Berlin","Elversberg","gtbets","2026-10-10T12:01:23Z","h2h","Elversberg","2.78"
"2026-10-10T12:02:03Z","soccer_germany_bundesliga","2026-10-10T13:30:00Z","Union Berlin","Elversberg","gtbets","2026-10-10T12:01:23Z","h2h","Union Berlin","2.37"
"2026-10-10T12:02:03Z","soccer_germany_bundesliga","2026-10-10T13:30:00Z","Union Berlin","Elversberg","gtbets","2026-10-10T12:01:23Z","h2h","Draw","3.55"
"2026-10-10T12:02:03Z","soccer_germany_bundesliga","2026-10-10T13:30:00Z","Union Berlin","Elversberg","betonlineag","2026-10-10T12:01:40Z","h2h","Elversberg","2.83"
"2026-10-10T12:02:03Z","soccer_germany_bundesliga","2026-10-10T13:30:00Z","Union Berlin","Elversberg","betonlineag","2026-10-10T12:01:40Z","h2h","Union Berlin","2.45"
"2026-10-10T12:02:03Z","soccer_germany_bundesliga","2026-10-10T13:30:00Z","Union Berlin","Elversberg","betonlineag","2026-10-10T12:01:40Z","h2h","Draw","3.65"
"2026-10-10T12:02:03Z","soccer_germany_bundesliga","2026-10-10T13:30:00Z","TSG Hoffenheim","Hamburger SV","pinnacle","2026-10-10T12:01:55Z","h2h","Hamburger SV","7.15"
"2026-10-10T12:02:03Z","soccer_germany_bundesliga","2026-10-10T13:30:00Z","TSG Hoffenheim","Hamburger SV","pinnacle","2026-10-10T12:01:55Z","h2h","TSG Hoffenheim","1.42"
"2026-10-10T12:02:03Z","soccer_germany_bundesliga","2026-10-10T13:30:00Z","TSG Hoffenheim","Hamburger SV","pinnacle","2026-10-10T12:01:55Z","h2h","Draw","5.31"
"2026-10-10T12:02:03Z","soccer_germany_bundesliga","2026-10-10T13:30:00Z","TSG Hoffenheim","Hamburger SV","betclic_fr","2026-10-10T12:01:57Z","h2h","Hamburger SV","6.6"
"2026-10-10T12:02:03Z","soccer_germany_bundesliga","2026-10-10T13:30:00Z","TSG Hoffenheim","Hamburger SV","betclic_fr","2026-10-10T12:01:57Z","h2h","TSG Hoffenheim","1.37"
"2026-10-10T12:02:03Z","soccer_germany_bundesliga","2026-10-10T13:30:00Z","TSG Hoffenheim","Hamburger SV","betclic_fr","2026-10-10T12:01:57Z","h2h","Draw","5.25"
"2026-10-10T12:02:03Z","soccer_germany_bundesliga","2026-10-10T13:30:00Z","TSG Hoffenheim","Hamburger SV","betinia_se","2026-10-10T12:01:41Z","h2h","Hamburger SV","7.5"
"2026-10-10T12:02:03Z","soccer_germany_bundesliga","2026-10-10T13:30:00Z","TSG Hoffenheim","Hamburger SV","betinia_se","2026-10-10T12:01:41Z","h2h","TSG Hoffenheim","1.42"
"2026-10-10T12:02:03Z","soccer_germany_bundesliga","2026-10-10T13:30:00Z","TSG Hoffenheim","Hamburger SV","betinia_se","2026-10-10T12:01:41Z","h2h","Draw","4.75"
"2026-10-10T12:02:03Z","soccer_germany_bundesliga","2026-10-10T13:30:00Z","TSG Hoffenheim","Hamburger SV","campobet_se","2026-10-10T12:01:55Z","h2h","Hamburger SV","7.5"
"2026-10-10T12:02:03Z","soccer_germany_bundesliga","2026-10-10T13:30:00Z","TSG Hoffenheim","Hamburger SV","campobet_se","2026-10-10T12:01:55Z","h2h","TSG Hoffenheim","1.42"
"2026-10-10T12:02:03Z","soccer_germany_bundesliga","2026-10-10T13:30:00Z","TSG Hoffenheim","Hamburger SV","campobet_se","2026-10-10T12:01:55Z","h2h","Draw","4.75"
"2026-10-10T12:02:03Z","soccer_germany_bundesliga","2026-10-10T13:30:00Z","TSG Hoffenheim","Hamburger SV","onexbet","2026-10-10T12:01:25Z","h2h","Hamburger SV","7.49"
"2026-10-10T12:02:03Z","soccer_germany_bundesliga","2026-10-10T13:30:00Z","TSG Hoffenheim","Hamburger SV","onexbet","2026-10-10T12:01:25Z","h2h","TSG Hoffenheim","1.45"
"2026-10-10T12:02:03Z","soccer_germany_bundesliga","2026-10-10T13:30:00Z","TSG Hoffenheim","Hamburger SV","onexbet","2026-10-10T12:01:25Z","h2h","Draw","5.23"
"2026-10-10T12:02:03Z","soccer_germany_bundesliga","2026-10-10T13:30:00Z","TSG Hoffenheim","Hamburger SV","winamax_de","2026-10-10T12:00:35Z","h2h","Hamburger SV","6.5"
"2026-10-10T12:02:03Z","soccer_germany_bundesliga","2026-10-10T13:30:00Z","TSG Hoffenheim","Hamburger SV","winamax_de","2026-10-10T12:00:35Z","h2h","TSG Hoffenheim","1.36"
"2026-10-10T12:02:03Z","soccer_germany_bundesliga","2026-10-10T13:30:00Z","TSG Hoffenheim","Hamburger SV","winamax_de","2026-10-10T12:00:35Z","h2h","Draw","5.6"
"2026-10-10T12:02:03Z","soccer_germany_bundesliga","2026-10-10T13:30:00Z","TSG Hoffenheim","Hamburger SV","winamax_fr","2026-10-10T12:01:40Z","h2h","Hamburger SV","6.25"
"2026-10-10T12:02:03Z","soccer_germany_bundesliga","2026-10-10T13:30:00Z","TSG Hoffenheim","Hamburger SV","winamax_fr","2026-10-10T12:01:40Z","h2h","TSG Hoffenheim","1.35"
"2026-10-10T12:02:03Z","soccer_germany_bundesliga","2026-10-10T13:30:00Z","TSG Hoffenheim","Hamburger SV","winamax_fr","2026-10-10T12:01:40Z","h2h","Draw","5.4"
"2026-10-10T12:02:03Z","soccer_germany_bundesliga","2026-10-10T13:30:00Z","TSG Hoffenheim","Hamburger SV","codere_it","2026-10-10T12:01:39Z","h2h","Hamburger SV","7.0"
"2026-10-10T12:02:03Z","soccer_germany_bundesliga","2026-10-10T13:30:00Z","TSG Hoffenheim","Hamburger SV","codere_it","2026-10-10T12:01:39Z","h2h","TSG Hoffenheim","1.38"
"2026-10-10T12:02:03Z","soccer_germany_bundesliga","2026-10-10T13:30:00Z","TSG Hoffenheim","Hamburger SV","codere_it","2026-10-10T12:01:39Z","h2h","Draw","5.4"
"2026-10-10T12:02:03Z","soccer_germany_bundesliga","2026-10-10T13:30:00Z","TSG Hoffenheim","Hamburger SV","unibet_fr","2026-10-10T12:01:56Z","h2h","Hamburger SV","6.4"
"2026-10-10T12:02:03Z","soccer_germany_bundesliga","2026-10-10T13:30:00Z","TSG Hoffenheim","Hamburger SV","unibet_fr","2026-10-10T12:01:56Z","h2h","TSG Hoffenheim","1.34"
"2026-10-10T12:02:03Z","soccer_germany_bundesliga","2026-10-10T13:30:00Z","TSG Hoffenheim","Hamburger SV","unibet_fr","2026-10-10T12:01:56Z","h2h","Draw","5.1"
"2026-10-10T12:02:03Z","soccer_germany_bundesliga","2026-10-10T13:30:00Z","TSG Hoffenheim","Hamburger SV","hajper_se","2026-10-10T12:01:39Z","h2h","Hamburger SV","7.1"
"2026-10-10T12:02:03Z","soccer_germany_bundesliga","2026-10-10T13:30:00Z","TSG Hoffenheim","Hamburger SV","hajper_se","2026-10-10T12:01:39Z","h2h","TSG Hoffenheim","1.39"
"2026-10-10T12:02:03Z","soccer_germany_bundesliga","2026-10-10T13:30:00Z","TSG Hoffenheim","Hamburger SV","hajper_se","2026-10-10T12:01:39Z","h2h","Draw","5.6"
"2026-10-10T12:02:03Z","soccer_germany_bundesliga","2026-10-10T13:30:00Z","TSG Hoffenheim","Hamburger SV","sport888","2026-10-10T12:01:39Z","h2h","Hamburger SV","6.5"
"2026-10-10T12:02:03Z","soccer_germany_bundesliga","2026-10-10T13:30:00Z","TSG Hoffenheim","Hamburger SV","sport888","2026-10-10T12:01:39Z","h2h","TSG Hoffenheim","1.4"
"2026-10-10T12:02:03Z","soccer_germany_bundesliga","2026-10-10T13:30:00Z","TSG Hoffenheim","Hamburger SV","sport888","2026-10-10T12:01:39Z","h2h","Draw","4.8"
"2026-10-10T12:02:03Z","soccer_germany_bundesliga","2026-10-10T13:30:00Z","TSG Hoffenheim","Hamburger SV","mrgreen_se","2026-10-10T12:01:55Z","h2h","Hamburger SV","6.5"
"2026-10-10T12:02:03Z","soccer_germany_bundesliga","2026-10-10T13:30:00Z","TSG Hoffenheim","Hamburger SV","mrgreen_se","2026-10-10T12:01:55Z","h2h","TSG Hoffenheim","1.4"
"2026-10-10T12:02:03Z","soccer_germany_bundesliga","2026-10-10T13:30:00Z","TSG Hoffenheim","Hamburger SV","mrgreen_se","2026-10-10T12:01:55Z","h2h","Draw","4.8"
"2026-10-10T12:02:03Z","soccer_germany_bundesliga","2026-10-10T13:30:00Z","TSG Hoffenheim","Hamburger SV","sport888_se","2026-10-10T12:01:55Z","h2h","Hamburger SV","6.5"
"2026-10-10T12:02:03Z","soccer_germany_bundesliga","2026-10-10T13:30:00Z","TSG Hoffenheim","Hamburger SV","sport888_se","2026-10-10T12:01:55Z","h2h","TSG Hoffenheim","1.4"
"2026-10-10T12:02:03Z","soccer_germany_bundesliga","2026-10-10T13:30:00Z","TSG Hoffenheim","Hamburger SV","sport888_se","2026-10-10T12:01:55Z","h2h","Draw","4.8"
"2026-10-10T12:02:03Z","soccer_germany_bundesliga","2026-10-10T13:30:00Z","TSG Hoffenheim","Hamburger SV","williamhill","2026-10-10T12:01:07Z","h2h","Hamburger SV","6.5"
"2026-10-10T12:02:03Z","soccer_germany_bundesliga","2026-10-10T13:30:00Z","TSG Hoffenheim","Hamburger SV","williamhill","2026-10-10T12:01:07Z","h2h","TSG Hoffenheim","1.4"
"2026-10-10T12:02:03Z","soccer_germany_bundesliga","2026-10-10T13:30:00Z","TSG Hoffenheim","Hamburger SV","williamhill","2026-10-10T12:01:07Z","h2h","Draw","4.8"
"2026-10-10T12:02:03Z","soccer_germany_bundesliga","2026-10-10T13:30:00Z","TSG Hoffenheim","Hamburger SV","tipico_de","2026-10-10T12:01:39Z","h2h","Hamburger SV","7.2"
"2026-10-10T12:02:03Z","soccer_germany_bundesliga","2026-10-10T13:30:00Z","TSG Hoffenheim","Hamburger SV","tipico_de","2026-10-10T12:01:39Z","h2h","TSG Hoffenheim","1.37"
"2026-10-10T12:02:03Z","soccer_germany_bundesliga","2026-10-10T13:30:00Z","TSG Hoffenheim","Hamburger SV","tipico_de","2026-10-10T12:01:39Z","h2h","Draw","5.3"
"2026-10-10T12:02:03Z","soccer_germany_bundesliga","2026-10-10T13:30:00Z","TSG Hoffenheim","Hamburger SV","nordicbet","2026-10-10T12:01:55Z","h2h","Hamburger SV","7.2"
"2026-10-10T12:02:03Z","soccer_germany_bundesliga","2026-10-10T13:30:00Z","TSG Hoffenheim","Hamburger SV","nordicbet","2026-10-10T12:01:55Z","h2h","TSG Hoffenheim","1.41"
"2026-10-10T12:02:03Z","soccer_germany_bundesliga","2026-10-10T13:30:00Z","TSG Hoffenheim","Hamburger SV","nordicbet","2026-10-10T12:01:55Z","h2h","Draw","4.7"
"2026-10-10T12:02:03Z","soccer_germany_bundesliga","2026-10-10T13:30:00Z","TSG Hoffenheim","Hamburger SV","betsson","2026-10-10T12:01:57Z","h2h","Hamburger SV","7.2"
"2026-10-10T12:02:03Z","soccer_germany_bundesliga","2026-10-10T13:30:00Z","TSG Hoffenheim","Hamburger SV","betsson","2026-10-10T12:01:57Z","h2h","TSG Hoffenheim","1.41"
"2026-10-10T12:02:03Z","soccer_germany_bundesliga","2026-10-10T13:30:00Z","TSG Hoffenheim","Hamburger SV","betsson","2026-10-10T12:01:57Z","h2h","Draw","4.65"
"2026-10-10T12:02:03Z","soccer_germany_bundesliga","2026-10-10T13:30:00Z","TSG Hoffenheim","Hamburger SV","everygame","2026-10-10T12:02:04Z","h2h","Hamburger SV","7.0"
"2026-10-10T12:02:03Z","soccer_germany_bundesliga","2026-10-10T13:30:00Z","TSG Hoffenheim","Hamburger SV","everygame","2026-10-10T12:02:04Z","h2h","TSG Hoffenheim","1.4"
"2026-10-10T12:02:03Z","soccer_germany_bundesliga","2026-10-10T13:30:00Z","TSG Hoffenheim","Hamburger SV","everygame","2026-10-10T12:02:04Z","h2h","Draw","5.0"
"2026-10-10T12:02:03Z","soccer_germany_bundesliga","2026-10-10T13:30:00Z","TSG Hoffenheim","Hamburger SV","coolbet","2026-10-10T12:01:23Z","h2h","Hamburger SV","7.0"
"2026-10-10T12:02:03Z","soccer_germany_bundesliga","2026-10-10T13:30:00Z","TSG Hoffenheim","Hamburger SV","coolbet","2026-10-10T12:01:23Z","h2h","TSG Hoffenheim","1.45"
"2026-10-10T12:02:03Z","soccer_germany_bundesliga","2026-10-10T13:30:00Z","TSG Hoffenheim","Hamburger SV","coolbet","2026-10-10T12:01:23Z","h2h","Draw","4.95"
"2026-10-10T12:02:03Z","soccer_germany_bundesliga","2026-10-10T13:30:00Z","TSG Hoffenheim","Hamburger SV","unibet_nl","2026-10-10T12:01:39Z","h2h","Hamburger SV","6.75"
"2026-10-10T12:02:03Z","soccer_germany_bundesliga","2026-10-10T13:30:00Z","TSG Hoffenheim","Hamburger SV","unibet_nl","2026-10-10T12:01:39Z","h2h","TSG Hoffenheim","1.42"
"2026-10-10T12:02:03Z","soccer_germany_bundesliga","2026-10-10T13:30:00Z","TSG Hoffenheim","Hamburger SV","unibet_nl","2026-10-10T12:01:39Z","h2h","Draw","5.3"
"2026-10-10T12:02:03Z","soccer_germany_bundesliga","2026-10-10T13:30:00Z","TSG Hoffenheim","Hamburger SV","expekt_se","2026-10-10T12:01:27Z","h2h","Hamburger SV","6.4"
"2026-10-10T12:02:03Z","soccer_germany_bundesliga","2026-10-10T13:30:00Z","TSG Hoffenheim","Hamburger SV","expekt_se","2026-10-10T12:01:27Z","h2h","TSG Hoffenheim","1.4"
"2026-10-10T12:02:03Z","soccer_germany_bundesliga","2026-10-10T13:30:00Z","TSG Hoffenheim","Hamburger SV","expekt_se","2026-10-10T12:01:27Z","h2h","Draw","5.0"
"2026-10-10T12:02:03Z","soccer_germany_bundesliga","2026-10-10T13:30:00Z","TSG Hoffenheim","Hamburger SV","betmgm_se","2026-10-10T12:01:55Z","h2h","Hamburger SV","6.25"
"2026-10-10T12:02:03Z","soccer_germany_bundesliga","2026-10-10T13:30:00Z","TSG Hoffenheim","Hamburger SV","betmgm_se","2026-10-10T12:01:55Z","h2h","TSG Hoffenheim","1.38"
"2026-10-10T12:02:03Z","soccer_germany_bundesliga","2026-10-10T13:30:00Z","TSG Hoffenheim","Hamburger SV","betmgm_se","2026-10-10T12:01:55Z","h2h","Draw","4.9"
"2026-10-10T12:02:03Z","soccer_germany_bundesliga","2026-10-10T13:30:00Z","TSG Hoffenheim","Hamburger SV","unibet_se","2026-10-10T12:01:39Z","h2h","Hamburger SV","7.0"
"2026-10-10T12:02:03Z","soccer_germany_bundesliga","2026-10-10T13:30:00Z","TSG Hoffenheim","Hamburger SV","unibet_se","2026-10-10T12:01:39Z","h2h","TSG Hoffenheim","1.43"
"2026-10-10T12:02:03Z","soccer_germany_bundesliga","2026-10-10T13:30:00Z","TSG Hoffenheim","Hamburger SV","unibet_se","2026-10-10T12:01:39Z","h2h","Draw","5.4"
"2026-10-10T12:02:03Z","soccer_germany_bundesliga","2026-10-10T13:30:00Z","TSG Hoffenheim","Hamburger SV","svenskaspel_se","2026-10-10T12:01:23Z","h2h","Hamburger SV","7.0"
"2026-10-10T12:02:03Z","soccer_germany_bundesliga","2026-10-10T13:30:00Z","TSG Hoffenheim","Hamburger SV","svenskaspel_se","2026-10-10T12:01:23Z","h2h","TSG Hoffenheim","1.43"
"2026-10-10T12:02:03Z","soccer_germany_bundesliga","2026-10-10T13:30:00Z","TSG Hoffenheim","Hamburger SV","svenskaspel_se","2026-10-10T12:01:23Z","h2h","Draw","5.4"
"2026-10-10T12:02:03Z","soccer_germany_bundesliga","2026-10-10T13:30:00Z","TSG Hoffenheim","Hamburger SV","atg_se","2026-10-10T12:01:39Z","h2h","Hamburger SV","7.0"
"2026-10-10T12:02:03Z","soccer_germany_bundesliga","2026-10-10T13:30:00Z","TSG Hoffenheim","Hamburger SV","atg_se","2026-10-10T12:01:39Z","h2h","TSG Hoffenheim","1.43"
"2026-10-10T12:02:03Z","soccer_germany_bundesliga","2026-10-10T13:30:00Z","TSG Hoffenheim","Hamburger SV","atg_se","2026-10-10T12:01:39Z","h2h","Draw","5.4"
"2026-10-10T12:02:03Z","soccer_germany_bundesliga","2026-10-10T13:30:00Z","TSG Hoffenheim","Hamburger SV","leovegas_se","2026-10-10T12:01:39Z","h2h","Hamburger SV","6.25"
"2026-10-10T12:02:03Z","soccer_germany_bundesliga","2026-10-10T13:30:00Z","TSG Hoffenheim","Hamburger SV","leovegas_se","2026-10-10T12:01:39Z","h2h","TSG Hoffenheim","1.38"
"2026-10-10T12:02:03Z","soccer_germany_bundesliga","2026-10-10T13:30:00Z","TSG Hoffenheim","Hamburger SV","leovegas_se","2026-10-10T12:01:39Z","h2h","Draw","4.9"
"2026-10-10T12:02:03Z","soccer_germany_bundesliga","2026-10-10T13:30:00Z","TSG Hoffenheim","Hamburger SV","betfair_ex_eu","2026-10-10T12:01:55Z","h2h","Hamburger SV","7.8"
"2026-10-10T12:02:03Z","soccer_germany_bundesliga","2026-10-10T13:30:00Z","TSG Hoffenheim","Hamburger SV","betfair_ex_eu","2026-10-10T12:01:55Z","h2h","TSG Hoffenheim","1.44"
"2026-10-10T12:02:03Z","soccer_germany_bundesliga","2026-10-10T13:30:00Z","TSG Hoffenheim","Hamburger SV","betfair_ex_eu","2026-10-10T12:01:55Z","h2h","Draw","5.4"
"2026-10-10T12:02:03Z","soccer_germany_bundesliga","2026-10-10T13:30:00Z","TSG Hoffenheim","Hamburger SV","betfair_ex_eu","2026-10-10T12:01:55Z","h2h_lay","Hamburger SV","8.0"
"2026-10-10T12:02:03Z","soccer_germany_bundesliga","2026-10-10T13:30:00Z","TSG Hoffenheim","Hamburger SV","betfair_ex_eu","2026-10-10T12:01:55Z","h2h_lay","TSG Hoffenheim","1.46"
"2026-10-10T12:02:03Z","soccer_germany_bundesliga","2026-10-10T13:30:00Z","TSG Hoffenheim","Hamburger SV","betfair_ex_eu","2026-10-10T12:01:55Z","h2h_lay","Draw","5.6"
"2026-10-10T12:02:03Z","soccer_germany_bundesliga","2026-10-10T13:30:00Z","TSG Hoffenheim","Hamburger SV","matchbook","2026-10-10T12:01:55Z","h2h","Hamburger SV","7.8"
"2026-10-10T12:02:03Z","soccer_germany_bundesliga","2026-10-10T13:30:00Z","TSG Hoffenheim","Hamburger SV","matchbook","2026-10-10T12:01:55Z","h2h","TSG Hoffenheim","1.44"
"2026-10-10T12:02:03Z","soccer_germany_bundesliga","2026-10-10T13:30:00Z","TSG Hoffenheim","Hamburger SV","matchbook","2026-10-10T12:01:55Z","h2h","Draw","5.4"
"2026-10-10T12:02:03Z","soccer_germany_bundesliga","2026-10-10T13:30:00Z","TSG Hoffenheim","Hamburger SV","matchbook","2026-10-10T12:01:55Z","h2h_lay","Hamburger SV","8.0"
"2026-10-10T12:02:03Z","soccer_germany_bundesliga","2026-10-10T13:30:00Z","TSG Hoffenheim","Hamburger SV","matchbook","2026-10-10T12:01:55Z","h2h_lay","TSG Hoffenheim","1.46"
"2026-10-10T12:02:03Z","soccer_germany_bundesliga","2026-10-10T13:30:00Z","TSG Hoffenheim","Hamburger SV","matchbook","2026-10-10T12:01:55Z","h2h_lay","Draw","5.6"
"2026-10-10T12:02:03Z","soccer_germany_bundesliga","2026-10-10T13:30:00Z","TSG Hoffenheim","Hamburger SV","gtbets","2026-10-10T12:01:23Z","h2h","Hamburger SV","6.79"
"2026-10-10T12:02:03Z","soccer_germany_bundesliga","2026-10-10T13:30:00Z","TSG Hoffenheim","Hamburger SV","gtbets","2026-10-10T12:01:23Z","h2h","TSG Hoffenheim","1.45"
"2026-10-10T12:02:03Z","soccer_germany_bundesliga","2026-10-10T13:30:00Z","TSG Hoffenheim","Hamburger SV","gtbets","2026-10-10T12:01:23Z","h2h","Draw","4.93"
"2026-10-10T12:02:03Z","soccer_germany_bundesliga","2026-10-10T13:30:00Z","TSG Hoffenheim","Hamburger SV","betonlineag","2026-10-10T12:01:40Z","h2h","Hamburger SV","7.18"
"2026-10-10T12:02:03Z","soccer_germany_bundesliga","2026-10-10T13:30:00Z","TSG Hoffenheim","Hamburger SV","betonlineag","2026-10-10T12:01:40Z","h2h","TSG Hoffenheim","1.43"
"2026-10-10T12:02:03Z","soccer_germany_bundesliga","2026-10-10T13:30:00Z","TSG Hoffenheim","Hamburger SV","betonlineag","2026-10-10T12:01:40Z","h2h","Draw","5.07"
"2026-10-10T12:02:03Z","soccer_germany_bundesliga","2026-10-10T13:30:00Z","SC Paderborn","VfB Stuttgart","pinnacle","2026-10-10T12:01:55Z","h2h","SC Paderborn","4.86"
"2026-10-10T12:02:03Z","soccer_germany_bundesliga","2026-10-10T13:30:00Z","SC Paderborn","VfB Stuttgart","pinnacle","2026-10-10T12:01:55Z","h2h","VfB Stuttgart","1.61"
"2026-10-10T12:02:03Z","soccer_germany_bundesliga","2026-10-10T13:30:00Z","SC Paderborn","VfB Stuttgart","pinnacle","2026-10-10T12:01:55Z","h2h","Draw","4.87"
"2026-10-10T12:02:03Z","soccer_germany_bundesliga","2026-10-10T13:30:00Z","SC Paderborn","VfB Stuttgart","betclic_fr","2026-10-10T12:01:57Z","h2h","SC Paderborn","4.6"
"2026-10-10T12:02:03Z","soccer_germany_bundesliga","2026-10-10T13:30:00Z","SC Paderborn","VfB Stuttgart","betclic_fr","2026-10-10T12:01:57Z","h2h","VfB Stuttgart","1.56"
"2026-10-10T12:02:03Z","soccer_germany_bundesliga","2026-10-10T13:30:00Z","SC Paderborn","VfB Stuttgart","betclic_fr","2026-10-10T12:01:57Z","h2h","Draw","4.7"
"2026-10-10T12:02:03Z","soccer_germany_bundesliga","2026-10-10T13:30:00Z","SC Paderborn","VfB Stuttgart","betinia_se","2026-10-10T12:01:41Z","h2h","SC Paderborn","4.75"
"2026-10-10T12:02:03Z","soccer_germany_bundesliga","2026-10-10T13:30:00Z","SC Paderborn","VfB Stuttgart","betinia_se","2026-10-10T12:01:41Z","h2h","VfB Stuttgart","1.58"
"2026-10-10T12:02:03Z","soccer_germany_bundesliga","2026-10-10T13:30:00Z","SC Paderborn","VfB Stuttgart","betinia_se","2026-10-10T12:01:41Z","h2h","Draw","4.75"
"2026-10-10T12:02:03Z","soccer_germany_bundesliga","2026-10-10T13:30:00Z","SC Paderborn","VfB Stuttgart","campobet_se","2026-10-10T12:01:55Z","h2h","SC Paderborn","4.75"
"2026-10-10T12:02:03Z","soccer_germany_bundesliga","2026-10-10T13:30:00Z","SC Paderborn","VfB Stuttgart","campobet_se","2026-10-10T12:01:55Z","h2h","VfB Stuttgart","1.58"
"2026-10-10T12:02:03Z","soccer_germany_bundesliga","2026-10-10T13:30:00Z","SC Paderborn","VfB Stuttgart","campobet_se","2026-10-10T12:01:55Z","h2h","Draw","4.75"
"2026-10-10T12:02:03Z","soccer_germany_bundesliga","2026-10-10T13:30:00Z","SC Paderborn","VfB Stuttgart","onexbet","2026-10-10T12:01:25Z","h2h","SC Paderborn","5.02"
"2026-10-10T12:02:03Z","soccer_germany_bundesliga","2026-10-10T13:30:00Z","SC Paderborn","VfB Stuttgart","onexbet","2026-10-10T12:01:25Z","h2h","VfB Stuttgart","1.62"
"2026-10-10T12:02:03Z","soccer_germany_bundesliga","2026-10-10T13:30:00Z","SC Paderborn","VfB Stuttgart","onexbet","2026-10-10T12:01:25Z","h2h","Draw","5.02"
"2026-10-10T12:02:03Z","soccer_germany_bundesliga","2026-10-10T13:30:00Z","SC Paderborn","VfB Stuttgart","winamax_de","2026-10-10T12:00:35Z","h2h","SC Paderborn","4.5"
"2026-10-10T12:02:03Z","soccer_germany_bundesliga","2026-10-10T13:30:00Z","SC Paderborn","VfB Stuttgart","winamax_de","2026-10-10T12:00:35Z","h2h","VfB Stuttgart","1.56"
"2026-10-10T12:02:03Z","soccer_germany_bundesliga","2026-10-10T13:30:00Z","SC Paderborn","VfB Stuttgart","winamax_de","2026-10-10T12:00:35Z","h2h","Draw","4.9"
"2026-10-10T12:02:03Z","soccer_germany_bundesliga","2026-10-10T13:30:00Z","SC Paderborn","VfB Stuttgart","codere_it","2026-10-10T12:01:39Z","h2h","SC Paderborn","4.7"
"2026-10-10T12:02:03Z","soccer_germany_bundesliga","2026-10-10T13:30:00Z","SC Paderborn","VfB Stuttgart","codere_it","2026-10-10T12:01:39Z","h2h","VfB Stuttgart","1.6"
"2026-10-10T12:02:03Z","soccer_germany_bundesliga","2026-10-10T13:30:00Z","SC Paderborn","VfB Stuttgart","codere_it","2026-10-10T12:01:39Z","h2h","Draw","4.8"
"2026-10-10T12:02:03Z","soccer_germany_bundesliga","2026-10-10T13:30:00Z","SC Paderborn","VfB Stuttgart","unibet_fr","2026-10-10T12:01:56Z","h2h","SC Paderborn","4.4"
"2026-10-10T12:02:03Z","soccer_germany_bundesliga","2026-10-10T13:30:00Z","SC Paderborn","VfB Stuttgart","unibet_fr","2026-10-10T12:01:56Z","h2h","VfB Stuttgart","1.53"
"2026-10-10T12:02:03Z","soccer_germany_bundesliga","2026-10-10T13:30:00Z","SC Paderborn","VfB Stuttgart","unibet_fr","2026-10-10T12:01:56Z","h2h","Draw","4.5"
"2026-10-10T12:02:03Z","soccer_germany_bundesliga","2026-10-10T13:30:00Z","SC Paderborn","VfB Stuttgart","hajper_se","2026-10-10T12:01:39Z","h2h","SC Paderborn","4.7"
"2026-10-10T12:02:03Z","soccer_germany_bundesliga","2026-10-10T13:30:00Z","SC Paderborn","VfB Stuttgart","hajper_se","2026-10-10T12:01:39Z","h2h","VfB Stuttgart","1.61"
"2026-10-10T12:02:03Z","soccer_germany_bundesliga","2026-10-10T13:30:00Z","SC Paderborn","VfB Stuttgart","hajper_se","2026-10-10T12:01:39Z","h2h","Draw","4.8"
"2026-10-10T12:02:03Z","soccer_germany_bundesliga","2026-10-10T13:30:00Z","SC Paderborn","VfB Stuttgart","winamax_fr","2026-10-10T12:01:40Z","h2h","SC Paderborn","4.3"
"2026-10-10T12:02:03Z","soccer_germany_bundesliga","2026-10-10T13:30:00Z","SC Paderborn","VfB Stuttgart","winamax_fr","2026-10-10T12:01:40Z","h2h","VfB Stuttgart","1.54"
"2026-10-10T12:02:03Z","soccer_germany_bundesliga","2026-10-10T13:30:00Z","SC Paderborn","VfB Stuttgart","winamax_fr","2026-10-10T12:01:40Z","h2h","Draw","4.7"
"2026-10-10T12:02:03Z","soccer_germany_bundesliga","2026-10-10T13:30:00Z","SC Paderborn","VfB Stuttgart","sport888","2026-10-10T12:01:39Z","h2h","SC Paderborn","4.6"
"2026-10-10T12:02:03Z","soccer_germany_bundesliga","2026-10-10T13:30:00Z","SC Paderborn","VfB Stuttgart","sport888","2026-10-10T12:01:39Z","h2h","VfB Stuttgart","1.57"
"2026-10-10T12:02:03Z","soccer_germany_bundesliga","2026-10-10T13:30:00Z","SC Paderborn","VfB Stuttgart","sport888","2026-10-10T12:01:39Z","h2h","Draw","4.5"
"2026-10-10T12:02:03Z","soccer_germany_bundesliga","2026-10-10T13:30:00Z","SC Paderborn","VfB Stuttgart","mrgreen_se","2026-10-10T12:01:55Z","h2h","SC Paderborn","4.6"
"2026-10-10T12:02:03Z","soccer_germany_bundesliga","2026-10-10T13:30:00Z","SC Paderborn","VfB Stuttgart","mrgreen_se","2026-10-10T12:01:55Z","h2h","VfB Stuttgart","1.57"
"2026-10-10T12:02:03Z","soccer_germany_bundesliga","2026-10-10T13:30:00Z","SC Paderborn","VfB Stuttgart","mrgreen_se","2026-10-10T12:01:55Z","h2h","Draw","4.5"
"2026-10-10T12:02:03Z","soccer_germany_bundesliga","2026-10-10T13:30:00Z","SC Paderborn","VfB Stuttgart","sport888_se","2026-10-10T12:01:55Z","h2h","SC Paderborn","4.6"
"2026-10-10T12:02:03Z","soccer_germany_bundesliga","2026-10-10T13:30:00Z","SC Paderborn","VfB Stuttgart","sport888_se","2026-10-10T12:01:55Z","h2h","VfB Stuttgart","1.57"
"2026-10-10T12:02:03Z","soccer_germany_bundesliga","2026-10-10T13:30:00Z","SC Paderborn","VfB Stuttgart","sport888_se","2026-10-10T12:01:55Z","h2h","Draw","4.5"
"2026-10-10T12:02:03Z","soccer_germany_bundesliga","2026-10-10T13:30:00Z","SC Paderborn","VfB Stuttgart","williamhill","2026-10-10T12:01:07Z","h2h","SC Paderborn","4.6"
"2026-10-10T12:02:03Z","soccer_germany_bundesliga","2026-10-10T13:30:00Z","SC Paderborn","VfB Stuttgart","williamhill","2026-10-10T12:01:07Z","h2h","VfB Stuttgart","1.57"
"2026-10-10T12:02:03Z","soccer_germany_bundesliga","2026-10-10T13:30:00Z","SC Paderborn","VfB Stuttgart","williamhill","2026-10-10T12:01:07Z","h2h","Draw","4.5"
"2026-10-10T12:02:03Z","soccer_germany_bundesliga","2026-10-10T13:30:00Z","SC Paderborn","VfB Stuttgart","tipico_de","2026-10-10T12:01:39Z","h2h","SC Paderborn","4.8"
"2026-10-10T12:02:03Z","soccer_germany_bundesliga","2026-10-10T13:30:00Z","SC Paderborn","VfB Stuttgart","tipico_de","2026-10-10T12:01:39Z","h2h","VfB Stuttgart","1.57"
"2026-10-10T12:02:03Z","soccer_germany_bundesliga","2026-10-10T13:30:00Z","SC Paderborn","VfB Stuttgart","tipico_de","2026-10-10T12:01:39Z","h2h","Draw","4.8"
"2026-10-10T12:02:03Z","soccer_germany_bundesliga","2026-10-10T13:30:00Z","SC Paderborn","VfB Stuttgart","betsson","2026-10-10T12:01:57Z","h2h","SC Paderborn","4.9"
"2026-10-10T12:02:03Z","soccer_germany_bundesliga","2026-10-10T13:30:00Z","SC Paderborn","VfB Stuttgart","betsson","2026-10-10T12:01:57Z","h2h","VfB Stuttgart","1.58"
"2026-10-10T12:02:03Z","soccer_germany_bundesliga","2026-10-10T13:30:00Z","SC Paderborn","VfB Stuttgart","betsson","2026-10-10T12:01:57Z","h2h","Draw","4.45"
"2026-10-10T12:02:03Z","soccer_germany_bundesliga","2026-10-10T13:30:00Z","SC Paderborn","VfB Stuttgart","nordicbet","2026-10-10T12:01:55Z","h2h","SC Paderborn","4.9"
"2026-10-10T12:02:03Z","soccer_germany_bundesliga","2026-10-10T13:30:00Z","SC Paderborn","VfB Stuttgart","nordicbet","2026-10-10T12:01:55Z","h2h","VfB Stuttgart","1.58"
"2026-10-10T12:02:03Z","soccer_germany_bundesliga","2026-10-10T13:30:00Z","SC Paderborn","VfB Stuttgart","nordicbet","2026-10-10T12:01:55Z","h2h","Draw","4.45"
"2026-10-10T12:02:03Z","soccer_germany_bundesliga","2026-10-10T13:30:00Z","SC Paderborn","VfB Stuttgart","everygame","2026-10-10T12:02:04Z","h2h","SC Paderborn","4.75"
"2026-10-10T12:02:03Z","soccer_germany_bundesliga","2026-10-10T13:30:00Z","SC Paderborn","VfB Stuttgart","everygame","2026-10-10T12:02:04Z","h2h","VfB Stuttgart","1.6"
"2026-10-10T12:02:03Z","soccer_germany_bundesliga","2026-10-10T13:30:00Z","SC Paderborn","VfB Stuttgart","everygame","2026-10-10T12:02:04Z","h2h","Draw","4.75"
"2026-10-10T12:02:03Z","soccer_germany_bundesliga","2026-10-10T13:30:00Z","SC Paderborn","VfB Stuttgart","coolbet","2026-10-10T12:01:23Z","h2h","SC Paderborn","5.0"
"2026-10-10T12:02:03Z","soccer_germany_bundesliga","2026-10-10T13:30:00Z","SC Paderborn","VfB Stuttgart","coolbet","2026-10-10T12:01:23Z","h2h","VfB Stuttgart","1.6"
"2026-10-10T12:02:03Z","soccer_germany_bundesliga","2026-10-10T13:30:00Z","SC Paderborn","VfB Stuttgart","coolbet","2026-10-10T12:01:23Z","h2h","Draw","5.0"
"2026-10-10T12:02:03Z","soccer_germany_bundesliga","2026-10-10T13:30:00Z","SC Paderborn","VfB Stuttgart","leovegas_se","2026-10-10T12:01:39Z","h2h","SC Paderborn","4.5"
"2026-10-10T12:02:03Z","soccer_germany_bundesliga","2026-10-10T13:30:00Z","SC Paderborn","VfB Stuttgart","leovegas_se","2026-10-10T12:01:39Z","h2h","VfB Stuttgart","1.54"
"2026-10-10T12:02:03Z","soccer_germany_bundesliga","2026-10-10T13:30:00Z","SC Paderborn","VfB Stuttgart","leovegas_se","2026-10-10T12:01:39Z","h2h","Draw","4.5"
"2026-10-10T12:02:03Z","soccer_germany_bundesliga","2026-10-10T13:30:00Z","SC Paderborn","VfB Stuttgart","svenskaspel_se","2026-10-10T12:01:23Z","h2h","SC Paderborn","5.0"
"2026-10-10T12:02:03Z","soccer_germany_bundesliga","2026-10-10T13:30:00Z","SC Paderborn","VfB Stuttgart","svenskaspel_se","2026-10-10T12:01:23Z","h2h","VfB Stuttgart","1.6"
"2026-10-10T12:02:03Z","soccer_germany_bundesliga","2026-10-10T13:30:00Z","SC Paderborn","VfB Stuttgart","svenskaspel_se","2026-10-10T12:01:23Z","h2h","Draw","4.8"
"2026-10-10T12:02:03Z","soccer_germany_bundesliga","2026-10-10T13:30:00Z","SC Paderborn","VfB Stuttgart","atg_se","2026-10-10T12:01:39Z","h2h","SC Paderborn","5.0"
"2026-10-10T12:02:03Z","soccer_germany_bundesliga","2026-10-10T13:30:00Z","SC Paderborn","VfB Stuttgart","atg_se","2026-10-10T12:01:39Z","h2h","VfB Stuttgart","1.6"
"2026-10-10T12:02:03Z","soccer_germany_bundesliga","2026-10-10T13:30:00Z","SC Paderborn","VfB Stuttgart","atg_se","2026-10-10T12:01:39Z","h2h","Draw","4.8"
"2026-10-10T12:02:03Z","soccer_germany_bundesliga","2026-10-10T13:30:00Z","SC Paderborn","VfB Stuttgart","unibet_nl","2026-10-10T12:01:39Z","h2h","SC Paderborn","5.0"
"2026-10-10T12:02:03Z","soccer_germany_bundesliga","2026-10-10T13:30:00Z","SC Paderborn","VfB Stuttgart","unibet_nl","2026-10-10T12:01:39Z","h2h","VfB Stuttgart","1.6"
"2026-10-10T12:02:03Z","soccer_germany_bundesliga","2026-10-10T13:30:00Z","SC Paderborn","VfB Stuttgart","unibet_nl","2026-10-10T12:01:39Z","h2h","Draw","4.8"
"2026-10-10T12:02:03Z","soccer_germany_bundesliga","2026-10-10T13:30:00Z","SC Paderborn","VfB Stuttgart","betmgm_se","2026-10-10T12:01:55Z","h2h","SC Paderborn","4.5"
"2026-10-10T12:02:03Z","soccer_germany_bundesliga","2026-10-10T13:30:00Z","SC Paderborn","VfB Stuttgart","betmgm_se","2026-10-10T12:01:55Z","h2h","VfB Stuttgart","1.54"
"2026-10-10T12:02:03Z","soccer_germany_bundesliga","2026-10-10T13:30:00Z","SC Paderborn","VfB Stuttgart","betmgm_se","2026-10-10T12:01:55Z","h2h","Draw","4.5"
"2026-10-10T12:02:03Z","soccer_germany_bundesliga","2026-10-10T13:30:00Z","SC Paderborn","VfB Stuttgart","unibet_se","2026-10-10T12:01:39Z","h2h","SC Paderborn","5.0"
"2026-10-10T12:02:03Z","soccer_germany_bundesliga","2026-10-10T13:30:00Z","SC Paderborn","VfB Stuttgart","unibet_se","2026-10-10T12:01:39Z","h2h","VfB Stuttgart","1.6"
"2026-10-10T12:02:03Z","soccer_germany_bundesliga","2026-10-10T13:30:00Z","SC Paderborn","VfB Stuttgart","unibet_se","2026-10-10T12:01:39Z","h2h","Draw","4.8"
"2026-10-10T12:02:03Z","soccer_germany_bundesliga","2026-10-10T13:30:00Z","SC Paderborn","VfB Stuttgart","expekt_se","2026-10-10T12:01:27Z","h2h","SC Paderborn","4.7"
"2026-10-10T12:02:03Z","soccer_germany_bundesliga","2026-10-10T13:30:00Z","SC Paderborn","VfB Stuttgart","expekt_se","2026-10-10T12:01:27Z","h2h","VfB Stuttgart","1.56"
"2026-10-10T12:02:03Z","soccer_germany_bundesliga","2026-10-10T13:30:00Z","SC Paderborn","VfB Stuttgart","expekt_se","2026-10-10T12:01:27Z","h2h","Draw","4.6"
"2026-10-10T12:02:03Z","soccer_germany_bundesliga","2026-10-10T13:30:00Z","SC Paderborn","VfB Stuttgart","betfair_ex_eu","2026-10-10T12:01:55Z","h2h","SC Paderborn","5.2"
"2026-10-10T12:02:03Z","soccer_germany_bundesliga","2026-10-10T13:30:00Z","SC Paderborn","VfB Stuttgart","betfair_ex_eu","2026-10-10T12:01:55Z","h2h","VfB Stuttgart","1.62"
"2026-10-10T12:02:03Z","soccer_germany_bundesliga","2026-10-10T13:30:00Z","SC Paderborn","VfB Stuttgart","betfair_ex_eu","2026-10-10T12:01:55Z","h2h","Draw","5.0"
"2026-10-10T12:02:03Z","soccer_germany_bundesliga","2026-10-10T13:30:00Z","SC Paderborn","VfB Stuttgart","betfair_ex_eu","2026-10-10T12:01:55Z","h2h_lay","SC Paderborn","5.4"
"2026-10-10T12:02:03Z","soccer_germany_bundesliga","2026-10-10T13:30:00Z","SC Paderborn","VfB Stuttgart","betfair_ex_eu","2026-10-10T12:01:55Z","h2h_lay","VfB Stuttgart","1.63"
"2026-10-10T12:02:03Z","soccer_germany_bundesliga","2026-10-10T13:30:00Z","SC Paderborn","VfB Stuttgart","betfair_ex_eu","2026-10-10T12:01:55Z","h2h_lay","Draw","5.1"
"2026-10-10T12:02:03Z","soccer_germany_bundesliga","2026-10-10T13:30:00Z","SC Paderborn","VfB Stuttgart","matchbook","2026-10-10T12:01:55Z","h2h","SC Paderborn","5.2"
"2026-10-10T12:02:03Z","soccer_germany_bundesliga","2026-10-10T13:30:00Z","SC Paderborn","VfB Stuttgart","matchbook","2026-10-10T12:01:55Z","h2h","VfB Stuttgart","1.62"
"2026-10-10T12:02:03Z","soccer_germany_bundesliga","2026-10-10T13:30:00Z","SC Paderborn","VfB Stuttgart","matchbook","2026-10-10T12:01:55Z","h2h","Draw","5.0"
"2026-10-10T12:02:03Z","soccer_germany_bundesliga","2026-10-10T13:30:00Z","SC Paderborn","VfB Stuttgart","matchbook","2026-10-10T12:01:55Z","h2h_lay","SC Paderborn","5.4"
"2026-10-10T12:02:03Z","soccer_germany_bundesliga","2026-10-10T13:30:00Z","SC Paderborn","VfB Stuttgart","matchbook","2026-10-10T12:01:55Z","h2h_lay","VfB Stuttgart","1.63"
"2026-10-10T12:02:03Z","soccer_germany_bundesliga","2026-10-10T13:30:00Z","SC Paderborn","VfB Stuttgart","matchbook","2026-10-10T12:01:55Z","h2h_lay","Draw","5.1"
"2026-10-10T12:02:03Z","soccer_germany_bundesliga","2026-10-10T13:30:00Z","SC Paderborn","VfB Stuttgart","gtbets","2026-10-10T12:01:23Z","h2h","SC Paderborn","4.79"
"2026-10-10T12:02:03Z","soccer_germany_bundesliga","2026-10-10T13:30:00Z","SC Paderborn","VfB Stuttgart","gtbets","2026-10-10T12:01:23Z","h2h","VfB Stuttgart","1.61"
"2026-10-10T12:02:03Z","soccer_germany_bundesliga","2026-10-10T13:30:00Z","SC Paderborn","VfB Stuttgart","gtbets","2026-10-10T12:01:23Z","h2h","Draw","4.54"
"2026-10-10T12:02:03Z","soccer_germany_bundesliga","2026-10-10T13:30:00Z","SC Paderborn","VfB Stuttgart","betonlineag","2026-10-10T12:01:40Z","h2h","SC Paderborn","4.85"
"2026-10-10T12:02:03Z","soccer_germany_bundesliga","2026-10-10T13:30:00Z","SC Paderborn","VfB Stuttgart","betonlineag","2026-10-10T12:01:40Z","h2h","VfB Stuttgart","1.61"
"2026-10-10T12:02:03Z","soccer_germany_bundesliga","2026-10-10T13:30:00Z","SC Paderborn","VfB Stuttgart","betonlineag","2026-10-10T12:01:40Z","h2h","Draw","4.85"
"2026-10-10T12:02:03Z","soccer_sweden_allsvenskan","2026-10-10T13:00:00Z","AIK","IF Brommapojkarna","pinnacle","2026-10-10T12:01:40Z","h2h","AIK","2.17"
"2026-10-10T12:02:03Z","soccer_sweden_allsvenskan","2026-10-10T13:00:00Z","AIK","IF Brommapojkarna","pinnacle","2026-10-10T12:01:40Z","h2h","IF Brommapojkarna","3.3"
"2026-10-10T12:02:03Z","soccer_sweden_allsvenskan","2026-10-10T13:00:00Z","AIK","IF Brommapojkarna","pinnacle","2026-10-10T12:01:40Z","h2h","Draw","3.57"
"2026-10-10T12:02:03Z","soccer_sweden_allsvenskan","2026-10-10T13:00:00Z","AIK","IF Brommapojkarna","unibet_fr","2026-10-10T12:01:57Z","h2h","AIK","1.96"
"2026-10-10T12:02:03Z","soccer_sweden_allsvenskan","2026-10-10T13:00:00Z","AIK","IF Brommapojkarna","unibet_fr","2026-10-10T12:01:57Z","h2h","IF Brommapojkarna","3.0"
"2026-10-10T12:02:03Z","soccer_sweden_allsvenskan","2026-10-10T13:00:00Z","AIK","IF Brommapojkarna","unibet_fr","2026-10-10T12:01:57Z","h2h","Draw","3.5"
"2026-10-10T12:02:03Z","soccer_sweden_allsvenskan","2026-10-10T13:00:00Z","AIK","IF Brommapojkarna","hajper_se","2026-10-10T12:01:24Z","h2h","AIK","2.22"
"2026-10-10T12:02:03Z","soccer_sweden_allsvenskan","2026-10-10T13:00:00Z","AIK","IF Brommapojkarna","hajper_se","2026-10-10T12:01:24Z","h2h","IF Brommapojkarna","3.15"
"2026-10-10T12:02:03Z","soccer_sweden_allsvenskan","2026-10-10T13:00:00Z","AIK","IF Brommapojkarna","hajper_se","2026-10-10T12:01:24Z","h2h","Draw","3.65"
"2026-10-10T12:02:03Z","soccer_sweden_allsvenskan","2026-10-10T13:00:00Z","AIK","IF Brommapojkarna","betclic_fr","2026-10-10T12:01:05Z","h2h","AIK","2.1"
"2026-10-10T12:02:03Z","soccer_sweden_allsvenskan","2026-10-10T13:00:00Z","AIK","IF Brommapojkarna","betclic_fr","2026-10-10T12:01:05Z","h2h","IF Brommapojkarna","3.0"
"2026-10-10T12:02:03Z","soccer_sweden_allsvenskan","2026-10-10T13:00:00Z","AIK","IF Brommapojkarna","betclic_fr","2026-10-10T12:01:05Z","h2h","Draw","3.45"
"2026-10-10T12:02:03Z","soccer_sweden_allsvenskan","2026-10-10T13:00:00Z","AIK","IF Brommapojkarna","winamax_fr","2026-10-10T12:01:58Z","h2h","AIK","2.05"
"2026-10-10T12:02:03Z","soccer_sweden_allsvenskan","2026-10-10T13:00:00Z","AIK","IF Brommapojkarna","winamax_fr","2026-10-10T12:01:58Z","h2h","IF Brommapojkarna","2.85"
"2026-10-10T12:02:03Z","soccer_sweden_allsvenskan","2026-10-10T13:00:00Z","AIK","IF Brommapojkarna","winamax_fr","2026-10-10T12:01:58Z","h2h","Draw","3.45"
"2026-10-10T12:02:03Z","soccer_sweden_allsvenskan","2026-10-10T13:00:00Z","AIK","IF Brommapojkarna","onexbet","2026-10-10T11:58:52Z","h2h","AIK","2.07"
"2026-10-10T12:02:03Z","soccer_sweden_allsvenskan","2026-10-10T13:00:00Z","AIK","IF Brommapojkarna","onexbet","2026-10-10T11:58:52Z","h2h","IF Brommapojkarna","3.15"
"2026-10-10T12:02:03Z","soccer_sweden_allsvenskan","2026-10-10T13:00:00Z","AIK","IF Brommapojkarna","onexbet","2026-10-10T11:58:52Z","h2h","Draw","3.72"
"2026-10-10T12:02:03Z","soccer_sweden_allsvenskan","2026-10-10T13:00:00Z","AIK","IF Brommapojkarna","winamax_de","2026-10-10T12:01:29Z","h2h","AIK","2.1"
"2026-10-10T12:02:03Z","soccer_sweden_allsvenskan","2026-10-10T13:00:00Z","AIK","IF Brommapojkarna","winamax_de","2026-10-10T12:01:29Z","h2h","IF Brommapojkarna","2.95"
"2026-10-10T12:02:03Z","soccer_sweden_allsvenskan","2026-10-10T13:00:00Z","AIK","IF Brommapojkarna","winamax_de","2026-10-10T12:01:29Z","h2h","Draw","3.55"
"2026-10-10T12:02:03Z","soccer_sweden_allsvenskan","2026-10-10T13:00:00Z","AIK","IF Brommapojkarna","sport888","2026-10-10T12:01:41Z","h2h","AIK","2.1"
"2026-10-10T12:02:03Z","soccer_sweden_allsvenskan","2026-10-10T13:00:00Z","AIK","IF Brommapojkarna","sport888","2026-10-10T12:01:41Z","h2h","IF Brommapojkarna","3.0"
"2026-10-10T12:02:03Z","soccer_sweden_allsvenskan","2026-10-10T13:00:00Z","AIK","IF Brommapojkarna","sport888","2026-10-10T12:01:41Z","h2h","Draw","3.4"
"2026-10-10T12:02:03Z","soccer_sweden_allsvenskan","2026-10-10T13:00:00Z","AIK","IF Brommapojkarna","mrgreen_se","2026-10-10T12:01:56Z","h2h","AIK","2.1"
"2026-10-10T12:02:03Z","soccer_sweden_allsvenskan","2026-10-10T13:00:00Z","AIK","IF Brommapojkarna","mrgreen_se","2026-10-10T12:01:56Z","h2h","IF Brommapojkarna","3.0"
"2026-10-10T12:02:03Z","soccer_sweden_allsvenskan","2026-10-10T13:00:00Z","AIK","IF Brommapojkarna","mrgreen_se","2026-10-10T12:01:56Z","h2h","Draw","3.4"
"2026-10-10T12:02:03Z","soccer_sweden_allsvenskan","2026-10-10T13:00:00Z","AIK","IF Brommapojkarna","sport888_se","2026-10-10T12:01:58Z","h2h","AIK","2.1"
"2026-10-10T12:02:03Z","soccer_sweden_allsvenskan","2026-10-10T13:00:00Z","AIK","IF Brommapojkarna","sport888_se","2026-10-10T12:01:58Z","h2h","IF Brommapojkarna","3.0"
"2026-10-10T12:02:03Z","soccer_sweden_allsvenskan","2026-10-10T13:00:00Z","AIK","IF Brommapojkarna","sport888_se","2026-10-10T12:01:58Z","h2h","Draw","3.4"
"2026-10-10T12:02:03Z","soccer_sweden_allsvenskan","2026-10-10T13:00:00Z","AIK","IF Brommapojkarna","williamhill","2026-10-10T12:01:40Z","h2h","AIK","2.1"
"2026-10-10T12:02:03Z","soccer_sweden_allsvenskan","2026-10-10T13:00:00Z","AIK","IF Brommapojkarna","williamhill","2026-10-10T12:01:40Z","h2h","IF Brommapojkarna","3.0"
"2026-10-10T12:02:03Z","soccer_sweden_allsvenskan","2026-10-10T13:00:00Z","AIK","IF Brommapojkarna","williamhill","2026-10-10T12:01:40Z","h2h","Draw","3.4"
"2026-10-10T12:02:03Z","soccer_sweden_allsvenskan","2026-10-10T13:00:00Z","AIK","IF Brommapojkarna","nordicbet","2026-10-10T12:01:56Z","h2h","AIK","2.2"
"2026-10-10T12:02:03Z","soccer_sweden_allsvenskan","2026-10-10T13:00:00Z","AIK","IF Brommapojkarna","nordicbet","2026-10-10T12:01:56Z","h2h","IF Brommapojkarna","3.1"
"2026-10-10T12:02:03Z","soccer_sweden_allsvenskan","2026-10-10T13:00:00Z","AIK","IF Brommapojkarna","nordicbet","2026-10-10T12:01:56Z","h2h","Draw","3.35"
"2026-10-10T12:02:03Z","soccer_sweden_allsvenskan","2026-10-10T13:00:00Z","AIK","IF Brommapojkarna","betsson","2026-10-10T12:01:42Z","h2h","AIK","2.24"
"2026-10-10T12:02:03Z","soccer_sweden_allsvenskan","2026-10-10T13:00:00Z","AIK","IF Brommapojkarna","betsson","2026-10-10T12:01:42Z","h2h","IF Brommapojkarna","3.19"
"2026-10-10T12:02:03Z","soccer_sweden_allsvenskan","2026-10-10T13:00:00Z","AIK","IF Brommapojkarna","betsson","2026-10-10T12:01:42Z","h2h","Draw","3.42"
"2026-10-10T12:02:03Z","soccer_sweden_allsvenskan","2026-10-10T13:00:00Z","AIK","IF Brommapojkarna","coolbet","2026-10-10T12:01:10Z","h2h","AIK","2.0"
"2026-10-10T12:02:03Z","soccer_sweden_allsvenskan","2026-10-10T13:00:00Z","AIK","IF Brommapojkarna","coolbet","2026-10-10T12:01:10Z","h2h","IF Brommapojkarna","3.35"
"2026-10-10T12:02:03Z","soccer_sweden_allsvenskan","2026-10-10T13:00:00Z","AIK","IF Brommapojkarna","coolbet","2026-10-10T12:01:10Z","h2h","Draw","3.8"
"2026-10-10T12:02:03Z","soccer_sweden_allsvenskan","2026-10-10T13:00:00Z","AIK","IF Brommapojkarna","tipico_de","2026-10-10T12:01:58Z","h2h","AIK","2.05"
"2026-10-10T12:02:03Z","soccer_sweden_allsvenskan","2026-10-10T13:00:00Z","AIK","IF Brommapojkarna","tipico_de","2026-10-10T12:01:58Z","h2h","IF Brommapojkarna","3.2"
"2026-10-10T12:02:03Z","soccer_sweden_allsvenskan","2026-10-10T13:00:00Z","AIK","IF Brommapojkarna","tipico_de","2026-10-10T12:01:58Z","h2h","Draw","3.5"
"2026-10-10T12:02:03Z","soccer_sweden_allsvenskan","2026-10-10T13:00:00Z","AIK","IF Brommapojkarna","svenskaspel_se","2026-10-10T12:01:57Z","h2h","AIK","2.08"
"2026-10-10T12:02:03Z","soccer_sweden_allsvenskan","2026-10-10T13:00:00Z","AIK","IF Brommapojkarna","svenskaspel_se","2026-10-10T12:01:57Z","h2h","IF Brommapojkarna","3.5"
"2026-10-10T12:02:03Z","soccer_sweden_allsvenskan","2026-10-10T13:00:00Z","AIK","IF Brommapojkarna","svenskaspel_se","2026-10-10T12:01:57Z","h2h","Draw","3.85"
"2026-10-10T12:02:03Z","soccer_sweden_allsvenskan","2026-10-10T13:00:00Z","AIK","IF Brommapojkarna","expekt_se","2026-10-10T12:01:24Z","h2h","AIK","2.08"
"2026-10-10T12:02:03Z","soccer_sweden_allsvenskan","2026-10-10T13:00:00Z","AIK","IF Brommapojkarna","expekt_se","2026-10-10T12:01:24Z","h2h","IF Brommapojkarna","3.5"
"2026-10-10T12:02:03Z","soccer_sweden_allsvenskan","2026-10-10T13:00:00Z","AIK","IF Brommapojkarna","expekt_se","2026-10-10T12:01:24Z","h2h","Draw","3.85"
"2026-10-10T12:02:03Z","soccer_sweden_allsvenskan","2026-10-10T13:00:00Z","AIK","IF Brommapojkarna","betmgm_se","2026-10-10T12:01:25Z","h2h","AIK","2.04"
"2026-10-10T12:02:03Z","soccer_sweden_allsvenskan","2026-10-10T13:00:00Z","AIK","IF Brommapojkarna","betmgm_se","2026-10-10T12:01:25Z","h2h","IF Brommapojkarna","3.35"
"2026-10-10T12:02:03Z","soccer_sweden_allsvenskan","2026-10-10T13:00:00Z","AIK","IF Brommapojkarna","betmgm_se","2026-10-10T12:01:25Z","h2h","Draw","3.7"
"2026-10-10T12:02:03Z","soccer_sweden_allsvenskan","2026-10-10T13:00:00Z","AIK","IF Brommapojkarna","leovegas_se","2026-10-10T12:01:40Z","h2h","AIK","2.02"
"2026-10-10T12:02:03Z","soccer_sweden_allsvenskan","2026-10-10T13:00:00Z","AIK","IF Brommapojkarna","leovegas_se","2026-10-10T12:01:40Z","h2h","IF Brommapojkarna","3.3"
"2026-10-10T12:02:03Z","soccer_sweden_allsvenskan","2026-10-10T13:00:00Z","AIK","IF Brommapojkarna","leovegas_se","2026-10-10T12:01:40Z","h2h","Draw","3.65"
"2026-10-10T12:02:03Z","soccer_sweden_allsvenskan","2026-10-10T13:00:00Z","AIK","IF Brommapojkarna","unibet_nl","2026-10-10T12:01:40Z","h2h","AIK","2.02"
"2026-10-10T12:02:03Z","soccer_sweden_allsvenskan","2026-10-10T13:00:00Z","AIK","IF Brommapojkarna","unibet_nl","2026-10-10T12:01:40Z","h2h","IF Brommapojkarna","3.3"
"2026-10-10T12:02:03Z","soccer_sweden_allsvenskan","2026-10-10T13:00:00Z","AIK","IF Brommapojkarna","unibet_nl","2026-10-10T12:01:40Z","h2h","Draw","3.65"
"2026-10-10T12:02:03Z","soccer_sweden_allsvenskan","2026-10-10T13:00:00Z","AIK","IF Brommapojkarna","unibet_se","2026-10-10T12:01:24Z","h2h","AIK","2.08"
"2026-10-10T12:02:03Z","soccer_sweden_allsvenskan","2026-10-10T13:00:00Z","AIK","IF Brommapojkarna","unibet_se","2026-10-10T12:01:24Z","h2h","IF Brommapojkarna","3.5"
"2026-10-10T12:02:03Z","soccer_sweden_allsvenskan","2026-10-10T13:00:00Z","AIK","IF Brommapojkarna","unibet_se","2026-10-10T12:01:24Z","h2h","Draw","3.85"
"2026-10-10T12:02:03Z","soccer_sweden_allsvenskan","2026-10-10T13:00:00Z","AIK","IF Brommapojkarna","atg_se","2026-10-10T12:01:40Z","h2h","AIK","2.08"
"2026-10-10T12:02:03Z","soccer_sweden_allsvenskan","2026-10-10T13:00:00Z","AIK","IF Brommapojkarna","atg_se","2026-10-10T12:01:40Z","h2h","IF Brommapojkarna","3.5"
"2026-10-10T12:02:03Z","soccer_sweden_allsvenskan","2026-10-10T13:00:00Z","AIK","IF Brommapojkarna","atg_se","2026-10-10T12:01:40Z","h2h","Draw","3.85"
"2026-10-10T12:02:03Z","soccer_sweden_allsvenskan","2026-10-10T13:00:00Z","AIK","IF Brommapojkarna","betfair_ex_eu","2026-10-10T12:01:42Z","h2h","AIK","2.28"
"2026-10-10T12:02:03Z","soccer_sweden_allsvenskan","2026-10-10T13:00:00Z","AIK","IF Brommapojkarna","betfair_ex_eu","2026-10-10T12:01:42Z","h2h","IF Brommapojkarna","3.25"
"2026-10-10T12:02:03Z","soccer_sweden_allsvenskan","2026-10-10T13:00:00Z","AIK","IF Brommapojkarna","betfair_ex_eu","2026-10-10T12:01:42Z","h2h","Draw","3.7"
"2026-10-10T12:02:03Z","soccer_sweden_allsvenskan","2026-10-10T13:00:00Z","AIK","IF Brommapojkarna","betfair_ex_eu","2026-10-10T12:01:42Z","h2h_lay","AIK","2.32"
"2026-10-10T12:02:03Z","soccer_sweden_allsvenskan","2026-10-10T13:00:00Z","AIK","IF Brommapojkarna","betfair_ex_eu","2026-10-10T12:01:42Z","h2h_lay","IF Brommapojkarna","3.4"
"2026-10-10T12:02:03Z","soccer_sweden_allsvenskan","2026-10-10T13:00:00Z","AIK","IF Brommapojkarna","betfair_ex_eu","2026-10-10T12:01:42Z","h2h_lay","Draw","3.8"
"2026-10-10T12:02:03Z","soccer_sweden_allsvenskan","2026-10-10T13:00:00Z","AIK","IF Brommapojkarna","gtbets","2026-10-10T12:01:40Z","h2h","AIK","2.03"
"2026-10-10T12:02:03Z","soccer_sweden_allsvenskan","2026-10-10T13:00:00Z","AIK","IF Brommapojkarna","gtbets","2026-10-10T12:01:40Z","h2h","IF Brommapojkarna","3.17"
"2026-10-10T12:02:03Z","soccer_sweden_allsvenskan","2026-10-10T13:00:00Z","AIK","IF Brommapojkarna","gtbets","2026-10-10T12:01:40Z","h2h","Draw","3.79"
"2026-10-10T12:02:03Z","soccer_sweden_allsvenskan","2026-10-10T13:00:00Z","AIK","IF Brommapojkarna","campobet_se","2026-10-10T12:01:24Z","h2h","AIK","2.08"
"2026-10-10T12:02:03Z","soccer_sweden_allsvenskan","2026-10-10T13:00:00Z","AIK","IF Brommapojkarna","campobet_se","2026-10-10T12:01:24Z","h2h","IF Brommapojkarna","3.4"
"2026-10-10T12:02:03Z","soccer_sweden_allsvenskan","2026-10-10T13:00:00Z","AIK","IF Brommapojkarna","campobet_se","2026-10-10T12:01:24Z","h2h","Draw","3.5"
"2026-10-10T12:02:03Z","soccer_sweden_allsvenskan","2026-10-10T13:00:00Z","AIK","IF Brommapojkarna","betinia_se","2026-10-10T12:01:41Z","h2h","AIK","2.08"
"2026-10-10T12:02:03Z","soccer_sweden_allsvenskan","2026-10-10T13:00:00Z","AIK","IF Brommapojkarna","betinia_se","2026-10-10T12:01:41Z","h2h","IF Brommapojkarna","3.4"
"2026-10-10T12:02:03Z","soccer_sweden_allsvenskan","2026-10-10T13:00:00Z","AIK","IF Brommapojkarna","betinia_se","2026-10-10T12:01:41Z","h2h","Draw","3.5"
"2026-10-10T12:02:03Z","soccer_sweden_allsvenskan","2026-10-10T13:00:00Z","AIK","IF Brommapojkarna","betonlineag","2026-10-10T12:01:44Z","h2h","AIK","2.2"
"2026-10-10T12:02:03Z","soccer_sweden_allsvenskan","2026-10-10T13:00:00Z","AIK","IF Brommapojkarna","betonlineag","2026-10-10T12:01:44Z","h2h","IF Brommapojkarna","3.2"
"2026-10-10T12:02:03Z","soccer_sweden_allsvenskan","2026-10-10T13:00:00Z","AIK","IF Brommapojkarna","betonlineag","2026-10-10T12:01:44Z","h2h","Draw","3.45"
"2026-10-10T12:02:03Z","soccer_sweden_allsvenskan","2026-10-10T13:00:00Z","AIK","IF Brommapojkarna","matchbook","2026-10-10T12:01:56Z","h2h","AIK","2.28"
"2026-10-10T12:02:03Z","soccer_sweden_allsvenskan","2026-10-10T13:00:00Z","AIK","IF Brommapojkarna","matchbook","2026-10-10T12:01:56Z","h2h","IF Brommapojkarna","3.3"
"2026-10-10T12:02:03Z","soccer_sweden_allsvenskan","2026-10-10T13:00:00Z","AIK","IF Brommapojkarna","matchbook","2026-10-10T12:01:56Z","h2h","Draw","3.7"
"2026-10-10T12:02:03Z","soccer_sweden_allsvenskan","2026-10-10T13:00:00Z","AIK","IF Brommapojkarna","matchbook","2026-10-10T12:01:56Z","h2h_lay","AIK","2.34"
"2026-10-10T12:02:03Z","soccer_sweden_allsvenskan","2026-10-10T13:00:00Z","AIK","IF Brommapojkarna","matchbook","2026-10-10T12:01:56Z","h2h_lay","IF Brommapojkarna","3.4"
"2026-10-10T12:02:03Z","soccer_sweden_allsvenskan","2026-10-10T13:00:00Z","AIK","IF Brommapojkarna","matchbook","2026-10-10T12:01:56Z","h2h_lay","Draw","3.8"
"2026-10-10T12:02:03Z","soccer_sweden_allsvenskan","2026-10-10T13:00:00Z","AIK","IF Brommapojkarna","betanysports","2026-10-10T12:01:41Z","h2h","AIK","2.2"
"2026-10-10T12:02:03Z","soccer_sweden_allsvenskan","2026-10-10T13:00:00Z","AIK","IF Brommapojkarna","betanysports","2026-10-10T12:01:41Z","h2h","IF Brommapojkarna","3.2"
"2026-10-10T12:02:03Z","soccer_sweden_allsvenskan","2026-10-10T13:00:00Z","AIK","IF Brommapojkarna","betanysports","2026-10-10T12:01:41Z","h2h","Draw","3.45"
"2026-10-10T12:02:03Z","soccer_sweden_allsvenskan","2026-10-10T13:00:00Z","GAIS","IK Sirius","pinnacle","2026-10-10T12:01:40Z","h2h","GAIS","2.65"
"2026-10-10T12:02:03Z","soccer_sweden_allsvenskan","2026-10-10T13:00:00Z","GAIS","IK Sirius","pinnacle","2026-10-10T12:01:40Z","h2h","IK Sirius","2.64"
"2026-10-10T12:02:03Z","soccer_sweden_allsvenskan","2026-10-10T13:00:00Z","GAIS","IK Sirius","pinnacle","2026-10-10T12:01:40Z","h2h","Draw","3.51"
"2026-10-10T12:02:03Z","soccer_sweden_allsvenskan","2026-10-10T13:00:00Z","GAIS","IK Sirius","unibet_fr","2026-10-10T12:01:57Z","h2h","GAIS","2.25"
"2026-10-10T12:02:03Z","soccer_sweden_allsvenskan","2026-10-10T13:00:00Z","GAIS","IK Sirius","unibet_fr","2026-10-10T12:01:57Z","h2h","IK Sirius","2.55"
"2026-10-10T12:02:03Z","soccer_sweden_allsvenskan","2026-10-10T13:00:00Z","GAIS","IK Sirius","unibet_fr","2026-10-10T12:01:57Z","h2h","Draw","3.4"
"2026-10-10T12:02:03Z","soccer_sweden_allsvenskan","2026-10-10T13:00:00Z","GAIS","IK Sirius","hajper_se","2026-10-10T12:01:24Z","h2h","GAIS","2.6"
"2026-10-10T12:02:03Z","soccer_sweden_allsvenskan","2026-10-10T13:00:00Z","GAIS","IK Sirius","hajper_se","2026-10-10T12:01:24Z","h2h","IK Sirius","2.65"
"2026-10-10T12:02:03Z","soccer_sweden_allsvenskan","2026-10-10T13:00:00Z","GAIS","IK Sirius","hajper_se","2026-10-10T12:01:24Z","h2h","Draw","3.55"
"2026-10-10T12:02:03Z","soccer_sweden_allsvenskan","2026-10-10T13:00:00Z","GAIS","IK Sirius","betclic_fr","2026-10-10T12:01:05Z","h2h","GAIS","2.43"
"2026-10-10T12:02:03Z","soccer_sweden_allsvenskan","2026-10-10T13:00:00Z","GAIS","IK Sirius","betclic_fr","2026-10-10T12:01:05Z","h2h","IK Sirius","2.55"
"2026-10-10T12:02:03Z","soccer_sweden_allsvenskan","2026-10-10T13:00:00Z","GAIS","IK Sirius","betclic_fr","2026-10-10T12:01:05Z","h2h","Draw","3.37"
"2026-10-10T12:02:03Z","soccer_sweden_allsvenskan","2026-10-10T13:00:00Z","GAIS","IK Sirius","winamax_fr","2026-10-10T12:01:58Z","h2h","GAIS","2.4"
"2026-10-10T12:02:03Z","soccer_sweden_allsvenskan","2026-10-10T13:00:00Z","GAIS","IK Sirius","winamax_fr","2026-10-10T12:01:58Z","h2h","IK Sirius","2.45"
"2026-10-10T12:02:03Z","soccer_sweden_allsvenskan","2026-10-10T13:00:00Z","GAIS","IK Sirius","winamax_fr","2026-10-10T12:01:58Z","h2h","Draw","3.4"
"2026-10-10T12:02:03Z","soccer_sweden_allsvenskan","2026-10-10T13:00:00Z","GAIS","IK Sirius","onexbet","2026-10-10T11:58:52Z","h2h","GAIS","2.47"
"2026-10-10T12:02:03Z","soccer_sweden_allsvenskan","2026-10-10T13:00:00Z","GAIS","IK Sirius","onexbet","2026-10-10T11:58:52Z","h2h","IK Sirius","2.59"
"2026-10-10T12:02:03Z","soccer_sweden_allsvenskan","2026-10-10T13:00:00Z","GAIS","IK Sirius","onexbet","2026-10-10T11:58:52Z","h2h","Draw","3.52"
"2026-10-10T12:02:03Z","soccer_sweden_allsvenskan","2026-10-10T13:00:00Z","GAIS","IK Sirius","winamax_de","2026-10-10T12:01:29Z","h2h","GAIS","2.45"
"2026-10-10T12:02:03Z","soccer_sweden_allsvenskan","2026-10-10T13:00:00Z","GAIS","IK Sirius","winamax_de","2026-10-10T12:01:29Z","h2h","IK Sirius","2.5"
"2026-10-10T12:02:03Z","soccer_sweden_allsvenskan","2026-10-10T13:00:00Z","GAIS","IK Sirius","winamax_de","2026-10-10T12:01:29Z","h2h","Draw","3.45"
"2026-10-10T12:02:03Z","soccer_sweden_allsvenskan","2026-10-10T13:00:00Z","GAIS","IK Sirius","sport888","2026-10-10T12:01:41Z","h2h","GAIS","2.5"
"2026-10-10T12:02:03Z","soccer_sweden_allsvenskan","2026-10-10T13:00:00Z","GAIS","IK Sirius","sport888","2026-10-10T12:01:41Z","h2h","IK Sirius","2.6"
"2026-10-10T12:02:03Z","soccer_sweden_allsvenskan","2026-10-10T13:00:00Z","GAIS","IK Sirius","sport888","2026-10-10T12:01:41Z","h2h","Draw","3.3"
"2026-10-10T12:02:03Z","soccer_sweden_allsvenskan","2026-10-10T13:00:00Z","GAIS","IK Sirius","mrgreen_se","2026-10-10T12:01:56Z","h2h","GAIS","2.5"
"2026-10-10T12:02:03Z","soccer_sweden_allsvenskan","2026-10-10T13:00:00Z","GAIS","IK Sirius","mrgreen_se","2026-10-10T12:01:56Z","h2h","IK Sirius","2.6"
"2026-10-10T12:02:03Z","soccer_sweden_allsvenskan","2026-10-10T13:00:00Z","GAIS","IK Sirius","mrgreen_se","2026-10-10T12:01:56Z","h2h","Draw","3.3"
"2026-10-10T12:02:03Z","soccer_sweden_allsvenskan","2026-10-10T13:00:00Z","GAIS","IK Sirius","sport888_se","2026-10-10T12:01:58Z","h2h","GAIS","2.5"
"2026-10-10T12:02:03Z","soccer_sweden_allsvenskan","2026-10-10T13:00:00Z","GAIS","IK Sirius","sport888_se","2026-10-10T12:01:58Z","h2h","IK Sirius","2.6"
"2026-10-10T12:02:03Z","soccer_sweden_allsvenskan","2026-10-10T13:00:00Z","GAIS","IK Sirius","sport888_se","2026-10-10T12:01:58Z","h2h","Draw","3.3"
"2026-10-10T12:02:03Z","soccer_sweden_allsvenskan","2026-10-10T13:00:00Z","GAIS","IK Sirius","williamhill","2026-10-10T12:01:40Z","h2h","GAIS","2.5"
"2026-10-10T12:02:03Z","soccer_sweden_allsvenskan","2026-10-10T13:00:00Z","GAIS","IK Sirius","williamhill","2026-10-10T12:01:40Z","h2h","IK Sirius","2.6"
"2026-10-10T12:02:03Z","soccer_sweden_allsvenskan","2026-10-10T13:00:00Z","GAIS","IK Sirius","williamhill","2026-10-10T12:01:40Z","h2h","Draw","3.3"
"2026-10-10T12:02:03Z","soccer_sweden_allsvenskan","2026-10-10T13:00:00Z","GAIS","IK Sirius","nordicbet","2026-10-10T12:01:56Z","h2h","GAIS","2.58"
"2026-10-10T12:02:03Z","soccer_sweden_allsvenskan","2026-10-10T13:00:00Z","GAIS","IK Sirius","nordicbet","2026-10-10T12:01:56Z","h2h","IK Sirius","2.58"
"2026-10-10T12:02:03Z","soccer_sweden_allsvenskan","2026-10-10T13:00:00Z","GAIS","IK Sirius","nordicbet","2026-10-10T12:01:56Z","h2h","Draw","3.35"
"2026-10-10T12:02:03Z","soccer_sweden_allsvenskan","2026-10-10T13:00:00Z","GAIS","IK Sirius","betsson","2026-10-10T12:01:42Z","h2h","GAIS","2.63"
"2026-10-10T12:02:03Z","soccer_sweden_allsvenskan","2026-10-10T13:00:00Z","GAIS","IK Sirius","betsson","2026-10-10T12:01:42Z","h2h","IK Sirius","2.63"
"2026-10-10T12:02:03Z","soccer_sweden_allsvenskan","2026-10-10T13:00:00Z","GAIS","IK Sirius","betsson","2026-10-10T12:01:42Z","h2h","Draw","3.42"
"2026-10-10T12:02:03Z","soccer_sweden_allsvenskan","2026-10-10T13:00:00Z","GAIS","IK Sirius","coolbet","2026-10-10T12:01:10Z","h2h","GAIS","2.62"
"2026-10-10T12:02:03Z","soccer_sweden_allsvenskan","2026-10-10T13:00:00Z","GAIS","IK Sirius","coolbet","2026-10-10T12:01:10Z","h2h","IK Sirius","2.56"
"2026-10-10T12:02:03Z","soccer_sweden_allsvenskan","2026-10-10T13:00:00Z","GAIS","IK Sirius","coolbet","2026-10-10T12:01:10Z","h2h","Draw","3.45"
"2026-10-10T12:02:03Z","soccer_sweden_allsvenskan","2026-10-10T13:00:00Z","GAIS","IK Sirius","tipico_de","2026-10-10T12:01:58Z","h2h","GAIS","2.6"
"2026-10-10T12:02:03Z","soccer_sweden_allsvenskan","2026-10-10T13:00:00Z","GAIS","IK Sirius","tipico_de","2026-10-10T12:01:58Z","h2h","IK Sirius","2.45"
"2026-10-10T12:02:03Z","soccer_sweden_allsvenskan","2026-10-10T13:00:00Z","GAIS","IK Sirius","tipico_de","2026-10-10T12:01:58Z","h2h","Draw","3.4"
"2026-10-10T12:02:03Z","soccer_sweden_allsvenskan","2026-10-10T13:00:00Z","GAIS","IK Sirius","svenskaspel_se","2026-10-10T12:01:57Z","h2h","GAIS","2.5"
"2026-10-10T12:02:03Z","soccer_sweden_allsvenskan","2026-10-10T13:00:00Z","GAIS","IK Sirius","svenskaspel_se","2026-10-10T12:01:57Z","h2h","IK Sirius","2.85"
"2026-10-10T12:02:03Z","soccer_sweden_allsvenskan","2026-10-10T13:00:00Z","GAIS","IK Sirius","svenskaspel_se","2026-10-10T12:01:57Z","h2h","Draw","3.6"
"2026-10-10T12:02:03Z","soccer_sweden_allsvenskan","2026-10-10T13:00:00Z","GAIS","IK Sirius","expekt_se","2026-10-10T12:01:24Z","h2h","GAIS","2.5"
"2026-10-10T12:02:03Z","soccer_sweden_allsvenskan","2026-10-10T13:00:00Z","GAIS","IK Sirius","expekt_se","2026-10-10T12:01:24Z","h2h","IK Sirius","2.85"
"2026-10-10T12:02:03Z","soccer_sweden_allsvenskan","2026-10-10T13:00:00Z","GAIS","IK Sirius","expekt_se","2026-10-10T12:01:24Z","h2h","Draw","3.6"
"2026-10-10T12:02:03Z","soccer_sweden_allsvenskan","2026-10-10T13:00:00Z","GAIS","IK Sirius","betmgm_se","2026-10-10T12:01:25Z","h2h","GAIS","2.43"
"2026-10-10T12:02:03Z","soccer_sweden_allsvenskan","2026-10-10T13:00:00Z","GAIS","IK Sirius","betmgm_se","2026-10-10T12:01:25Z","h2h","IK Sirius","2.75"
"2026-10-10T12:02:03Z","soccer_sweden_allsvenskan","2026-10-10T13:00:00Z","GAIS","IK Sirius","betmgm_se","2026-10-10T12:01:25Z","h2h","Draw","3.5"
"2026-10-10T12:02:03Z","soccer_sweden_allsvenskan","2026-10-10T13:00:00Z","GAIS","IK Sirius","leovegas_se","2026-10-10T12:01:40Z","h2h","GAIS","2.4"
"2026-10-10T12:02:03Z","soccer_sweden_allsvenskan","2026-10-10T13:00:00Z","GAIS","IK Sirius","leovegas_se","2026-10-10T12:01:40Z","h2h","IK Sirius","2.7"
"2026-10-10T12:02:03Z","soccer_sweden_allsvenskan","2026-10-10T13:00:00Z","GAIS","IK Sirius","leovegas_se","2026-10-10T12:01:40Z","h2h","Draw","3.45"
"2026-10-10T12:02:03Z","soccer_sweden_allsvenskan","2026-10-10T13:00:00Z","GAIS","IK Sirius","unibet_nl","2026-10-10T12:01:40Z","h2h","GAIS","2.4"
"2026-10-10T12:02:03Z","soccer_sweden_allsvenskan","2026-10-10T13:00:00Z","GAIS","IK Sirius","unibet_nl","2026-10-10T12:01:40Z","h2h","IK Sirius","2.7"
"2026-10-10T12:02:03Z","soccer_sweden_allsvenskan","2026-10-10T13:00:00Z","GAIS","IK Sirius","unibet_nl","2026-10-10T12:01:40Z","h2h","Draw","3.45"
"2026-10-10T12:02:03Z","soccer_sweden_allsvenskan","2026-10-10T13:00:00Z","GAIS","IK Sirius","unibet_se","2026-10-10T12:01:24Z","h2h","GAIS","2.5"
"2026-10-10T12:02:03Z","soccer_sweden_allsvenskan","2026-10-10T13:00:00Z","GAIS","IK Sirius","unibet_se","2026-10-10T12:01:24Z","h2h","IK Sirius","2.85"
"2026-10-10T12:02:03Z","soccer_sweden_allsvenskan","2026-10-10T13:00:00Z","GAIS","IK Sirius","unibet_se","2026-10-10T12:01:24Z","h2h","Draw","3.6"
"2026-10-10T12:02:03Z","soccer_sweden_allsvenskan","2026-10-10T13:00:00Z","GAIS","IK Sirius","atg_se","2026-10-10T12:01:40Z","h2h","GAIS","2.5"
"2026-10-10T12:02:03Z","soccer_sweden_allsvenskan","2026-10-10T13:00:00Z","GAIS","IK Sirius","atg_se","2026-10-10T12:01:40Z","h2h","IK Sirius","2.85"
"2026-10-10T12:02:03Z","soccer_sweden_allsvenskan","2026-10-10T13:00:00Z","GAIS","IK Sirius","atg_se","2026-10-10T12:01:40Z","h2h","Draw","3.6"
"2026-10-10T12:02:03Z","soccer_sweden_allsvenskan","2026-10-10T13:00:00Z","GAIS","IK Sirius","betfair_ex_eu","2026-10-10T12:01:42Z","h2h","GAIS","2.7"
"2026-10-10T12:02:03Z","soccer_sweden_allsvenskan","2026-10-10T13:00:00Z","GAIS","IK Sirius","betfair_ex_eu","2026-10-10T12:01:42Z","h2h","IK Sirius","2.78"
"2026-10-10T12:02:03Z","soccer_sweden_allsvenskan","2026-10-10T13:00:00Z","GAIS","IK Sirius","betfair_ex_eu","2026-10-10T12:01:42Z","h2h","Draw","3.6"
"2026-10-10T12:02:03Z","soccer_sweden_allsvenskan","2026-10-10T13:00:00Z","GAIS","IK Sirius","betfair_ex_eu","2026-10-10T12:01:42Z","h2h_lay","GAIS","2.76"
"2026-10-10T12:02:03Z","soccer_sweden_allsvenskan","2026-10-10T13:00:00Z","GAIS","IK Sirius","betfair_ex_eu","2026-10-10T12:01:42Z","h2h_lay","IK Sirius","2.82"
"2026-10-10T12:02:03Z","soccer_sweden_allsvenskan","2026-10-10T13:00:00Z","GAIS","IK Sirius","betfair_ex_eu","2026-10-10T12:01:42Z","h2h_lay","Draw","3.75"
"2026-10-10T12:02:03Z","soccer_sweden_allsvenskan","2026-10-10T13:00:00Z","GAIS","IK Sirius","gtbets","2026-10-10T12:01:40Z","h2h","GAIS","2.46"
"2026-10-10T12:02:03Z","soccer_sweden_allsvenskan","2026-10-10T13:00:00Z","GAIS","IK Sirius","gtbets","2026-10-10T12:01:40Z","h2h","IK Sirius","2.67"
"2026-10-10T12:02:03Z","soccer_sweden_allsvenskan","2026-10-10T13:00:00Z","GAIS","IK Sirius","gtbets","2026-10-10T12:01:40Z","h2h","Draw","3.58"
"2026-10-10T12:02:03Z","soccer_sweden_allsvenskan","2026-10-10T13:00:00Z","GAIS","IK Sirius","campobet_se","2026-10-10T12:01:24Z","h2h","GAIS","2.6"
"2026-10-10T12:02:03Z","soccer_sweden_allsvenskan","2026-10-10T13:00:00Z","GAIS","IK Sirius","campobet_se","2026-10-10T12:01:24Z","h2h","IK Sirius","2.62"
"2026-10-10T12:02:03Z","soccer_sweden_allsvenskan","2026-10-10T13:00:00Z","GAIS","IK Sirius","campobet_se","2026-10-10T12:01:24Z","h2h","Draw","3.4"
"2026-10-10T12:02:03Z","soccer_sweden_allsvenskan","2026-10-10T13:00:00Z","GAIS","IK Sirius","betinia_se","2026-10-10T12:01:41Z","h2h","GAIS","2.6"
"2026-10-10T12:02:03Z","soccer_sweden_allsvenskan","2026-10-10T13:00:00Z","GAIS","IK Sirius","betinia_se","2026-10-10T12:01:41Z","h2h","IK Sirius","2.62"
"2026-10-10T12:02:03Z","soccer_sweden_allsvenskan","2026-10-10T13:00:00Z","GAIS","IK Sirius","betinia_se","2026-10-10T12:01:41Z","h2h","Draw","3.4"
"2026-10-10T12:02:03Z","soccer_sweden_allsvenskan","2026-10-10T13:00:00Z","GAIS","IK Sirius","betonlineag","2026-10-10T12:01:44Z","h2h","GAIS","2.66"
"2026-10-10T12:02:03Z","soccer_sweden_allsvenskan","2026-10-10T13:00:00Z","GAIS","IK Sirius","betonlineag","2026-10-10T12:01:44Z","h2h","IK Sirius","2.6"
"2026-10-10T12:02:03Z","soccer_sweden_allsvenskan","2026-10-10T13:00:00Z","GAIS","IK Sirius","betonlineag","2026-10-10T12:01:44Z","h2h","Draw","3.4"
"2026-10-10T12:02:03Z","soccer_sweden_allsvenskan","2026-10-10T13:00:00Z","GAIS","IK Sirius","matchbook","2026-10-10T12:01:56Z","h2h","GAIS","2.7"
"2026-10-10T12:02:03Z","soccer_sweden_allsvenskan","2026-10-10T13:00:00Z","GAIS","IK Sirius","matchbook","2026-10-10T12:01:56Z","h2h","IK Sirius","2.78"
"2026-10-10T12:02:03Z","soccer_sweden_allsvenskan","2026-10-10T13:00:00Z","GAIS","IK Sirius","matchbook","2026-10-10T12:01:56Z","h2h","Draw","3.6"
"2026-10-10T12:02:03Z","soccer_sweden_allsvenskan","2026-10-10T13:00:00Z","GAIS","IK Sirius","matchbook","2026-10-10T12:01:56Z","h2h_lay","GAIS","2.76"
"2026-10-10T12:02:03Z","soccer_sweden_allsvenskan","2026-10-10T13:00:00Z","GAIS","IK Sirius","matchbook","2026-10-10T12:01:56Z","h2h_lay","IK Sirius","2.82"
"2026-10-10T12:02:03Z","soccer_sweden_allsvenskan","2026-10-10T13:00:00Z","GAIS","IK Sirius","matchbook","2026-10-10T12:01:56Z","h2h_lay","Draw","3.7"
"2026-10-10T12:02:03Z","soccer_sweden_allsvenskan","2026-10-10T13:00:00Z","GAIS","IK Sirius","betanysports","2026-10-10T12:01:41Z","h2h","GAIS","2.66"
"2026-10-10T12:02:03Z","soccer_sweden_allsvenskan","2026-10-10T13:00:00Z","GAIS","IK Sirius","betanysports","2026-10-10T12:01:41Z","h2h","IK Sirius","2.6"
"2026-10-10T12:02:03Z","soccer_sweden_allsvenskan","2026-10-10T13:00:00Z","GAIS","IK Sirius","betanysports","2026-10-10T12:01:41Z","h2h","Draw","3.4"
