"hamtad_utc","liga","avspark_utc","hemmalag","bortalag","bookmaker","uppdaterad","marknad","utfall","odds"
"2026-10-10T10:02:05Z","soccer_epl","2026-10-10T11:30:00Z","Arsenal","Leeds United","codere_it","2026-10-10T10:01:27Z","h2h","Arsenal","1.43"
"2026-10-10T10:02:05Z","soccer_epl","2026-10-10T11:30:00Z","Arsenal","Leeds United","codere_it","2026-10-10T10:01:27Z","h2h","Leeds United","7.2"
"2026-10-10T10:02:05Z","soccer_epl","2026-10-10T11:30:00Z","Arsenal","Leeds United","codere_it","2026-10-10T10:01:27Z","h2h","Draw","4.7"
"2026-10-10T10:02:05Z","soccer_epl","2026-10-10T11:30:00Z","Arsenal","Leeds United","unibet_fr","2026-10-10T10:01:27Z","h2h","Arsenal","1.36"
"2026-10-10T10:02:05Z","soccer_epl","2026-10-10T11:30:00Z","Arsenal","Leeds United","unibet_fr","2026-10-10T10:01:27Z","h2h","Leeds United","7.2"
"2026-10-10T10:02:05Z","soccer_epl","2026-10-10T11:30:00Z","Arsenal","Leeds United","unibet_fr","2026-10-10T10:01:27Z","h2h","Draw","4.6"
"2026-10-10T10:02:05Z","soccer_epl","2026-10-10T11:30:00Z","Arsenal","Leeds United","winamax_de","2026-10-10T10:01:46Z","h2h","Arsenal","1.38"
"2026-10-10T10:02:05Z","soccer_epl","2026-10-10T11:30:00Z","Arsenal","Leeds United","winamax_de","2026-10-10T10:01:46Z","h2h","Leeds United","7.0"
"2026-10-10T10:02:05Z","soccer_epl","2026-10-10T11:30:00Z","Arsenal","Leeds United","winamax_de","2026-10-10T10:01:46Z","h2h","Draw","5.0"
"2026-10-10T10:02:05Z","soccer_epl","2026-10-10T11:30:00Z","Arsenal","Leeds United","sport888","2026-10-10T10:01:42Z","h2h","Arsenal","1.4"
"2026-10-10T10:02:05Z","soccer_epl","2026-10-10T11:30:00Z","Arsenal","Leeds United","sport888","2026-10-10T10:01:42Z","h2h","Leeds United","7.5"
"2026-10-10T10:02:05Z","soccer_epl","2026-10-10T11:30:00Z","Arsenal","Leeds United","sport888","2026-10-10T10:01:42Z","h2h","Draw","4.2"
"2026-10-10T10:02:05Z","soccer_epl","2026-10-10T11:30:00Z","Arsenal","Leeds United","betclic_fr","2026-10-10T10:01:54Z","h2h","Arsenal","1.38"
"2026-10-10T10:02:05Z","soccer_epl","2026-10-10T11:30:00Z","Arsenal","Leeds United","betclic_fr","2026-10-10T10:01:54Z","h2h","Leeds United","8.0"
"2026-10-10T10:02:05Z","soccer_epl","2026-10-10T11:30:00Z","Arsenal","Leeds United","betclic_fr","2026-10-10T10:01:54Z","h2h","Draw","4.5"
"2026-10-10T10:02:05Z","soccer_epl","2026-10-10T11:30:00Z","Arsenal","Leeds United","onexbet","2026-10-10T10:00:52Z","h2h","Arsenal","1.46"
"2026-10-10T10:02:05Z","soccer_epl","2026-10-10T11:30:00Z","Arsenal","Leeds United","onexbet","2026-10-10T10:00:52Z","h2h","Leeds United","8.6"
"2026-10-10T10:02:05Z","soccer_epl","2026-10-10T11:30:00Z","Arsenal","Leeds United","onexbet","2026-10-10T10:00:52Z","h2h","Draw","4.62"
"2026-10-10T10:02:05Z","soccer_epl","2026-10-10T11:30:00Z","Arsenal","Leeds United","mybookieag","2026-10-10T10:00:52Z","h2h","Arsenal","1.42"
"2026-10-10T10:02:05Z","soccer_epl","2026-10-10T11:30:00Z","Arsenal","Leeds United","mybookieag","2026-10-10T10:00:52Z","h2h","Leeds United","7.1"
"2026-10-10T10:02:05Z","soccer_epl","2026-10-10T11:30:00Z","Arsenal","Leeds United","mybookieag","2026-10-10T10:00:52Z","h2h","Draw","4.6"
"2026-10-10T10:02:05Z","soccer_epl","2026-10-10T11:30:00Z","Arsenal","Leeds United","sport888_se","2026-10-10T10:01:42Z","h2h","Arsenal","1.4"
"2026-10-10T10:02:05Z","soccer_epl","2026-10-10T11:30:00Z","Arsenal","Leeds United","sport888_se","2026-10-10T10:01:42Z","h2h","Leeds United","7.5"
"2026-10-10T10:02:05Z","soccer_epl","2026-10-10T11:30:00Z","Arsenal","Leeds United","sport888_se","2026-10-10T10:01:42Z","h2h","Draw","4.2"
"2026-10-10T10:02:05Z","soccer_epl","2026-10-10T11:30:00Z","Arsenal","Leeds United","williamhill","2026-10-10T10:01:59Z","h2h","Arsenal","1.4"
"2026-10-10T10:02:05Z","soccer_epl","2026-10-10T11:30:00Z","Arsenal","Leeds United","williamhill","2026-10-10T10:01:59Z","h2h","Leeds United","7.5"
"2026-10-10T10:02:05Z","soccer_epl","2026-10-10T11:30:00Z","Arsenal","Leeds United","williamhill","2026-10-10T10:01:59Z","h2h","Draw","4.2"
"2026-10-10T10:02:05Z","soccer_epl","2026-10-10T11:30:00Z","Arsenal","Leeds United","mrgreen_se","2026-10-10T10:01:59Z","h2h","Arsenal","1.4"
"2026-10-10T10:02:05Z","soccer_epl","2026-10-10T11:30:00Z","Arsenal","Leeds United","mrgreen_se","2026-10-10T10:01:59Z","h2h","Leeds United","7.5"
"2026-10-10T10:02:05Z","soccer_epl","2026-10-10T11:30:00Z","Arsenal","Leeds United","mrgreen_se","2026-10-10T10:01:59Z","h2h","Draw","4.2"
"2026-10-10T10:02:05Z","soccer_epl","2026-10-10T11:30:00Z","Arsenal","Leeds United","winamax_fr","2026-10-10T10:01:44Z","h2h","Arsenal","1.37"
"2026-10-10T10:02:05Z","soccer_epl","2026-10-10T11:30:00Z","Arsenal","Leeds United","winamax_fr","2026-10-10T10:01:44Z","h2h","Leeds United","6.75"
"2026-10-10T10:02:05Z","soccer_epl","2026-10-10T11:30:00Z","Arsenal","Leeds United","winamax_fr","2026-10-10T10:01:44Z","h2h","Draw","4.8"
"2026-10-10T10:02:05Z","soccer_epl","2026-10-10T11:30:00Z","Arsenal","Leeds United","hajper_se","2026-10-10T10:01:42Z","h2h","Arsenal","1.46"
"2026-10-10T10:02:05Z","soccer_epl","2026-10-10T11:30:00Z","Arsenal","Leeds United","hajper_se","2026-10-10T10:01:42Z","h2h","Leeds United","7.3"
"2026-10-10T10:02:05Z","soccer_epl","2026-10-10T11:30:00Z","Arsenal","Leeds United","hajper_se","2026-10-10T10:01:42Z","h2h","Draw","4.8"
"2026-10-10T10:02:05Z","soccer_epl","2026-10-10T11:30:00Z","Arsenal","Leeds United","betinia_se","2026-10-10T10:01:42Z","h2h","Arsenal","1.4"
"2026-10-10T10:02:05Z","soccer_epl","2026-10-10T11:30:00Z","Arsenal","Leeds United","betinia_se","2026-10-10T10:01:42Z","h2h","Leeds United","8.0"
"2026-10-10T10:02:05Z","soccer_epl","2026-10-10T11:30:00Z","Arsenal","Leeds United","betinia_se","2026-10-10T10:01:42Z","h2h","Draw","4.75"
"2026-10-10T10:02:05Z","soccer_epl","2026-10-10T11:30:00Z","Arsenal","Leeds United","campobet_se","2026-10-10T10:01:27Z","h2h","Arsenal","1.4"
"2026-10-10T10:02:05Z","soccer_epl","2026-10-10T11:30:00Z","Arsenal","Leeds United","campobet_se","2026-10-10T10:01:27Z","h2h","Leeds United","8.0"
"2026-10-10T10:02:05Z","soccer_epl","2026-10-10T11:30:00Z","Arsenal","Leeds United","campobet_se","2026-10-10T10:01:27Z","h2h","Draw","4.75"
"2026-10-10T10:02:05Z","soccer_epl","2026-10-10T11:30:00Z","Arsenal","Leeds United","betfair_ex_eu","2026-10-10T10:01:59Z","h2h","Arsenal","1.44"
"2026-10-10T10:02:05Z","soccer_epl","2026-10-10T11:30:00Z","Arsenal","Leeds United","betfair_ex_eu","2026-10-10T10:01:59Z","h2h","Leeds United","9.0"
"2026-10-10T10:02:05Z","soccer_epl","2026-10-10T11:30:00Z","Arsenal","Leeds United","betfair_ex_eu","2026-10-10T10:01:59Z","h2h","Draw","5.0"
"2026-10-10T10:02:05Z","soccer_epl","2026-10-10T11:30:00Z","Arsenal","Leeds United","betfair_ex_eu","2026-10-10T10:01:59Z","h2h_lay","Arsenal","1.45"
"2026-10-10T10:02:05Z","soccer_epl","2026-10-10T11:30:00Z","Arsenal","Leeds United","betfair_ex_eu","2026-10-10T10:01:59Z","h2h_lay","Leeds United","9.2"
"2026-10-10T10:02:05Z","soccer_epl","2026-10-10T11:30:00Z","Arsenal","Leeds United","betfair_ex_eu","2026-10-10T10:01:59Z","h2h_lay","Draw","5.1"
"2026-10-10T10:02:05Z","soccer_epl","2026-10-10T11:30:00Z","Arsenal","Leeds United","tipico_de","2026-10-10T10:01:43Z","h2h","Arsenal","1.37"
"2026-10-10T10:02:05Z","soccer_epl","2026-10-10T11:30:00Z","Arsenal","Leeds United","tipico_de","2026-10-10T10:01:43Z","h2h","Leeds United","8.0"
"2026-10-10T10:02:05Z","soccer_epl","2026-10-10T11:30:00Z","Arsenal","Leeds United","tipico_de","2026-10-10T10:01:43Z","h2h","Draw","4.8"
"2026-10-10T10:02:05Z","soccer_epl","2026-10-10T11:30:00Z","Arsenal","Leeds United","pinnacle","2026-10-10T10:01:58Z","h2h","Arsenal","1.43"
"2026-10-10T10:02:05Z","soccer_epl","2026-10-10T11:30:00Z","Arsenal","Leeds United","pinnacle","2026-10-10T10:01:58Z","h2h","Leeds United","8.43"
"2026-10-10T10:02:05Z","soccer_epl","2026-10-10T11:30:00Z","Arsenal","Leeds United","pinnacle","2026-10-10T10:01:58Z","h2h","Draw","4.62"
"2026-10-10T10:02:05Z","soccer_epl","2026-10-10T11:30:00Z","Arsenal","Leeds United","svenskaspel_se","2026-10-10T10:01:20Z","h2h","Arsenal","1.43"
"2026-10-10T10:02:05Z","soccer_epl","2026-10-10T11:30:00Z","Arsenal","Leeds United","svenskaspel_se","2026-10-10T10:01:20Z","h2h","Leeds United","8.0"
"2026-10-10T10:02:05Z","soccer_epl","2026-10-10T11:30:00Z","Arsenal","Leeds United","svenskaspel_se","2026-10-10T10:01:20Z","h2h","Draw","4.8"
"2026-10-10T10:02:05Z","soccer_epl","2026-10-10T11:30:00Z","Arsenal","Leeds United","atg_se","2026-10-10T10:01:43Z","h2h","Arsenal","1.43"
"2026-10-10T10:02:05Z","soccer_epl","2026-10-10T11:30:00Z","Arsenal","Leeds United","atg_se","2026-10-10T10:01:43Z","h2h","Leeds United","8.0"
"2026-10-10T10:02:05Z","soccer_epl","2026-10-10T11:30:00Z","Arsenal","Leeds United","atg_se","2026-10-10T10:01:43Z","h2h","Draw","4.8"
"2026-10-10T10:02:05Z","soccer_epl","2026-10-10T11:30:00Z","Arsenal","Leeds United","leovegas_se","2026-10-10T10:01:58Z","h2h","Arsenal","1.41"
"2026-10-10T10:02:05Z","soccer_epl","2026-10-10T11:30:00Z","Arsenal","Leeds United","leovegas_se","2026-10-10T10:01:58Z","h2h","Leeds United","7.5"
"2026-10-10T10:02:05Z","soccer_epl","2026-10-10T11:30:00Z","Arsenal","Leeds United","leovegas_se","2026-10-10T10:01:58Z","h2h","Draw","4.6"
"2026-10-10T10:02:05Z","soccer_epl","2026-10-10T11:30:00Z","Arsenal","Leeds United","expekt_se","2026-10-10T10:01:59Z","h2h","Arsenal","1.43"
"2026-10-10T10:02:05Z","soccer_epl","2026-10-10T11:30:00Z","Arsenal","Leeds United","expekt_se","2026-10-10T10:01:59Z","h2h","Leeds United","8.0"
"2026-10-10T10:02:05Z","soccer_epl","2026-10-10T11:30:00Z","Arsenal","Leeds United","expekt_se","2026-10-10T10:01:59Z","h2h","Draw","4.8"
"2026-10-10T10:02:05Z","soccer_epl","2026-10-10T11:30:00Z","Arsenal","Leeds United","unibet_se","2026-10-10T10:01:58Z","h2h","Arsenal","1.43"
"2026-10-10T10:02:05Z","soccer_epl","2026-10-10T11:30:00Z","Arsenal","Leeds United","unibet_se","2026-10-10T10:01:58Z","h2h","Leeds United","8.0"
"2026-10-10T10:02:05Z","soccer_epl","2026-10-10T11:30:00Z","Arsenal","Leeds United","unibet_se","2026-10-10T10:01:58Z","h2h","Draw","4.8"
"2026-10-10T10:02:05Z","soccer_epl","2026-10-10T11:30:00Z","Arsenal","Leeds United","unibet_nl","2026-10-10T10:01:59Z","h2h","Arsenal","1.43"
"2026-10-10T10:02:05Z","soccer_epl","2026-10-10T11:30:00Z","Arsenal","Leeds United","unibet_nl","2026-10-10T10:01:59Z","h2h","Leeds United","8.0"
"2026-10-10T10:02:05Z","soccer_epl","2026-10-10T11:30:00Z","Arsenal","Leeds United","unibet_nl","2026-10-10T10:01:59Z","h2h","Draw","4.8"
"2026-10-10T10:02:05Z","soccer_epl","2026-10-10T11:30:00Z","Arsenal","Leeds United","betmgm_se","2026-10-10T10:01:28Z","h2h","Arsenal","1.41"
"2026-10-10T10:02:05Z","soccer_epl","2026-10-10T11:30:00Z","Arsenal","Leeds United","betmgm_se","2026-10-10T10:01:28Z","h2h","Leeds United","7.5"
"2026-10-10T10:02:05Z","soccer_epl","2026-10-10T11:30:00Z","Arsenal","Leeds United","betmgm_se","2026-10-10T10:01:28Z","h2h","Draw","4.6"
"2026-10-10T10:02:05Z","soccer_epl","2026-10-10T11:30:00Z","Arsenal","Leeds United","everygame","2026-10-10T09:50:55Z","h2h","Arsenal","1.4"
"2026-10-10T10:02:05Z","soccer_epl","2026-10-10T11:30:00Z","Arsenal","Leeds United","everygame","2026-10-10T09:50:55Z","h2h","Leeds United","8.0"
"2026-10-10T10:02:05Z","soccer_epl","2026-10-10T11:30:00Z","Arsenal","Leeds United","everygame","2026-10-10T09:50:55Z","h2h","Draw","4.5"
"2026-10-10T10:02:05Z","soccer_epl","2026-10-10T11:30:00Z","Arsenal","Leeds United","betsson","2026-10-10T10:01:09Z","h2h","Arsenal","1.42"
"2026-10-10T10:02:05Z","soccer_epl","2026-10-10T11:30:00Z","Arsenal","Leeds United","betsson","2026-10-10T10:01:09Z","h2h","Leeds United","8.05"
"2026-10-10T10:02:05Z","soccer_epl","2026-10-10T11:30:00Z","Arsenal","Leeds United","betsson","2026-10-10T10:01:09Z","h2h","Draw","4.45"
"2026-10-10T10:02:05Z","soccer_epl","2026-10-10T11:30:00Z","Arsenal","Leeds United","nordicbet","2026-10-10T10:01:42Z","h2h","Arsenal","1.42"
"2026-10-10T10:02:05Z","soccer_epl","2026-10-10T11:30:00Z","Arsenal","Leeds United","nordicbet","2026-10-10T10:01:42Z","h2h","Leeds United","8.1"
"2026-10-10T10:02:05Z","soccer_epl","2026-10-10T11:30:00Z","Arsenal","Leeds United","nordicbet","2026-10-10T10:01:42Z","h2h","Draw","4.45"
"2026-10-10T10:02:05Z","soccer_epl","2026-10-10T11:30:00Z","Arsenal","Leeds United","coolbet","2026-10-10T10:01:43Z","h2h","Arsenal","1.44"
"2026-10-10T10:02:05Z","soccer_epl","2026-10-10T11:30:00Z","Arsenal","Leeds United","coolbet","2026-10-10T10:01:43Z","h2h","Leeds United","8.57"
"2026-10-10T10:02:05Z","soccer_epl","2026-10-10T11:30:00Z","Arsenal","Leeds United","coolbet","2026-10-10T10:01:43Z","h2h","Draw","4.78"
"2026-10-10T10:02:05Z","soccer_epl","2026-10-10T11:30:00Z","Arsenal","Leeds United","betonlineag","2026-10-10T10:01:59Z","h2h","Arsenal","1.43"
"2026-10-10T10:02:05Z","soccer_epl","2026-10-10T11:30:00Z","Arsenal","Leeds United","betonlineag","2026-10-10T10:01:59Z","h2h","Leeds United","8.4"
"2026-10-10T10:02:05Z","soccer_epl","2026-10-10T11:30:00Z","Arsenal","Leeds United","betonlineag","2026-10-10T10:01:59Z","h2h","Draw","4.65"
"2026-10-10T10:02:05Z","soccer_epl","2026-10-10T11:30:00Z","Arsenal","Leeds United","matchbook","2026-10-10T10:01:59Z","h2h","Arsenal","1.44"
"2026-10-10T10:02:05Z","soccer_epl","2026-10-10T11:30:00Z","Arsenal","Leeds United","matchbook","2026-10-10T10:01:59Z","h2h","Leeds United","9.0"
"2026-10-10T10:02:05Z","soccer_epl","2026-10-10T11:30:00Z","Arsenal","Leeds United","matchbook","2026-10-10T10:01:59Z","h2h","Draw","5.0"
"2026-10-10T10:02:05Z","soccer_epl","2026-10-10T11:30:00Z","Arsenal","Leeds United","matchbook","2026-10-10T10:01:59Z","h2h_lay","Arsenal","1.45"
"2026-10-10T10:02:05Z","soccer_epl","2026-10-10T11:30:00Z","Arsenal","Leeds United","matchbook","2026-10-10T10:01:59Z","h2h_lay","Leeds United","9.2"
"2026-10-10T10:02:05Z","soccer_epl","2026-10-10T11:30:00Z","Arsenal","Leeds United","matchbook","2026-10-10T10:01:59Z","h2h_lay","Draw","5.1"
"2026-10-10T10:02:05Z","soccer_epl","2026-10-10T11:30:00Z","Arsenal","Leeds United","gtbets","2026-10-10T10:01:29Z","h2h","Arsenal","1.41"
"2026-10-10T10:02:05Z","soccer_epl","2026-10-10T11:30:00Z","Arsenal","Leeds United","gtbets","2026-10-10T10:01:29Z","h2h","Leeds United","7.51"
"2026-10-10T10:02:05Z","soccer_epl","2026-10-10T11:30:00Z","Arsenal","Leeds United","gtbets","2026-10-10T10:01:29Z","h2h","Draw","4.8"
"2026-10-10T10:02:05Z","soccer_epl","2026-10-10T11:30:00Z","Arsenal","Leeds United","betanysports","2026-10-10T10:02:00Z","h2h","Arsenal","1.41"
"2026-10-10T10:02:05Z","soccer_epl","2026-10-10T11:30:00Z","Arsenal","Leeds United","betanysports","2026-10-10T10:02:00Z","h2h","Leeds United","8.05"
"2026-10-10T10:02:05Z","soccer_epl","2026-10-10T11:30:00Z","Arsenal","Leeds United","betanysports","2026-10-10T10:02:00Z","h2h","Draw","4.65"
"2026-10-10T10:02:05Z","soccer_efl_champ","2026-10-10T11:30:00Z","West Bromwich Albion","Birmingham City","winamax_fr","2026-10-10T10:02:01Z","h2h","Birmingham City","2.7"
"2026-10-10T10:02:05Z","soccer_efl_champ","2026-10-10T11:30:00Z","West Bromwich Albion","Birmingham City","winamax_fr","2026-10-10T10:02:01Z","h2h","West Bromwich Albion","2.3"
"2026-10-10T10:02:05Z","soccer_efl_champ","2026-10-10T11:30:00Z","West Bromwich Albion","Birmingham City","winamax_fr","2026-10-10T10:02:01Z","h2h","Draw","3.2"
"2026-10-10T10:02:05Z","soccer_efl_champ","2026-10-10T11:30:00Z","West Bromwich Albion","Birmingham City","onexbet","2026-10-10T10:01:44Z","h2h","Birmingham City","2.8"
"2026-10-10T10:02:05Z","soccer_efl_champ","2026-10-10T11:30:00Z","West Bromwich Albion","Birmingham City","onexbet","2026-10-10T10:01:44Z","h2h","West Bromwich Albion","2.45"
"2026-10-10T10:02:05Z","soccer_efl_champ","2026-10-10T11:30:00Z","West Bromwich Albion","Birmingham City","onexbet","2026-10-10T10:01:44Z","h2h","Draw","3.24"
"2026-10-10T10:02:05Z","soccer_efl_champ","2026-10-10T11:30:00Z","West Bromwich Albion","Birmingham City","codere_it","2026-10-10T10:01:44Z","h2h","Birmingham City","2.9"
"2026-10-10T10:02:05Z","soccer_efl_champ","2026-10-10T11:30:00Z","West Bromwich Albion","Birmingham City","codere_it","2026-10-10T10:01:44Z","h2h","West Bromwich Albion","2.47"
"2026-10-10T10:02:05Z","soccer_efl_champ","2026-10-10T11:30:00Z","West Bromwich Albion","Birmingham City","codere_it","2026-10-10T10:01:44Z","h2h","Draw","3.3"
"2026-10-10T10:02:05Z","soccer_efl_champ","2026-10-10T11:30:00Z","West Bromwich Albion","Birmingham City","betinia_se","2026-10-10T10:01:37Z","h2h","Birmingham City","2.9"
"2026-10-10T10:02:05Z","soccer_efl_champ","2026-10-10T11:30:00Z","West Bromwich Albion","Birmingham City","betinia_se","2026-10-10T10:01:37Z","h2h","West Bromwich Albion","2.55"
"2026-10-10T10:02:05Z","soccer_efl_champ","2026-10-10T11:30:00Z","West Bromwich Albion","Birmingham City","betinia_se","2026-10-10T10:01:37Z","h2h","Draw","3.2"
"2026-10-10T10:02:05Z","soccer_efl_champ","2026-10-10T11:30:00Z","West Bromwich Albion","Birmingham City","unibet_fr","2026-10-10T10:01:29Z","h2h","Birmingham City","2.75"
"2026-10-10T10:02:05Z","soccer_efl_champ","2026-10-10T11:30:00Z","West Bromwich Albion","Birmingham City","unibet_fr","2026-10-10T10:01:29Z","h2h","West Bromwich Albion","2.2"
"2026-10-10T10:02:05Z","soccer_efl_champ","2026-10-10T11:30:00Z","West Bromwich Albion","Birmingham City","unibet_fr","2026-10-10T10:01:29Z","h2h","Draw","3.15"
"2026-10-10T10:02:05Z","soccer_efl_champ","2026-10-10T11:30:00Z","West Bromwich Albion","Birmingham City","hajper_se","2026-10-10T10:01:28Z","h2h","Birmingham City","2.9"
"2026-10-10T10:02:05Z","soccer_efl_champ","2026-10-10T11:30:00Z","West Bromwich Albion","Birmingham City","hajper_se","2026-10-10T10:01:28Z","h2h","West Bromwich Albion","2.45"
"2026-10-10T10:02:05Z","soccer_efl_champ","2026-10-10T11:30:00Z","West Bromwich Albion","Birmingham City","hajper_se","2026-10-10T10:01:28Z","h2h","Draw","3.3"
"2026-10-10T10:02:05Z","soccer_efl_champ","2026-10-10T11:30:00Z","West Bromwich Albion","Birmingham City","campobet_se","2026-10-10T10:02:00Z","h2h","Birmingham City","2.9"
"2026-10-10T10:02:05Z","soccer_efl_champ","2026-10-10T11:30:00Z","West Bromwich Albion","Birmingham City","campobet_se","2026-10-10T10:02:00Z","h2h","West Bromwich Albion","2.55"
"2026-10-10T10:02:05Z","soccer_efl_champ","2026-10-10T11:30:00Z","West Bromwich Albion","Birmingham City","campobet_se","2026-10-10T10:02:00Z","h2h","Draw","3.2"
"2026-10-10T10:02:05Z","soccer_efl_champ","2026-10-10T11:30:00Z","West Bromwich Albion","Birmingham City","betclic_fr","2026-10-10T09:58:33Z","h2h","Birmingham City","2.82"
"2026-10-10T10:02:05Z","soccer_efl_champ","2026-10-10T11:30:00Z","West Bromwich Albion","Birmingham City","betclic_fr","2026-10-10T09:58:33Z","h2h","West Bromwich Albion","2.32"
"2026-10-10T10:02:05Z","soccer_efl_champ","2026-10-10T11:30:00Z","West Bromwich Albion","Birmingham City","betclic_fr","2026-10-10T09:58:33Z","h2h","Draw","3.2"
"2026-10-10T10:02:05Z","soccer_efl_champ","2026-10-10T11:30:00Z","West Bromwich Albion","Birmingham City","winamax_de","2026-10-10T10:01:36Z","h2h","Birmingham City","2.75"
"2026-10-10T10:02:05Z","soccer_efl_champ","2026-10-10T11:30:00Z","West Bromwich Albion","Birmingham City","winamax_de","2026-10-10T10:01:36Z","h2h","West Bromwich Albion","2.35"
"2026-10-10T10:02:05Z","soccer_efl_champ","2026-10-10T11:30:00Z","West Bromwich Albion","Birmingham City","winamax_de","2026-10-10T10:01:36Z","h2h","Draw","3.25"
"2026-10-10T10:02:05Z","soccer_efl_champ","2026-10-10T11:30:00Z","West Bromwich Albion","Birmingham City","sport888","2026-10-10T10:02:00Z","h2h","Birmingham City","2.8"
"2026-10-10T10:02:05Z","soccer_efl_champ","2026-10-10T11:30:00Z","West Bromwich Albion","Birmingham City","sport888","2026-10-10T10:02:00Z","h2h","West Bromwich Albion","2.5"
"2026-10-10T10:02:05Z","soccer_efl_champ","2026-10-10T11:30:00Z","West Bromwich Albion","Birmingham City","sport888","2026-10-10T10:02:00Z","h2h","Draw","3.1"
"2026-10-10T10:02:05Z","soccer_efl_champ","2026-10-10T11:30:00Z","West Bromwich Albion","Birmingham City","sport888_se","2026-10-10T10:01:43Z","h2h","Birmingham City","2.8"
"2026-10-10T10:02:05Z","soccer_efl_champ","2026-10-10T11:30:00Z","West Bromwich Albion","Birmingham City","sport888_se","2026-10-10T10:01:43Z","h2h","West Bromwich Albion","2.5"
"2026-10-10T10:02:05Z","soccer_efl_champ","2026-10-10T11:30:00Z","West Bromwich Albion","Birmingham City","sport888_se","2026-10-10T10:01:43Z","h2h","Draw","3.1"
"2026-10-10T10:02:05Z","soccer_efl_champ","2026-10-10T11:30:00Z","West Bromwich Albion","Birmingham City","mrgreen_se","2026-10-10T10:02:01Z","h2h","Birmingham City","2.8"
"2026-10-10T10:02:05Z","soccer_efl_champ","2026-10-10T11:30:00Z","West Bromwich Albion","Birmingham City","mrgreen_se","2026-10-10T10:02:01Z","h2h","West Bromwich Albion","2.5"
"2026-10-10T10:02:05Z","soccer_efl_champ","2026-10-10T11:30:00Z","West Bromwich Albion","Birmingham City","mrgreen_se","2026-10-10T10:02:01Z","h2h","Draw","3.1"
"2026-10-10T10:02:05Z","soccer_efl_champ","2026-10-10T11:30:00Z","West Bromwich Albion","Birmingham City","williamhill","2026-10-10T10:01:11Z","h2h","Birmingham City","2.8"
"2026-10-10T10:02:05Z","soccer_efl_champ","2026-10-10T11:30:00Z","West Bromwich Albion","Birmingham City","williamhill","2026-10-10T10:01:11Z","h2h","West Bromwich Albion","2.5"
"2026-10-10T10:02:05Z","soccer_efl_champ","2026-10-10T11:30:00Z","West Bromwich Albion","Birmingham City","williamhill","2026-10-10T10:01:11Z","h2h","Draw","3.1"
"2026-10-10T10:02:05Z","soccer_efl_champ","2026-10-10T11:30:00Z","West Bromwich Albion","Birmingham City","betfair_ex_eu","2026-10-10T10:02:00Z","h2h","Birmingham City","3.05"
"2026-10-10T10:02:05Z","soccer_efl_champ","2026-10-10T11:30:00Z","West Bromwich Albion","Birmingham City","betfair_ex_eu","2026-10-10T10:02:00Z","h2h","West Bromwich Albion","2.64"
"2026-10-10T10:02:05Z","soccer_efl_champ","2026-10-10T11:30:00Z","West Bromwich Albion","Birmingham City","betfair_ex_eu","2026-10-10T10:02:00Z","h2h","Draw","3.3"
"2026-10-10T10:02:05Z","soccer_efl_champ","2026-10-10T11:30:00Z","West Bromwich Albion","Birmingham City","betfair_ex_eu","2026-10-10T10:02:00Z","h2h_lay","Birmingham City","3.1"
"2026-10-10T10:02:05Z","soccer_efl_champ","2026-10-10T11:30:00Z","West Bromwich Albion","Birmingham City","betfair_ex_eu","2026-10-10T10:02:00Z","h2h_lay","West Bromwich Albion","2.66"
"2026-10-10T10:02:05Z","soccer_efl_champ","2026-10-10T11:30:00Z","West Bromwich Albion","Birmingham City","betfair_ex_eu","2026-10-10T10:02:00Z","h2h_lay","Draw","3.35"
"2026-10-10T10:02:05Z","soccer_efl_champ","2026-10-10T11:30:00Z","West Bromwich Albion","Birmingham City","tipico_de","2026-10-10T10:01:44Z","h2h","Birmingham City","2.95"
"2026-10-10T10:02:05Z","soccer_efl_champ","2026-10-10T11:30:00Z","West Bromwich Albion","Birmingham City","tipico_de","2026-10-10T10:01:44Z","h2h","West Bromwich Albion","2.3"
"2026-10-10T10:02:05Z","soccer_efl_champ","2026-10-10T11:30:00Z","West Bromwich Albion","Birmingham City","tipico_de","2026-10-10T10:01:44Z","h2h","Draw","3.2"
"2026-10-10T10:02:05Z","soccer_efl_champ","2026-10-10T11:30:00Z","West Bromwich Albion","Birmingham City","betsson","2026-10-10T10:01:44Z","h2h","Birmingham City","2.9"
"2026-10-10T10:02:05Z","soccer_efl_champ","2026-10-10T11:30:00Z","West Bromwich Albion","Birmingham City","betsson","2026-10-10T10:01:44Z","h2h","West Bromwich Albion","2.45"
"2026-10-10T10:02:05Z","soccer_efl_champ","2026-10-10T11:30:00Z","West Bromwich Albion","Birmingham City","betsson","2026-10-10T10:01:44Z","h2h","Draw","3.2"
"2026-10-10T10:02:05Z","soccer_efl_champ","2026-10-10T11:30:00Z","West Bromwich Albion","Birmingham City","nordicbet","2026-10-10T10:00:32Z","h2h","Birmingham City","2.92"
"2026-10-10T10:02:05Z","soccer_efl_champ","2026-10-10T11:30:00Z","West Bromwich Albion","Birmingham City","nordicbet","2026-10-10T10:00:32Z","h2h","West Bromwich Albion","2.48"
"2026-10-10T10:02:05Z","soccer_efl_champ","2026-10-10T11:30:00Z","West Bromwich Albion","Birmingham City","nordicbet","2026-10-10T10:00:32Z","h2h","Draw","3.21"
"2026-10-10T10:02:05Z","soccer_efl_champ","2026-10-10T11:30:00Z","West Bromwich Albion","Birmingham City","pinnacle","2026-10-10T10:02:00Z","h2h","Birmingham City","2.99"
"2026-10-10T10:02:05Z","soccer_efl_champ","2026-10-10T11:30:00Z","West Bromwich Albion","Birmingham City","pinnacle","2026-10-10T10:02:00Z","h2h","West Bromwich Albion","2.55"
"2026-10-10T10:02:05Z","soccer_efl_champ","2026-10-10T11:30:00Z","West Bromwich Albion","Birmingham City","pinnacle","2026-10-10T10:02:00Z","h2h","Draw","3.27"
"2026-10-10T10:02:05Z","soccer_efl_champ","2026-10-10T11:30:00Z","West Bromwich Albion","Birmingham City","coolbet","2026-10-10T10:01:28Z","h2h","Birmingham City","2.9"
"2026-10-10T10:02:05Z","soccer_efl_champ","2026-10-10T11:30:00Z","West Bromwich Albion","Birmingham City","coolbet","2026-10-10T10:01:28Z","h2h","West Bromwich Albion","2.45"
"2026-10-10T10:02:05Z","soccer_efl_champ","2026-10-10T11:30:00Z","West Bromwich Albion","Birmingham City","coolbet","2026-10-10T10:01:28Z","h2h","Draw","3.4"
"2026-10-10T10:02:05Z","soccer_efl_champ","2026-10-10T11:30:00Z","West Bromwich Albion","Birmingham City","unibet_nl","2026-10-10T10:01:44Z","h2h","Birmingham City","2.85"
"2026-10-10T10:02:05Z","soccer_efl_champ","2026-10-10T11:30:00Z","West Bromwich Albion","Birmingham City","unibet_nl","2026-10-10T10:01:44Z","h2h","West Bromwich Albion","2.32"
"2026-10-10T10:02:05Z","soccer_efl_champ","2026-10-10T11:30:00Z","West Bromwich Albion","Birmingham City","unibet_nl","2026-10-10T10:01:44Z","h2h","Draw","3.35"
"2026-10-10T10:02:05Z","soccer_efl_champ","2026-10-10T11:30:00Z","West Bromwich Albion","Birmingham City","svenskaspel_se","2026-10-10T10:02:00Z","h2h","Birmingham City","2.95"
"2026-10-10T10:02:05Z","soccer_efl_champ","2026-10-10T11:30:00Z","West Bromwich Albion","Birmingham City","svenskaspel_se","2026-10-10T10:02:00Z","h2h","West Bromwich Albion","2.38"
"2026-10-10T10:02:05Z","soccer_efl_champ","2026-10-10T11:30:00Z","West Bromwich Albion","Birmingham City","svenskaspel_se","2026-10-10T10:02:00Z","h2h","Draw","3.45"
"2026-10-10T10:02:05Z","soccer_efl_champ","2026-10-10T11:30:00Z","West Bromwich Albion","Birmingham City","unibet_se","2026-10-10T10:02:00Z","h2h","Birmingham City","2.85"
"2026-10-10T10:02:05Z","soccer_efl_champ","2026-10-10T11:30:00Z","West Bromwich Albion","Birmingham City","unibet_se","2026-10-10T10:02:00Z","h2h","West Bromwich Albion","2.32"
"2026-10-10T10:02:05Z","soccer_efl_champ","2026-10-10T11:30:00Z","West Bromwich Albion","Birmingham City","unibet_se","2026-10-10T10:02:00Z","h2h","Draw","3.35"
"2026-10-10T10:02:05Z","soccer_efl_champ","2026-10-10T11:30:00Z","West Bromwich Albion","Birmingham City","expekt_se","2026-10-10T10:01:46Z","h2h","Birmingham City","2.85"
"2026-10-10T10:02:05Z","soccer_efl_champ","2026-10-10T11:30:00Z","West Bromwich Albion","Birmingham City","expekt_se","2026-10-10T10:01:46Z","h2h","West Bromwich Albion","2.32"
"2026-10-10T10:02:05Z","soccer_efl_champ","2026-10-10T11:30:00Z","West Bromwich Albion","Birmingham City","expekt_se","2026-10-10T10:01:46Z","h2h","Draw","3.35"
"2026-10-10T10:02:05Z","soccer_efl_champ","2026-10-10T11:30:00Z","West Bromwich Albion","Birmingham City","leovegas_se","2026-10-10T10:01:28Z","h2h","Birmingham City","2.95"
"2026-10-10T10:02:05Z","soccer_efl_champ","2026-10-10T11:30:00Z","West Bromwich Albion","Birmingham City","leovegas_se","2026-10-10T10:01:28Z","h2h","West Bromwich Albion","2.38"
"2026-10-10T10:02:05Z","soccer_efl_champ","2026-10-10T11:30:00Z","West Bromwich Albion","Birmingham City","leovegas_se","2026-10-10T10:01:28Z","h2h","Draw","3.45"
"2026-10-10T10:02:05Z","soccer_efl_champ","2026-10-10T11:30:00Z","West Bromwich Albion","Birmingham City","atg_se","2026-10-10T10:02:00Z","h2h","Birmingham City","2.95"
"2026-10-10T10:02:05Z","soccer_efl_champ","2026-10-10T11:30:00Z","West Bromwich Albion","Birmingham City","atg_se","2026-10-10T10:02:00Z","h2h","West Bromwich Albion","2.38"
"2026-10-10T10:02:05Z","soccer_efl_champ","2026-10-10T11:30:00Z","West Bromwich Albion","Birmingham City","atg_se","2026-10-10T10:02:00Z","h2h","Draw","3.45"
"2026-10-10T10:02:05Z","soccer_efl_champ","2026-10-10T11:30:00Z","West Bromwich Albion","Birmingham City","betmgm_se","2026-10-10T10:01:28Z","h2h","Birmingham City","2.8"
"2026-10-10T10:02:05Z","soccer_efl_champ","2026-10-10T11:30:00Z","West Bromwich Albion","Birmingham City","betmgm_se","2026-10-10T10:01:28Z","h2h","West Bromwich Albion","2.3"
"2026-10-10T10:02:05Z","soccer_efl_champ","2026-10-10T11:30:00Z","West Bromwich Albion","Birmingham City","betmgm_se","2026-10-10T10:01:28Z","h2h","Draw","3.3"
"2026-10-10T10:02:05Z","soccer_efl_champ","2026-10-10T11:30:00Z","West Bromwich Albion","Birmingham City","matchbook","2026-10-10T10:02:00Z","h2h","Birmingham City","3.05"
"2026-10-10T10:02:05Z","soccer_efl_champ","2026-10-10T11:30:00Z","West Bromwich Albion","Birmingham City","matchbook","2026-10-10T10:02:00Z","h2h","West Bromwich Albion","2.64"
"2026-10-10T10:02:05Z","soccer_efl_champ","2026-10-10T11:30:00Z","West Bromwich Albion","Birmingham City","matchbook","2026-10-10T10:02:00Z","h2h","Draw","3.3"
"2026-10-10T10:02:05Z","soccer_efl_champ","2026-10-10T11:30:00Z","West Bromwich Albion","Birmingham City","matchbook","2026-10-10T10:02:00Z","h2h_lay","Birmingham City","3.1"
"2026-10-10T10:02:05Z","soccer_efl_champ","2026-10-10T11:30:00Z","West Bromwich Albion","Birmingham City","matchbook","2026-10-10T10:02:00Z","h2h_lay","West Bromwich Albion","2.66"
"2026-10-10T10:02:05Z","soccer_efl_champ","2026-10-10T11:30:00Z","West Bromwich Albion","Birmingham City","matchbook","2026-10-10T10:02:00Z","h2h_lay","Draw","3.35"
"2026-10-10T10:02:05Z","soccer_efl_champ","2026-10-10T11:30:00Z","West Bromwich Albion","Birmingham City","gtbets","2026-10-10T10:01:44Z","h2h","Birmingham City","2.82"
"2026-10-10T10:02:05Z","soccer_efl_champ","2026-10-10T11:30:00Z","West Bromwich Albion","Birmingham City","gtbets","2026-10-10T10:01:44Z","h2h","West Bromwich Albion","2.43"
"2026-10-10T10:02:05Z","soccer_efl_champ","2026-10-10T11:30:00Z","West Bromwich Albion","Birmingham City","gtbets","2026-10-10T10:01:44Z","h2h","Draw","3.29"
"2026-10-10T10:02:05Z","soccer_efl_champ","2026-10-10T11:30:00Z","West Bromwich Albion","Birmingham City","betonlineag","2026-10-10T10:02:03Z","h2h","Birmingham City","2.87"
"2026-10-10T10:02:05Z","soccer_efl_champ","2026-10-10T11:30:00Z","West Bromwich Albion","Birmingham City","betonlineag","2026-10-10T10:02:03Z","h2h","West Bromwich Albion","2.56"
"2026-10-10T10:02:05Z","soccer_efl_champ","2026-10-10T11:30:00Z","West Bromwich Albion","Birmingham City","betonlineag","2026-10-10T10:02:03Z","h2h","Draw","3.22"
"2026-10-10T10:02:05Z","soccer_efl_champ","2026-10-10T11:30:00Z","Charlton Athletic","Bristol City","winamax_fr","2026-10-10T10:02:01Z","h2h","Bristol City","2.1"
"2026-10-10T10:02:05Z","soccer_efl_champ","2026-10-10T11:30:00Z","Charlton Athletic","Bristol City","winamax_fr","2026-10-10T10:02:01Z","h2h","Charlton Athletic","2.85"
"2026-10-10T10:02:05Z","soccer_efl_champ","2026-10-10T11:30:00Z","Charlton Athletic","Bristol City","winamax_fr","2026-10-10T10:02:01Z","h2h","Draw","3.1"
"2026-10-10T10:02:05Z","soccer_efl_champ","2026-10-10T11:30:00Z","Charlton Athletic","Bristol City","winamax_de","2026-10-10T10:01:36Z","h2h","Bristol City","2.15"
"2026-10-10T10:02:05Z","soccer_efl_champ","2026-10-10T11:30:00Z","Charlton Athletic","Bristol City","winamax_de","2026-10-10T10:01:36Z","h2h","Charlton Athletic","2.95"
"2026-10-10T10:02:05Z","soccer_efl_champ","2026-10-10T11:30:00Z","Charlton Athletic","Bristol City","winamax_de","2026-10-10T10:01:36Z","h2h","Draw","3.25"
"2026-10-10T10:02:05Z","soccer_efl_champ","2026-10-10T11:30:00Z","Charlton Athletic","Bristol City","betclic_fr","2026-10-10T09:58:33Z","h2h","Bristol City","2.15"
"2026-10-10T10:02:05Z","soccer_efl_champ","2026-10-10T11:30:00Z","Charlton Athletic","Bristol City","betclic_fr","2026-10-10T09:58:33Z","h2h","Charlton Athletic","3.08"
"2026-10-10T10:02:05Z","soccer_efl_champ","2026-10-10T11:30:00Z","Charlton Athletic","Bristol City","betclic_fr","2026-10-10T09:58:33Z","h2h","Draw","3.22"
"2026-10-10T10:02:05Z","soccer_efl_champ","2026-10-10T11:30:00Z","Charlton Athletic","Bristol City","codere_it","2026-10-10T10:01:45Z","h2h","Bristol City","2.29"
"2026-10-10T10:02:05Z","soccer_efl_champ","2026-10-10T11:30:00Z","Charlton Athletic","Bristol City","codere_it","2026-10-10T10:01:45Z","h2h","Charlton Athletic","3.2"
"2026-10-10T10:02:05Z","soccer_efl_champ","2026-10-10T11:30:00Z","Charlton Athletic","Bristol City","codere_it","2026-10-10T10:01:45Z","h2h","Draw","3.35"
"2026-10-10T10:02:05Z","soccer_efl_champ","2026-10-10T11:30:00Z","Charlton Athletic","Bristol City","betinia_se","2026-10-10T10:01:37Z","h2h","Bristol City","2.29"
"2026-10-10T10:02:05Z","soccer_efl_champ","2026-10-10T11:30:00Z","Charlton Athletic","Bristol City","betinia_se","2026-10-10T10:01:37Z","h2h","Charlton Athletic","3.2"
"2026-10-10T10:02:05Z","soccer_efl_champ","2026-10-10T11:30:00Z","Charlton Athletic","Bristol City","betinia_se","2026-10-10T10:01:37Z","h2h","Draw","3.33"
"2026-10-10T10:02:05Z","soccer_efl_champ","2026-10-10T11:30:00Z","Charlton Athletic","Bristol City","hajper_se","2026-10-10T10:01:28Z","h2h","Bristol City","2.27"
"2026-10-10T10:02:05Z","soccer_efl_champ","2026-10-10T11:30:00Z","Charlton Athletic","Bristol City","hajper_se","2026-10-10T10:01:28Z","h2h","Charlton Athletic","3.15"
"2026-10-10T10:02:05Z","soccer_efl_champ","2026-10-10T11:30:00Z","Charlton Athletic","Bristol City","hajper_se","2026-10-10T10:01:28Z","h2h","Draw","3.3"
"2026-10-10T10:02:05Z","soccer_efl_champ","2026-10-10T11:30:00Z","Charlton Athletic","Bristol City","onexbet","2026-10-10T10:01:44Z","h2h","Bristol City","2.26"
"2026-10-10T10:02:05Z","soccer_efl_champ","2026-10-10T11:30:00Z","Charlton Athletic","Bristol City","onexbet","2026-10-10T10:01:44Z","h2h","Charlton Athletic","3.13"
"2026-10-10T10:02:05Z","soccer_efl_champ","2026-10-10T11:30:00Z","Charlton Athletic","Bristol City","onexbet","2026-10-10T10:01:44Z","h2h","Draw","3.24"
"2026-10-10T10:02:05Z","soccer_efl_champ","2026-10-10T11:30:00Z","Charlton Athletic","Bristol City","unibet_fr","2026-10-10T10:01:29Z","h2h","Bristol City","2.05"
"2026-10-10T10:02:05Z","soccer_efl_champ","2026-10-10T11:30:00Z","Charlton Athletic","Bristol City","unibet_fr","2026-10-10T10:01:29Z","h2h","Charlton Athletic","3.0"
"2026-10-10T10:02:05Z","soccer_efl_champ","2026-10-10T11:30:00Z","Charlton Athletic","Bristol City","unibet_fr","2026-10-10T10:01:29Z","h2h","Draw","3.15"
"2026-10-10T10:02:05Z","soccer_efl_champ","2026-10-10T11:30:00Z","Charlton Athletic","Bristol City","campobet_se","2026-10-10T10:02:00Z","h2h","Bristol City","2.29"
"2026-10-10T10:02:05Z","soccer_efl_champ","2026-10-10T11:30:00Z","Charlton Athletic","Bristol City","campobet_se","2026-10-10T10:02:00Z","h2h","Charlton Athletic","3.2"
"2026-10-10T10:02:05Z","soccer_efl_champ","2026-10-10T11:30:00Z","Charlton Athletic","Bristol City","campobet_se","2026-10-10T10:02:00Z","h2h","Draw","3.33"
"2026-10-10T10:02:05Z","soccer_efl_champ","2026-10-10T11:30:00Z","Charlton Athletic","Bristol City","sport888","2026-10-10T10:02:00Z","h2h","Bristol City","2.25"
"2026-10-10T10:02:05Z","soccer_efl_champ","2026-10-10T11:30:00Z","Charlton Athletic","Bristol City","sport888","2026-10-10T10:02:00Z","h2h","Charlton Athletic","3.1"
"2026-10-10T10:02:05Z","soccer_efl_champ","2026-10-10T11:30:00Z","Charlton Athletic","Bristol City","sport888","2026-10-10T10:02:00Z","h2h","Draw","3.1"
"2026-10-10T10:02:05Z","soccer_efl_champ","2026-10-10T11:30:00Z","Charlton Athletic","Bristol City","sport888_se","2026-10-10T10:01:43Z","h2h","Bristol City","2.25"
"2026-10-10T10:02:05Z","soccer_efl_champ","2026-10-10T11:30:00Z","Charlton Athletic","Bristol City","sport888_se","2026-10-10T10:01:43Z","h2h","Charlton Athletic","3.1"
"2026-10-10T10:02:05Z","soccer_efl_champ","2026-10-10T11:30:00Z","Charlton Athletic","Bristol City","sport888_se","2026-10-10T10:01:43Z","h2h","Draw","3.1"
"2026-10-10T10:02:05Z","soccer_efl_champ","2026-10-10T11:30:00Z","Charlton Athletic","Bristol City","mrgreen_se","2026-10-10T10:02:01Z","h2h","Bristol City","2.25"
"2026-10-10T10:02:05Z","soccer_efl_champ","2026-10-10T11:30:00Z","Charlton Athletic","Bristol City","mrgreen_se","2026-10-10T10:02:01Z","h2h","Charlton Athletic","3.1"
"2026-10-10T10:02:05Z","soccer_efl_champ","2026-10-10T11:30:00Z","Charlton Athletic","Bristol City","mrgreen_se","2026-10-10T10:02:01Z","h2h","Draw","3.1"
"2026-10-10T10:02:05Z","soccer_efl_champ","2026-10-10T11:30:00Z","Charlton Athletic","Bristol City","williamhill","2026-10-10T10:01:11Z","h2h","Bristol City","2.25"
"2026-10-10T10:02:05Z","soccer_efl_champ","2026-10-10T11:30:00Z","Charlton Athletic","Bristol City","williamhill","2026-10-10T10:01:11Z","h2h","Charlton Athletic","3.1"
"2026-10-10T10:02:05Z","soccer_efl_champ","2026-10-10T11:30:00Z","Charlton Athletic","Bristol City","williamhill","2026-10-10T10:01:11Z","h2h","Draw","3.1"
"2026-10-10T10:02:05Z","soccer_efl_champ","2026-10-10T11:30:00Z","Charlton Athletic","Bristol City","betfair_ex_eu","2026-10-10T10:02:00Z","h2h","Bristol City","2.42"
"2026-10-10T10:02:05Z","soccer_efl_champ","2026-10-10T11:30:00Z","Charlton Athletic","Bristol City","betfair_ex_eu","2026-10-10T10:02:00Z","h2h","Charlton Athletic","3.35"
"2026-10-10T10:02:05Z","soccer_efl_champ","2026-10-10T11:30:00Z","Charlton Athletic","Bristol City","betfair_ex_eu","2026-10-10T10:02:00Z","h2h","Draw","3.4"
"2026-10-10T10:02:05Z","soccer_efl_champ","2026-10-10T11:30:00Z","Charlton Athletic","Bristol City","betfair_ex_eu","2026-10-10T10:02:00Z","h2h_lay","Bristol City","2.46"
"2026-10-10T10:02:05Z","soccer_efl_champ","2026-10-10T11:30:00Z","Charlton Athletic","Bristol City","betfair_ex_eu","2026-10-10T10:02:00Z","h2h_lay","Charlton Athletic","3.4"
"2026-10-10T10:02:05Z","soccer_efl_champ","2026-10-10T11:30:00Z","Charlton Athletic","Bristol City","betfair_ex_eu","2026-10-10T10:02:00Z","h2h_lay","Draw","3.45"
"2026-10-10T10:02:05Z","soccer_efl_champ","2026-10-10T11:30:00Z","Charlton Athletic","Bristol City","tipico_de","2026-10-10T10:01:44Z","h2h","Bristol City","2.2"
"2026-10-10T10:02:05Z","soccer_efl_champ","2026-10-10T11:30:00Z","Charlton Athletic","Bristol City","tipico_de","2026-10-10T10:01:44Z","h2h","Charlton Athletic","3.1"
"2026-10-10T10:02:05Z","soccer_efl_champ","2026-10-10T11:30:00Z","Charlton Athletic","Bristol City","tipico_de","2026-10-10T10:01:44Z","h2h","Draw","3.2"
"2026-10-10T10:02:05Z","soccer_efl_champ","2026-10-10T11:30:00Z","Charlton Athletic","Bristol City","pinnacle","2026-10-10T10:02:00Z","h2h","Bristol City","2.36"
"2026-10-10T10:02:05Z","soccer_efl_champ","2026-10-10T11:30:00Z","Charlton Athletic","Bristol City","pinnacle","2026-10-10T10:02:00Z","h2h","Charlton Athletic","3.22"
"2026-10-10T10:02:05Z","soccer_efl_champ","2026-10-10T11:30:00Z","Charlton Athletic","Bristol City","pinnacle","2026-10-10T10:02:00Z","h2h","Draw","3.35"
"2026-10-10T10:02:05Z","soccer_efl_champ","2026-10-10T11:30:00Z","Charlton Athletic","Bristol City","nordicbet","2026-10-10T10:00:32Z","h2h","Bristol City","2.33"
"2026-10-10T10:02:05Z","soccer_efl_champ","2026-10-10T11:30:00Z","Charlton Athletic","Bristol City","nordicbet","2026-10-10T10:00:32Z","h2h","Charlton Athletic","3.07"
"2026-10-10T10:02:05Z","soccer_efl_champ","2026-10-10T11:30:00Z","Charlton Athletic","Bristol City","nordicbet","2026-10-10T10:00:32Z","h2h","Draw","3.31"
"2026-10-10T10:02:05Z","soccer_efl_champ","2026-10-10T11:30:00Z","Charlton Athletic","Bristol City","betsson","2026-10-10T10:01:44Z","h2h","Bristol City","2.32"
"2026-10-10T10:02:05Z","soccer_efl_champ","2026-10-10T11:30:00Z","Charlton Athletic","Bristol City","betsson","2026-10-10T10:01:44Z","h2h","Charlton Athletic","3.05"
"2026-10-10T10:02:05Z","soccer_efl_champ","2026-10-10T11:30:00Z","Charlton Athletic","Bristol City","betsson","2026-10-10T10:01:44Z","h2h","Draw","3.3"
"2026-10-10T10:02:05Z","soccer_efl_champ","2026-10-10T11:30:00Z","Charlton Athletic","Bristol City","coolbet","2026-10-10T10:01:28Z","h2h","Bristol City","2.3"
"2026-10-10T10:02:05Z","soccer_efl_champ","2026-10-10T11:30:00Z","Charlton Athletic","Bristol City","coolbet","2026-10-10T10:01:28Z","h2h","Charlton Athletic","3.15"
"2026-10-10T10:02:05Z","soccer_efl_champ","2026-10-10T11:30:00Z","Charlton Athletic","Bristol City","coolbet","2026-10-10T10:01:28Z","h2h","Draw","3.4"
"2026-10-10T10:02:05Z","soccer_efl_champ","2026-10-10T11:30:00Z","Charlton Athletic","Bristol City","leovegas_se","2026-10-10T10:01:28Z","h2h","Bristol City","2.3"
"2026-10-10T10:02:05Z","soccer_efl_champ","2026-10-10T11:30:00Z","Charlton Athletic","Bristol City","leovegas_se","2026-10-10T10:01:28Z","h2h","Charlton Athletic","3.3"
"2026-10-10T10:02:05Z","soccer_efl_champ","2026-10-10T11:30:00Z","Charlton Athletic","Bristol City","leovegas_se","2026-10-10T10:01:28Z","h2h","Draw","3.35"
"2026-10-10T10:02:05Z","soccer_efl_champ","2026-10-10T11:30:00Z","Charlton Athletic","Bristol City","unibet_nl","2026-10-10T10:01:44Z","h2h","Bristol City","2.23"
"2026-10-10T10:02:05Z","soccer_efl_champ","2026-10-10T11:30:00Z","Charlton Athletic","Bristol City","unibet_nl","2026-10-10T10:01:44Z","h2h","Charlton Athletic","3.15"
"2026-10-10T10:02:05Z","soccer_efl_champ","2026-10-10T11:30:00Z","Charlton Athletic","Bristol City","unibet_nl","2026-10-10T10:01:44Z","h2h","Draw","3.25"
"2026-10-10T10:02:05Z","soccer_efl_champ","2026-10-10T11:30:00Z","Charlton Athletic","Bristol City","svenskaspel_se","2026-10-10T10:02:00Z","h2h","Bristol City","2.3"
"2026-10-10T10:02:05Z","soccer_efl_champ","2026-10-10T11:30:00Z","Charlton Athletic","Bristol City","svenskaspel_se","2026-10-10T10:02:00Z","h2h","Charlton Athletic","3.3"
"2026-10-10T10:02:05Z","soccer_efl_champ","2026-10-10T11:30:00Z","Charlton Athletic","Bristol City","svenskaspel_se","2026-10-10T10:02:00Z","h2h","Draw","3.35"
"2026-10-10T10:02:05Z","soccer_efl_champ","2026-10-10T11:30:00Z","Charlton Athletic","Bristol City","atg_se","2026-10-10T10:02:00Z","h2h","Bristol City","2.3"
"2026-10-10T10:02:05Z","soccer_efl_champ","2026-10-10T11:30:00Z","Charlton Athletic","Bristol City","atg_se","2026-10-10T10:02:00Z","h2h","Charlton Athletic","3.3"
"2026-10-10T10:02:05Z","soccer_efl_champ","2026-10-10T11:30:00Z","Charlton Athletic","Bristol City","atg_se","2026-10-10T10:02:00Z","h2h","Draw","3.35"
"2026-10-10T10:02:05Z","soccer_efl_champ","2026-10-10T11:30:00Z","Charlton Athletic","Bristol City","unibet_se","2026-10-10T10:02:00Z","h2h","Bristol City","2.23"
"2026-10-10T10:02:05Z","soccer_efl_champ","2026-10-10T11:30:00Z","Charlton Athletic","Bristol City","unibet_se","2026-10-10T10:02:00Z","h2h","Charlton Athletic","3.15"
"2026-10-10T10:02:05Z","soccer_efl_champ","2026-10-10T11:30:00Z","Charlton Athletic","Bristol City","unibet_se","2026-10-10T10:02:00Z","h2h","Draw","3.25"
"2026-10-10T10:02:05Z","soccer_efl_champ","2026-10-10T11:30:00Z","Charlton Athletic","Bristol City","expekt_se","2026-10-10T10:01:46Z","h2h","Bristol City","2.23"
"2026-10-10T10:02:05Z","soccer_efl_champ","2026-10-10T11:30:00Z","Charlton Athletic","Bristol City","expekt_se","2026-10-10T10:01:46Z","h2h","Charlton Athletic","3.15"
"2026-10-10T10:02:05Z","soccer_efl_champ","2026-10-10T11:30:00Z","Charlton Athletic","Bristol City","expekt_se","2026-10-10T10:01:46Z","h2h","Draw","3.25"
"2026-10-10T10:02:05Z","soccer_efl_champ","2026-10-10T11:30:00Z","Charlton Athletic","Bristol City","betmgm_se","2026-10-10T10:01:28Z","h2h","Bristol City","2.2"
"2026-10-10T10:02:05Z","soccer_efl_champ","2026-10-10T11:30:00Z","Charlton Athletic","Bristol City","betmgm_se","2026-10-10T10:01:28Z","h2h","Charlton Athletic","3.1"
"2026-10-10T10:02:05Z","soccer_efl_champ","2026-10-10T11:30:00Z","Charlton Athletic","Bristol City","betmgm_se","2026-10-10T10:01:28Z","h2h","Draw","3.2"
"2026-10-10T10:02:05Z","soccer_efl_champ","2026-10-10T11:30:00Z","Charlton Athletic","Bristol City","matchbook","2026-10-10T10:02:00Z","h2h","Bristol City","2.42"
"2026-10-10T10:02:05Z","soccer_efl_champ","2026-10-10T11:30:00Z","Charlton Athletic","Bristol City","matchbook","2026-10-10T10:02:00Z","h2h","Charlton Athletic","3.35"
"2026-10-10T10:02:05Z","soccer_efl_champ","2026-10-10T11:30:00Z","Charlton Athletic","Bristol City","matchbook","2026-10-10T10:02:00Z","h2h","Draw","3.4"
"2026-10-10T10:02:05Z","soccer_efl_champ","2026-10-10T11:30:00Z","Charlton Athletic","Bristol City","matchbook","2026-10-10T10:02:00Z","h2h_lay","Bristol City","2.46"
"2026-10-10T10:02:05Z","soccer_efl_champ","2026-10-10T11:30:00Z","Charlton Athletic","Bristol City","matchbook","2026-10-10T10:02:00Z","h2h_lay","Charlton Athletic","3.4"
"2026-10-10T10:02:05Z","soccer_efl_champ","2026-10-10T11:30:00Z","Charlton Athletic","Bristol City","matchbook","2026-10-10T10:02:00Z","h2h_lay","Draw","3.45"
"2026-10-10T10:02:05Z","soccer_efl_champ","2026-10-10T11:30:00Z","Charlton Athletic","Bristol City","gtbets","2026-10-10T10:01:44Z","h2h","Bristol City","2.27"
"2026-10-10T10:02:05Z","soccer_efl_champ","2026-10-10T11:30:00Z","Charlton Athletic","Bristol City","gtbets","2026-10-10T10:01:44Z","h2h","Charlton Athletic","3.16"
"2026-10-10T10:02:05Z","soccer_efl_champ","2026-10-10T11:30:00Z","Charlton Athletic","Bristol City","gtbets","2026-10-10T10:01:44Z","h2h","Draw","3.31"
"2026-10-10T10:02:05Z","soccer_efl_champ","2026-10-10T11:30:00Z","Charlton Athletic","Bristol City","betonlineag","2026-10-10T10:02:03Z","h2h","Bristol City","2.28"
"2026-10-10T10:02:05Z","soccer_efl_champ","2026-10-10T11:30:00Z","Charlton Athletic","Bristol City","betonlineag","2026-10-10T10:02:03Z","h2h","Charlton Athletic","3.24"
"2026-10-10T10:02:05Z","soccer_efl_champ","2026-10-10T11:30:00Z","Charlton Athletic","Bristol City","betonlineag","2026-10-10T10:02:03Z","h2h","Draw","3.31"
"2026-10-10T10:02:05Z","soccer_efl_champ","2026-10-10T11:30:00Z","Swansea City","Norwich City","betclic_fr","2026-10-10T09:58:33Z","h2h","Norwich City","2.77"
"2026-10-10T10:02:05Z","soccer_efl_champ","2026-10-10T11:30:00Z","Swansea City","Norwich City","betclic_fr","2026-10-10T09:58:33Z","h2h","Swansea City","2.27"
"2026-10-10T10:02:05Z","soccer_efl_champ","2026-10-10T11:30:00Z","Swansea City","Norwich City","betclic_fr","2026-10-10T09:58:33Z","h2h","Draw","3.37"
"2026-10-10T10:02:05Z","soccer_efl_champ","2026-10-10T11:30:00Z","Swansea City","Norwich City","codere_it","2026-10-10T10:01:44Z","h2h","Norwich City","2.85"
"2026-10-10T10:02:05Z","soccer_efl_champ","2026-10-10T11:30:00Z","Swansea City","Norwich City","codere_it","2026-10-10T10:01:44Z","h2h","Swansea City","2.42"
"2026-10-10T10:02:05Z","soccer_efl_champ","2026-10-10T11:30:00Z","Swansea City","Norwich City","codere_it","2026-10-10T10:01:44Z","h2h","Draw","3.5"
"2026-10-10T10:02:05Z","soccer_efl_champ","2026-10-10T11:30:00Z","Swansea City","Norwich City","betinia_se","2026-10-10T10:01:37Z","h2h","Norwich City","2.9"
"2026-10-10T10:02:05Z","soccer_efl_champ","2026-10-10T11:30:00Z","Swansea City","Norwich City","betinia_se","2026-10-10T10:01:37Z","h2h","Swansea City","2.43"
"2026-10-10T10:02:05Z","soccer_efl_champ","2026-10-10T11:30:00Z","Swansea City","Norwich City","betinia_se","2026-10-10T10:01:37Z","h2h","Draw","3.4"
"2026-10-10T10:02:05Z","soccer_efl_champ","2026-10-10T11:30:00Z","Swansea City","Norwich City","hajper_se","2026-10-10T10:01:28Z","h2h","Norwich City","2.85"
"2026-10-10T10:02:05Z","soccer_efl_champ","2026-10-10T11:30:00Z","Swansea City","Norwich City","hajper_se","2026-10-10T10:01:28Z","h2h","Swansea City","2.4"
"2026-10-10T10:02:05Z","soccer_efl_champ","2026-10-10T11:30:00Z","Swansea City","Norwich City","hajper_se","2026-10-10T10:01:28Z","h2h","Draw","3.45"
"2026-10-10T10:02:05Z","soccer_efl_champ","2026-10-10T11:30:00Z","Swansea City","Norwich City","winamax_de","2026-10-10T10:01:36Z","h2h","Norwich City","2.8"
"2026-10-10T10:02:05Z","soccer_efl_champ","2026-10-10T11:30:00Z","Swansea City","Norwich City","winamax_de","2026-10-10T10:01:36Z","h2h","Swansea City","2.15"
"2026-10-10T10:02:05Z","soccer_efl_champ","2026-10-10T11:30:00Z","Swansea City","Norwich City","winamax_de","2026-10-10T10:01:36Z","h2h","Draw","3.6"
"2026-10-10T10:02:05Z","soccer_efl_champ","2026-10-10T11:30:00Z","Swansea City","Norwich City","unibet_fr","2026-10-10T10:01:29Z","h2h","Norwich City","2.7"
"2026-10-10T10:02:05Z","soccer_efl_champ","2026-10-10T11:30:00Z","Swansea City","Norwich City","unibet_fr","2026-10-10T10:01:29Z","h2h","Swansea City","2.15"
"2026-10-10T10:02:05Z","soccer_efl_champ","2026-10-10T11:30:00Z","Swansea City","Norwich City","unibet_fr","2026-10-10T10:01:29Z","h2h","Draw","3.3"
"2026-10-10T10:02:05Z","soccer_efl_champ","2026-10-10T11:30:00Z","Swansea City","Norwich City","campobet_se","2026-10-10T10:02:00Z","h2h","Norwich City","2.9"
"2026-10-10T10:02:05Z","soccer_efl_champ","2026-10-10T11:30:00Z","Swansea City","Norwich City","campobet_se","2026-10-10T10:02:00Z","h2h","Swansea City","2.43"
"2026-10-10T10:02:05Z","soccer_efl_champ","2026-10-10T11:30:00Z","Swansea City","Norwich City","campobet_se","2026-10-10T10:02:00Z","h2h","Draw","3.4"
"2026-10-10T10:02:05Z","soccer_efl_champ","2026-10-10T11:30:00Z","Swansea City","Norwich City","winamax_fr","2026-10-10T10:02:01Z","h2h","Norwich City","2.75"
"2026-10-10T10:02:05Z","soccer_efl_champ","2026-10-10T11:30:00Z","Swansea City","Norwich City","winamax_fr","2026-10-10T10:02:01Z","h2h","Swansea City","2.1"
"2026-10-10T10:02:05Z","soccer_efl_champ","2026-10-10T11:30:00Z","Swansea City","Norwich City","winamax_fr","2026-10-10T10:02:01Z","h2h","Draw","3.55"
"2026-10-10T10:02:05Z","soccer_efl_champ","2026-10-10T11:30:00Z","Swansea City","Norwich City","onexbet","2026-10-10T10:01:44Z","h2h","Norwich City","2.92"
"2026-10-10T10:02:05Z","soccer_efl_champ","2026-10-10T11:30:00Z","Swansea City","Norwich City","onexbet","2026-10-10T10:01:44Z","h2h","Swansea City","2.3"
"2026-10-10T10:02:05Z","soccer_efl_champ","2026-10-10T11:30:00Z","Swansea City","Norwich City","onexbet","2026-10-10T10:01:44Z","h2h","Draw","3.42"
"2026-10-10T10:02:05Z","soccer_efl_champ","2026-10-10T11:30:00Z","Swansea City","Norwich City","sport888","2026-10-10T10:02:00Z","h2h","Norwich City","2.9"
"2026-10-10T10:02:05Z","soccer_efl_champ","2026-10-10T11:30:00Z","Swansea City","Norwich City","sport888","2026-10-10T10:02:00Z","h2h","Swansea City","2.3"
"2026-10-10T10:02:05Z","soccer_efl_champ","2026-10-10T11:30:00Z","Swansea City","Norwich City","sport888","2026-10-10T10:02:00Z","h2h","Draw","3.25"
"2026-10-10T10:02:05Z","soccer_efl_champ","2026-10-10T11:30:00Z","Swansea City","Norwich City","sport888_se","2026-10-10T10:01:43Z","h2h","Norwich City","2.9"
"2026-10-10T10:02:05Z","soccer_efl_champ","2026-10-10T11:30:00Z","Swansea City","Norwich City","sport888_se","2026-10-10T10:01:43Z","h2h","Swansea City","2.3"
"2026-10-10T10:02:05Z","soccer_efl_champ","2026-10-10T11:30:00Z","Swansea City","Norwich City","sport888_se","2026-10-10T10:01:43Z","h2h","Draw","3.25"
"2026-10-10T10:02:05Z","soccer_efl_champ","2026-10-10T11:30:00Z","Swansea City","Norwich City","mrgreen_se","2026-10-10T10:02:01Z","h2h","Norwich City","2.9"
"2026-10-10T10:02:05Z","soccer_efl_champ","2026-10-10T11:30:00Z","Swansea City","Norwich City","mrgreen_se","2026-10-10T10:02:01Z","h2h","Swansea City","2.3"
"2026-10-10T10:02:05Z","soccer_efl_champ","2026-10-10T11:30:00Z","Swansea City","Norwich City","mrgreen_se","2026-10-10T10:02:01Z","h2h","Draw","3.25"
"2026-10-10T10:02:05Z","soccer_efl_champ","2026-10-10T11:30:00Z","Swansea City","Norwich City","williamhill","2026-10-10T10:01:11Z","h2h","Norwich City","2.9"
"2026-10-10T10:02:05Z","soccer_efl_champ","2026-10-10T11:30:00Z","Swansea City","Norwich City","williamhill","2026-10-10T10:01:11Z","h2h","Swansea City","2.3"
"2026-10-10T10:02:05Z","soccer_efl_champ","2026-10-10T11:30:00Z","Swansea City","Norwich City","williamhill","2026-10-10T10:01:11Z","h2h","Draw","3.25"
"2026-10-10T10:02:05Z","soccer_efl_champ","2026-10-10T11:30:00Z","Swansea City","Norwich City","betfair_ex_eu","2026-10-10T10:02:00Z","h2h","Norwich City","3.15"
"2026-10-10T10:02:05Z","soccer_efl_champ","2026-10-10T11:30:00Z","Swansea City","Norwich City","betfair_ex_eu","2026-10-10T10:02:00Z","h2h","Swansea City","2.42"
"2026-10-10T10:02:05Z","soccer_efl_champ","2026-10-10T11:30:00Z","Swansea City","Norwich City","betfair_ex_eu","2026-10-10T10:02:00Z","h2h","Draw","3.6"
"2026-10-10T10:02:05Z","soccer_efl_champ","2026-10-10T11:30:00Z","Swansea City","Norwich City","betfair_ex_eu","2026-10-10T10:02:00Z","h2h_lay","Norwich City","3.2"
"2026-10-10T10:02:05Z","soccer_efl_champ","2026-10-10T11:30:00Z","Swansea City","Norwich City","betfair_ex_eu","2026-10-10T10:02:00Z","h2h_lay","Swansea City","2.44"
"2026-10-10T10:02:05Z","soccer_efl_champ","2026-10-10T11:30:00Z","Swansea City","Norwich City","betfair_ex_eu","2026-10-10T10:02:00Z","h2h_lay","Draw","3.65"
"2026-10-10T10:02:05Z","soccer_efl_champ","2026-10-10T11:30:00Z","Swansea City","Norwich City","tipico_de","2026-10-10T10:01:44Z","h2h","Norwich City","2.95"
"2026-10-10T10:02:05Z","soccer_efl_champ","2026-10-10T11:30:00Z","Swansea City","Norwich City","tipico_de","2026-10-10T10:01:44Z","h2h","Swansea City","2.2"
"2026-10-10T10:02:05Z","soccer_efl_champ","2026-10-10T11:30:00Z","Swansea City","Norwich City","tipico_de","2026-10-10T10:01:44Z","h2h","Draw","3.4"
"2026-10-10T10:02:05Z","soccer_efl_champ","2026-10-10T11:30:00Z","Swansea City","Norwich City","betsson","2026-10-10T10:01:44Z","h2h","Norwich City","2.95"
"2026-10-10T10:02:05Z","soccer_efl_champ","2026-10-10T11:30:00Z","Swansea City","Norwich City","betsson","2026-10-10T10:01:44Z","h2h","Swansea City","2.3"
"2026-10-10T10:02:05Z","soccer_efl_champ","2026-10-10T11:30:00Z","Swansea City","Norwich City","betsson","2026-10-10T10:01:44Z","h2h","Draw","3.45"
"2026-10-10T10:02:05Z","soccer_efl_champ","2026-10-10T11:30:00Z","Swansea City","Norwich City","nordicbet","2026-10-10T10:00:32Z","h2h","Norwich City","2.95"
"2026-10-10T10:02:05Z","soccer_efl_champ","2026-10-10T11:30:00Z","Swansea City","Norwich City","nordicbet","2026-10-10T10:00:32Z","h2h","Swansea City","2.32"
"2026-10-10T10:02:05Z","soccer_efl_champ","2026-10-10T11:30:00Z","Swansea City","Norwich City","nordicbet","2026-10-10T10:00:32Z","h2h","Draw","3.48"
"2026-10-10T10:02:05Z","soccer_efl_champ","2026-10-10T11:30:00Z","Swansea City","Norwich City","pinnacle","2026-10-10T10:02:00Z","h2h","Norwich City","3.01"
"2026-10-10T10:02:05Z","soccer_efl_champ","2026-10-10T11:30:00Z","Swansea City","Norwich City","pinnacle","2026-10-10T10:02:00Z","h2h","Swansea City","2.41"
"2026-10-10T10:02:05Z","soccer_efl_champ","2026-10-10T11:30:00Z","Swansea City","Norwich City","pinnacle","2026-10-10T10:02:00Z","h2h","Draw","3.51"
"2026-10-10T10:02:05Z","soccer_efl_champ","2026-10-10T11:30:00Z","Swansea City","Norwich City","coolbet","2026-10-10T10:01:28Z","h2h","Norwich City","2.9"
"2026-10-10T10:02:05Z","soccer_efl_champ","2026-10-10T11:30:00Z","Swansea City","Norwich City","coolbet","2026-10-10T10:01:28Z","h2h","Swansea City","2.35"
"2026-10-10T10:02:05Z","soccer_efl_champ","2026-10-10T11:30:00Z","Swansea City","Norwich City","coolbet","2026-10-10T10:01:28Z","h2h","Draw","3.6"
"2026-10-10T10:02:05Z","soccer_efl_champ","2026-10-10T11:30:00Z","Swansea City","Norwich City","leovegas_se","2026-10-10T10:01:28Z","h2h","Norwich City","2.9"
"2026-10-10T10:02:05Z","soccer_efl_champ","2026-10-10T11:30:00Z","Swansea City","Norwich City","leovegas_se","2026-10-10T10:01:28Z","h2h","Swansea City","2.4"
"2026-10-10T10:02:05Z","soccer_efl_champ","2026-10-10T11:30:00Z","Swansea City","Norwich City","leovegas_se","2026-10-10T10:01:28Z","h2h","Draw","3.6"
"2026-10-10T10:02:05Z","soccer_efl_champ","2026-10-10T11:30:00Z","Swansea City","Norwich City","unibet_nl","2026-10-10T10:01:44Z","h2h","Norwich City","2.85"
"2026-10-10T10:02:05Z","soccer_efl_champ","2026-10-10T11:30:00Z","Swansea City","Norwich City","unibet_nl","2026-10-10T10:01:44Z","h2h","Swansea City","2.33"
"2026-10-10T10:02:05Z","soccer_efl_champ","2026-10-10T11:30:00Z","Swansea City","Norwich City","unibet_nl","2026-10-10T10:01:44Z","h2h","Draw","3.45"
"2026-10-10T10:02:05Z","soccer_efl_champ","2026-10-10T11:30:00Z","Swansea City","Norwich City","svenskaspel_se","2026-10-10T10:02:00Z","h2h","Norwich City","2.9"
"2026-10-10T10:02:05Z","soccer_efl_champ","2026-10-10T11:30:00Z","Swansea City","Norwich City","svenskaspel_se","2026-10-10T10:02:00Z","h2h","Swansea City","2.4"
"2026-10-10T10:02:05Z","soccer_efl_champ","2026-10-10T11:30:00Z","Swansea City","Norwich City","svenskaspel_se","2026-10-10T10:02:00Z","h2h","Draw","3.6"
"2026-10-10T10:02:05Z","soccer_efl_champ","2026-10-10T11:30:00Z","Swansea City","Norwich City","atg_se","2026-10-10T10:02:00Z","h2h","Norwich City","2.9"
"2026-10-10T10:02:05Z","soccer_efl_champ","2026-10-10T11:30:00Z","Swansea City","Norwich City","atg_se","2026-10-10T10:02:00Z","h2h","Swansea City","2.4"
"2026-10-10T10:02:05Z","soccer_efl_champ","2026-10-10T11:30:00Z","Swansea City","Norwich City","atg_se","2026-10-10T10:02:00Z","h2h","Draw","3.6"
"2026-10-10T10:02:05Z","soccer_efl_champ","2026-10-10T11:30:00Z","Swansea City","Norwich City","unibet_se","2026-10-10T10:02:00Z","h2h","Norwich City","2.85"
"2026-10-10T10:02:05Z","soccer_efl_champ","2026-10-10T11:30:00Z","Swansea City","Norwich City","unibet_se","2026-10-10T10:02:00Z","h2h","Swansea City","2.33"
"2026-10-10T10:02:05Z","soccer_efl_champ","2026-10-10T11:30:00Z","Swansea City","Norwich City","unibet_se","2026-10-10T10:02:00Z","h2h","Draw","3.45"
"2026-10-10T10:02:05Z","soccer_efl_champ","2026-10-10T11:30:00Z","Swansea City","Norwich City","expekt_se","2026-10-10T10:01:46Z","h2h","Norwich City","2.85"
"2026-10-10T10:02:05Z","soccer_efl_champ","2026-10-10T11:30:00Z","Swansea City","Norwich City","expekt_se","2026-10-10T10:01:46Z","h2h","Swansea City","2.33"
"2026-10-10T10:02:05Z","soccer_efl_champ","2026-10-10T11:30:00Z","Swansea City","Norwich City","expekt_se","2026-10-10T10:01:46Z","h2h","Draw","3.45"
"2026-10-10T10:02:05Z","soccer_efl_champ","2026-10-10T11:30:00Z","Swansea City","Norwich City","betmgm_se","2026-10-10T10:01:28Z","h2h","Norwich City","2.8"
"2026-10-10T10:02:05Z","soccer_efl_champ","2026-10-10T11:30:00Z","Swansea City","Norwich City","betmgm_se","2026-10-10T10:01:28Z","h2h","Swansea City","2.3"
"2026-10-10T10:02:05Z","soccer_efl_champ","2026-10-10T11:30:00Z","Swansea City","Norwich City","betmgm_se","2026-10-10T10:01:28Z","h2h","Draw","3.4"
"2026-10-10T10:02:05Z","soccer_efl_champ","2026-10-10T11:30:00Z","Swansea City","Norwich City","matchbook","2026-10-10T10:02:00Z","h2h","Norwich City","3.15"
"2026-10-10T10:02:05Z","soccer_efl_champ","2026-10-10T11:30:00Z","Swansea City","Norwich City","matchbook","2026-10-10T10:02:00Z","h2h","Swansea City","2.44"
"2026-10-10T10:02:05Z","soccer_efl_champ","2026-10-10T11:30:00Z","Swansea City","Norwich City","matchbook","2026-10-10T10:02:00Z","h2h","Draw","3.6"
"2026-10-10T10:02:05Z","soccer_efl_champ","2026-10-10T11:30:00Z","Swansea City","Norwich City","matchbook","2026-10-10T10:02:00Z","h2h_lay","Norwich City","3.2"
"2026-10-10T10:02:05Z","soccer_efl_champ","2026-10-10T11:30:00Z","Swansea City","Norwich City","matchbook","2026-10-10T10:02:00Z","h2h_lay","Swansea City","2.46"
"2026-10-10T10:02:05Z","soccer_efl_champ","2026-10-10T11:30:00Z","Swansea City","Norwich City","matchbook","2026-10-10T10:02:00Z","h2h_lay","Draw","3.65"
"2026-10-10T10:02:05Z","soccer_efl_champ","2026-10-10T11:30:00Z","Swansea City","Norwich City","gtbets","2026-10-10T10:01:44Z","h2h","Norwich City","3.0"
"2026-10-10T10:02:05Z","soccer_efl_champ","2026-10-10T11:30:00Z","Swansea City","Norwich City","gtbets","2026-10-10T10:01:44Z","h2h","Swansea City","2.35"
"2026-10-10T10:02:05Z","soccer_efl_champ","2026-10-10T11:30:00Z","Swansea City","Norwich City","gtbets","2026-10-10T10:01:44Z","h2h","Draw","3.46"
"2026-10-10T10:02:05Z","soccer_efl_champ","2026-10-10T11:30:00Z","Swansea City","Norwich City","betonlineag","2026-10-10T10:02:03Z","h2h","Norwich City","2.96"
"2026-10-10T10:02:05Z","soccer_efl_champ","2026-10-10T11:30:00Z","Swansea City","Norwich City","betonlineag","2026-10-10T10:02:03Z","h2h","Swansea City","2.36"
"2026-10-10T10:02:05Z","soccer_efl_champ","2026-10-10T11:30:00Z","Swansea City","Norwich City","betonlineag","2026-10-10T10:02:03Z","h2h","Draw","3.47"
"2026-10-10T10:02:05Z","soccer_spain_la_liga","2026-10-10T12:00:00Z","Rayo Vallecano","Athletic Bilbao","pinnacle","2026-10-10T10:02:04Z","h2h","Athletic Bilbao","2.67"
"2026-10-10T10:02:05Z","soccer_spain_la_liga","2026-10-10T12:00:00Z","Rayo Vallecano","Athletic Bilbao","pinnacle","2026-10-10T10:02:04Z","h2h","Rayo Vallecano","2.88"
"2026-10-10T10:02:05Z","soccer_spain_la_liga","2026-10-10T12:00:00Z","Rayo Vallecano","Athletic Bilbao","pinnacle","2026-10-10T10:02:04Z","h2h","Draw","3.28"
"2026-10-10T10:02:05Z","soccer_spain_la_liga","2026-10-10T12:00:00Z","Rayo Vallecano","Athletic Bilbao","winamax_de","2026-10-10T10:01:32Z","h2h","Athletic Bilbao","2.55"
"2026-10-10T10:02:05Z","soccer_spain_la_liga","2026-10-10T12:00:00Z","Rayo Vallecano","Athletic Bilbao","winamax_de","2026-10-10T10:01:32Z","h2h","Rayo Vallecano","2.65"
"2026-10-10T10:02:05Z","soccer_spain_la_liga","2026-10-10T12:00:00Z","Rayo Vallecano","Athletic Bilbao","winamax_de","2026-10-10T10:01:32Z","h2h","Draw","3.3"
"2026-10-10T10:02:05Z","soccer_spain_la_liga","2026-10-10T12:00:00Z","Rayo Vallecano","Athletic Bilbao","unibet_fr","2026-10-10T10:00:57Z","h2h","Athletic Bilbao","2.45"
"2026-10-10T10:02:05Z","soccer_spain_la_liga","2026-10-10T12:00:00Z","Rayo Vallecano","Athletic Bilbao","unibet_fr","2026-10-10T10:00:57Z","h2h","Rayo Vallecano","2.65"
"2026-10-10T10:02:05Z","soccer_spain_la_liga","2026-10-10T12:00:00Z","Rayo Vallecano","Athletic Bilbao","unibet_fr","2026-10-10T10:00:57Z","h2h","Draw","3.2"
"2026-10-10T10:02:05Z","soccer_spain_la_liga","2026-10-10T12:00:00Z","Rayo Vallecano","Athletic Bilbao","betclic_fr","2026-10-10T10:01:07Z","h2h","Athletic Bilbao","2.53"
"2026-10-10T10:02:05Z","soccer_spain_la_liga","2026-10-10T12:00:00Z","Rayo Vallecano","Athletic Bilbao","betclic_fr","2026-10-10T10:01:07Z","h2h","Rayo Vallecano","2.73"
"2026-10-10T10:02:05Z","soccer_spain_la_liga","2026-10-10T12:00:00Z","Rayo Vallecano","Athletic Bilbao","betclic_fr","2026-10-10T10:01:07Z","h2h","Draw","3.23"
"2026-10-10T10:02:05Z","soccer_spain_la_liga","2026-10-10T12:00:00Z","Rayo Vallecano","Athletic Bilbao","hajper_se","2026-10-10T10:01:45Z","h2h","Athletic Bilbao","2.65"
"2026-10-10T10:02:05Z","soccer_spain_la_liga","2026-10-10T12:00:00Z","Rayo Vallecano","Athletic Bilbao","hajper_se","2026-10-10T10:01:45Z","h2h","Rayo Vallecano","2.75"
"2026-10-10T10:02:05Z","soccer_spain_la_liga","2026-10-10T12:00:00Z","Rayo Vallecano","Athletic Bilbao","hajper_se","2026-10-10T10:01:45Z","h2h","Draw","3.3"
"2026-10-10T10:02:05Z","soccer_spain_la_liga","2026-10-10T12:00:00Z","Rayo Vallecano","Athletic Bilbao","winamax_fr","2026-10-10T10:01:14Z","h2h","Athletic Bilbao","2.5"
"2026-10-10T10:02:05Z","soccer_spain_la_liga","2026-10-10T12:00:00Z","Rayo Vallecano","Athletic Bilbao","winamax_fr","2026-10-10T10:01:14Z","h2h","Rayo Vallecano","2.6"
"2026-10-10T10:02:05Z","soccer_spain_la_liga","2026-10-10T12:00:00Z","Rayo Vallecano","Athletic Bilbao","winamax_fr","2026-10-10T10:01:14Z","h2h","Draw","3.25"
"2026-10-10T10:02:05Z","soccer_spain_la_liga","2026-10-10T12:00:00Z","Rayo Vallecano","Athletic Bilbao","codere_it","2026-10-10T10:01:30Z","h2h","Athletic Bilbao","2.6"
"2026-10-10T10:02:05Z","soccer_spain_la_liga","2026-10-10T12:00:00Z","Rayo Vallecano","Athletic Bilbao","codere_it","2026-10-10T10:01:30Z","h2h","Rayo Vallecano","2.75"
"2026-10-10T10:02:05Z","soccer_spain_la_liga","2026-10-10T12:00:00Z","Rayo Vallecano","Athletic Bilbao","codere_it","2026-10-10T10:01:30Z","h2h","Draw","3.25"
"2026-10-10T10:02:05Z","soccer_spain_la_liga","2026-10-10T12:00:00Z","Rayo Vallecano","Athletic Bilbao","svenskaspel_se","2026-10-10T10:01:15Z","h2h","Athletic Bilbao","2.63"
"2026-10-10T10:02:05Z","soccer_spain_la_liga","2026-10-10T12:00:00Z","Rayo Vallecano","Athletic Bilbao","svenskaspel_se","2026-10-10T10:01:15Z","h2h","Rayo Vallecano","2.8"
"2026-10-10T10:02:05Z","soccer_spain_la_liga","2026-10-10T12:00:00Z","Rayo Vallecano","Athletic Bilbao","svenskaspel_se","2026-10-10T10:01:15Z","h2h","Draw","3.35"
"2026-10-10T10:02:05Z","soccer_spain_la_liga","2026-10-10T12:00:00Z","Rayo Vallecano","Athletic Bilbao","expekt_se","2026-10-10T10:01:46Z","h2h","Athletic Bilbao","2.55"
"2026-10-10T10:02:05Z","soccer_spain_la_liga","2026-10-10T12:00:00Z","Rayo Vallecano","Athletic Bilbao","expekt_se","2026-10-10T10:01:46Z","h2h","Rayo Vallecano","2.75"
"2026-10-10T10:02:05Z","soccer_spain_la_liga","2026-10-10T12:00:00Z","Rayo Vallecano","Athletic Bilbao","expekt_se","2026-10-10T10:01:46Z","h2h","Draw","3.3"
"2026-10-10T10:02:05Z","soccer_spain_la_liga","2026-10-10T12:00:00Z","Rayo Vallecano","Athletic Bilbao","leovegas_se","2026-10-10T10:02:02Z","h2h","Athletic Bilbao","2.5"
"2026-10-10T10:02:05Z","soccer_spain_la_liga","2026-10-10T12:00:00Z","Rayo Vallecano","Athletic Bilbao","leovegas_se","2026-10-10T10:02:02Z","h2h","Rayo Vallecano","2.7"
"2026-10-10T10:02:05Z","soccer_spain_la_liga","2026-10-10T12:00:00Z","Rayo Vallecano","Athletic Bilbao","leovegas_se","2026-10-10T10:02:02Z","h2h","Draw","3.15"
"2026-10-10T10:02:05Z","soccer_spain_la_liga","2026-10-10T12:00:00Z","Rayo Vallecano","Athletic Bilbao","atg_se","2026-10-10T10:02:03Z","h2h","Athletic Bilbao","2.65"
"2026-10-10T10:02:05Z","soccer_spain_la_liga","2026-10-10T12:00:00Z","Rayo Vallecano","Athletic Bilbao","atg_se","2026-10-10T10:02:03Z","h2h","Rayo Vallecano","2.8"
"2026-10-10T10:02:05Z","soccer_spain_la_liga","2026-10-10T12:00:00Z","Rayo Vallecano","Athletic Bilbao","atg_se","2026-10-10T10:02:03Z","h2h","Draw","3.35"
"2026-10-10T10:02:05Z","soccer_spain_la_liga","2026-10-10T12:00:00Z","Rayo Vallecano","Athletic Bilbao","unibet_nl","2026-10-10T10:01:15Z","h2h","Athletic Bilbao","2.63"
"2026-10-10T10:02:05Z","soccer_spain_la_liga","2026-10-10T12:00:00Z","Rayo Vallecano","Athletic Bilbao","unibet_nl","2026-10-10T10:01:15Z","h2h","Rayo Vallecano","2.85"
"2026-10-10T10:02:05Z","soccer_spain_la_liga","2026-10-10T12:00:00Z","Rayo Vallecano","Athletic Bilbao","unibet_nl","2026-10-10T10:01:15Z","h2h","Draw","3.4"
"2026-10-10T10:02:05Z","soccer_spain_la_liga","2026-10-10T12:00:00Z","Rayo Vallecano","Athletic Bilbao","betmgm_se","2026-10-10T10:02:02Z","h2h","Athletic Bilbao","2.5"
"2026-10-10T10:02:05Z","soccer_spain_la_liga","2026-10-10T12:00:00Z","Rayo Vallecano","Athletic Bilbao","betmgm_se","2026-10-10T10:02:02Z","h2h","Rayo Vallecano","2.7"
"2026-10-10T10:02:05Z","soccer_spain_la_liga","2026-10-10T12:00:00Z","Rayo Vallecano","Athletic Bilbao","betmgm_se","2026-10-10T10:02:02Z","h2h","Draw","3.15"
"2026-10-10T10:02:05Z","soccer_spain_la_liga","2026-10-10T12:00:00Z","Rayo Vallecano","Athletic Bilbao","unibet_se","2026-10-10T10:01:45Z","h2h","Athletic Bilbao","2.63"
"2026-10-10T10:02:05Z","soccer_spain_la_liga","2026-10-10T12:00:00Z","Rayo Vallecano","Athletic Bilbao","unibet_se","2026-10-10T10:01:45Z","h2h","Rayo Vallecano","2.8"
"2026-10-10T10:02:05Z","soccer_spain_la_liga","2026-10-10T12:00:00Z","Rayo Vallecano","Athletic Bilbao","unibet_se","2026-10-10T10:01:45Z","h2h","Draw","3.35"
"2026-10-10T10:02:05Z","soccer_spain_la_liga","2026-10-10T12:00:00Z","Rayo Vallecano","Athletic Bilbao","onexbet","2026-10-10T10:01:45Z","h2h","Athletic Bilbao","2.67"
"2026-10-10T10:02:05Z","soccer_spain_la_liga","2026-10-10T12:00:00Z","Rayo Vallecano","Athletic Bilbao","onexbet","2026-10-10T10:01:45Z","h2h","Rayo Vallecano","2.88"
"2026-10-10T10:02:05Z","soccer_spain_la_liga","2026-10-10T12:00:00Z","Rayo Vallecano","Athletic Bilbao","onexbet","2026-10-10T10:01:45Z","h2h","Draw","3.41"
"2026-10-10T10:02:05Z","soccer_spain_la_liga","2026-10-10T12:00:00Z","Rayo Vallecano","Athletic Bilbao","mrgreen_se","2026-10-10T10:02:02Z","h2h","Athletic Bilbao","2.5"
"2026-10-10T10:02:05Z","soccer_spain_la_liga","2026-10-10T12:00:00Z","Rayo Vallecano","Athletic Bilbao","mrgreen_se","2026-10-10T10:02:02Z","h2h","Rayo Vallecano","2.7"
"2026-10-10T10:02:05Z","soccer_spain_la_liga","2026-10-10T12:00:00Z","Rayo Vallecano","Athletic Bilbao","mrgreen_se","2026-10-10T10:02:02Z","h2h","Draw","3.1"
"2026-10-10T10:02:05Z","soccer_spain_la_liga","2026-10-10T12:00:00Z","Rayo Vallecano","Athletic Bilbao","williamhill","2026-10-10T10:01:16Z","h2h","Athletic Bilbao","2.5"
"2026-10-10T10:02:05Z","soccer_spain_la_liga","2026-10-10T12:00:00Z","Rayo Vallecano","Athletic Bilbao","williamhill","2026-10-10T10:01:16Z","h2h","Rayo Vallecano","2.7"
"2026-10-10T10:02:05Z","soccer_spain_la_liga","2026-10-10T12:00:00Z","Rayo Vallecano","Athletic Bilbao","williamhill","2026-10-10T10:01:16Z","h2h","Draw","3.1"
"2026-10-10T10:02:05Z","soccer_spain_la_liga","2026-10-10T12:00:00Z","Rayo Vallecano","Athletic Bilbao","nordicbet","2026-10-10T10:01:31Z","h2h","Athletic Bilbao","2.55"
"2026-10-10T10:02:05Z","soccer_spain_la_liga","2026-10-10T12:00:00Z","Rayo Vallecano","Athletic Bilbao","nordicbet","2026-10-10T10:01:31Z","h2h","Rayo Vallecano","2.75"
"2026-10-10T10:02:05Z","soccer_spain_la_liga","2026-10-10T12:00:00Z","Rayo Vallecano","Athletic Bilbao","nordicbet","2026-10-10T10:01:31Z","h2h","Draw","3.25"
"2026-10-10T10:02:05Z","soccer_spain_la_liga","2026-10-10T12:00:00Z","Rayo Vallecano","Athletic Bilbao","betsson","2026-10-10T10:01:12Z","h2h","Athletic Bilbao","2.58"
"2026-10-10T10:02:05Z","soccer_spain_la_liga","2026-10-10T12:00:00Z","Rayo Vallecano","Athletic Bilbao","betsson","2026-10-10T10:01:12Z","h2h","Rayo Vallecano","2.78"
"2026-10-10T10:02:05Z","soccer_spain_la_liga","2026-10-10T12:00:00Z","Rayo Vallecano","Athletic Bilbao","betsson","2026-10-10T10:01:12Z","h2h","Draw","3.25"
"2026-10-10T10:02:05Z","soccer_spain_la_liga","2026-10-10T12:00:00Z","Rayo Vallecano","Athletic Bilbao","betinia_se","2026-10-10T10:01:15Z","h2h","Athletic Bilbao","2.62"
"2026-10-10T10:02:05Z","soccer_spain_la_liga","2026-10-10T12:00:00Z","Rayo Vallecano","Athletic Bilbao","betinia_se","2026-10-10T10:01:15Z","h2h","Rayo Vallecano","2.8"
"2026-10-10T10:02:05Z","soccer_spain_la_liga","2026-10-10T12:00:00Z","Rayo Vallecano","Athletic Bilbao","betinia_se","2026-10-10T10:01:15Z","h2h","Draw","3.2"
"2026-10-10T10:02:05Z","soccer_spain_la_liga","2026-10-10T12:00:00Z","Rayo Vallecano","Athletic Bilbao","campobet_se","2026-10-10T10:01:30Z","h2h","Athletic Bilbao","2.62"
"2026-10-10T10:02:05Z","soccer_spain_la_liga","2026-10-10T12:00:00Z","Rayo Vallecano","Athletic Bilbao","campobet_se","2026-10-10T10:01:30Z","h2h","Rayo Vallecano","2.8"
"2026-10-10T10:02:05Z","soccer_spain_la_liga","2026-10-10T12:00:00Z","Rayo Vallecano","Athletic Bilbao","campobet_se","2026-10-10T10:01:30Z","h2h","Draw","3.2"
"2026-10-10T10:02:05Z","soccer_spain_la_liga","2026-10-10T12:00:00Z","Rayo Vallecano","Athletic Bilbao","tipico_de","2026-10-10T10:01:48Z","h2h","Athletic Bilbao","2.55"
"2026-10-10T10:02:05Z","soccer_spain_la_liga","2026-10-10T12:00:00Z","Rayo Vallecano","Athletic Bilbao","tipico_de","2026-10-10T10:01:48Z","h2h","Rayo Vallecano","2.8"
"2026-10-10T10:02:05Z","soccer_spain_la_liga","2026-10-10T12:00:00Z","Rayo Vallecano","Athletic Bilbao","tipico_de","2026-10-10T10:01:48Z","h2h","Draw","3.2"
"2026-10-10T10:02:05Z","soccer_spain_la_liga","2026-10-10T12:00:00Z","Rayo Vallecano","Athletic Bilbao","coolbet","2026-10-10T10:01:13Z","h2h","Athletic Bilbao","2.65"
"2026-10-10T10:02:05Z","soccer_spain_la_liga","2026-10-10T12:00:00Z","Rayo Vallecano","Athletic Bilbao","coolbet","2026-10-10T10:01:13Z","h2h","Rayo Vallecano","2.86"
"2026-10-10T10:02:05Z","soccer_spain_la_liga","2026-10-10T12:00:00Z","Rayo Vallecano","Athletic Bilbao","coolbet","2026-10-10T10:01:13Z","h2h","Draw","3.3"
"2026-10-10T10:02:05Z","soccer_spain_la_liga","2026-10-10T12:00:00Z","Rayo Vallecano","Athletic Bilbao","everygame","2026-10-10T09:51:33Z","h2h","Athletic Bilbao","2.6"
"2026-10-10T10:02:05Z","soccer_spain_la_liga","2026-10-10T12:00:00Z","Rayo Vallecano","Athletic Bilbao","everygame","2026-10-10T09:51:33Z","h2h","Rayo Vallecano","2.8"
"2026-10-10T10:02:05Z","soccer_spain_la_liga","2026-10-10T12:00:00Z","Rayo Vallecano","Athletic Bilbao","everygame","2026-10-10T09:51:33Z","h2h","Draw","3.2"
"2026-10-10T10:02:05Z","soccer_spain_la_liga","2026-10-10T12:00:00Z","Rayo Vallecano","Athletic Bilbao","betfair_ex_eu","2026-10-10T10:01:46Z","h2h","Athletic Bilbao","2.76"
"2026-10-10T10:02:05Z","soccer_spain_la_liga","2026-10-10T12:00:00Z","Rayo Vallecano","Athletic Bilbao","betfair_ex_eu","2026-10-10T10:01:46Z","h2h","Rayo Vallecano","2.9"
"2026-10-10T10:02:05Z","soccer_spain_la_liga","2026-10-10T12:00:00Z","Rayo Vallecano","Athletic Bilbao","betfair_ex_eu","2026-10-10T10:01:46Z","h2h","Draw","3.4"
"2026-10-10T10:02:05Z","soccer_spain_la_liga","2026-10-10T12:00:00Z","Rayo Vallecano","Athletic Bilbao","betfair_ex_eu","2026-10-10T10:01:46Z","h2h_lay","Athletic Bilbao","2.78"
"2026-10-10T10:02:05Z","soccer_spain_la_liga","2026-10-10T12:00:00Z","Rayo Vallecano","Athletic Bilbao","betfair_ex_eu","2026-10-10T10:01:46Z","h2h_lay","Rayo Vallecano","2.92"
"2026-10-10T10:02:05Z","soccer_spain_la_liga","2026-10-10T12:00:00Z","Rayo Vallecano","Athletic Bilbao","betfair_ex_eu","2026-10-10T10:01:46Z","h2h_lay","Draw","3.45"
"2026-10-10T10:02:05Z","soccer_spain_la_liga","2026-10-10T12:00:00Z","Rayo Vallecano","Athletic Bilbao","matchbook","2026-10-10T10:02:01Z","h2h","Athletic Bilbao","2.76"
"2026-10-10T10:02:05Z","soccer_spain_la_liga","2026-10-10T12:00:00Z","Rayo Vallecano","Athletic Bilbao","matchbook","2026-10-10T10:02:01Z","h2h","Rayo Vallecano","2.9"
"2026-10-10T10:02:05Z","soccer_spain_la_liga","2026-10-10T12:00:00Z","Rayo Vallecano","Athletic Bilbao","matchbook","2026-10-10T10:02:01Z","h2h","Draw","3.4"
"2026-10-10T10:02:05Z","soccer_spain_la_liga","2026-10-10T12:00:00Z","Rayo Vallecano","Athletic Bilbao","matchbook","2026-10-10T10:02:01Z","h2h_lay","Athletic Bilbao","2.78"
"2026-10-10T10:02:05Z","soccer_spain_la_liga","2026-10-10T12:00:00Z","Rayo Vallecano","Athletic Bilbao","matchbook","2026-10-10T10:02:01Z","h2h_lay","Rayo Vallecano","2.92"
"2026-10-10T10:02:05Z","soccer_spain_la_liga","2026-10-10T12:00:00Z","Rayo Vallecano","Athletic Bilbao","matchbook","2026-10-10T10:02:01Z","h2h_lay","Draw","3.45"
"2026-10-10T10:02:05Z","soccer_spain_la_liga","2026-10-10T12:00:00Z","Rayo Vallecano","Athletic Bilbao","betonlineag","2026-10-10T10:01:47Z","h2h","Athletic Bilbao","2.68"
"2026-10-10T10:02:05Z","soccer_spain_la_liga","2026-10-10T12:00:00Z","Rayo Vallecano","Athletic Bilbao","betonlineag","2026-10-10T10:01:47Z","h2h","Rayo Vallecano","2.77"
"2026-10-10T10:02:05Z","soccer_spain_la_liga","2026-10-10T12:00:00Z","Rayo Vallecano","Athletic Bilbao","betonlineag","2026-10-10T10:01:47Z","h2h","Draw","3.32"
"2026-10-10T10:02:05Z","soccer_italy_serie_a","2026-10-10T13:00:00Z","Genoa","Fiorentina","atg_se","2026-10-10T10:01:32Z","h2h","Fiorentina","2.33"
"2026-10-10T10:02:05Z","soccer_italy_serie_a","2026-10-10T13:00:00Z","Genoa","Fiorentina","atg_se","2026-10-10T10:01:32Z","h2h","Genoa","3.25"
"2026-10-10T10:02:05Z","soccer_italy_serie_a","2026-10-10T13:00:00Z","Genoa","Fiorentina","atg_se","2026-10-10T10:01:32Z","h2h","Draw","3.45"
"2026-10-10T10:02:05Z","soccer_italy_serie_a","2026-10-10T13:00:00Z","Genoa","Fiorentina","unibet_nl","2026-10-10T10:01:31Z","h2h","Fiorentina","2.33"
"2026-10-10T10:02:05Z","soccer_italy_serie_a","2026-10-10T13:00:00Z","Genoa","Fiorentina","unibet_nl","2026-10-10T10:01:31Z","h2h","Genoa","3.25"
"2026-10-10T10:02:05Z","soccer_italy_serie_a","2026-10-10T13:00:00Z","Genoa","Fiorentina","unibet_nl","2026-10-10T10:01:31Z","h2h","Draw","3.45"
"2026-10-10T10:02:05Z","soccer_italy_serie_a","2026-10-10T13:00:00Z","Genoa","Fiorentina","unibet_se","2026-10-10T10:01:31Z","h2h","Fiorentina","2.33"
"2026-10-10T10:02:05Z","soccer_italy_serie_a","2026-10-10T13:00:00Z","Genoa","Fiorentina","unibet_se","2026-10-10T10:01:31Z","h2h","Genoa","3.25"
"2026-10-10T10:02:05Z","soccer_italy_serie_a","2026-10-10T13:00:00Z","Genoa","Fiorentina","unibet_se","2026-10-10T10:01:31Z","h2h","Draw","3.45"
"2026-10-10T10:02:05Z","soccer_italy_serie_a","2026-10-10T13:00:00Z","Genoa","Fiorentina","svenskaspel_se","2026-10-10T10:01:32Z","h2h","Fiorentina","2.33"
"2026-10-10T10:02:05Z","soccer_italy_serie_a","2026-10-10T13:00:00Z","Genoa","Fiorentina","svenskaspel_se","2026-10-10T10:01:32Z","h2h","Genoa","3.25"
"2026-10-10T10:02:05Z","soccer_italy_serie_a","2026-10-10T13:00:00Z","Genoa","Fiorentina","svenskaspel_se","2026-10-10T10:01:32Z","h2h","Draw","3.45"
"2026-10-10T10:02:05Z","soccer_italy_serie_a","2026-10-10T13:00:00Z","Genoa","Fiorentina","betmgm_se","2026-10-10T10:01:31Z","h2h","Fiorentina","2.2"
"2026-10-10T10:02:05Z","soccer_italy_serie_a","2026-10-10T13:00:00Z","Genoa","Fiorentina","betmgm_se","2026-10-10T10:01:31Z","h2h","Genoa","3.0"
"2026-10-10T10:02:05Z","soccer_italy_serie_a","2026-10-10T13:00:00Z","Genoa","Fiorentina","betmgm_se","2026-10-10T10:01:31Z","h2h","Draw","3.2"
"2026-10-10T10:02:05Z","soccer_italy_serie_a","2026-10-10T13:00:00Z","Genoa","Fiorentina","expekt_se","2026-10-10T10:01:46Z","h2h","Fiorentina","2.33"
"2026-10-10T10:02:05Z","soccer_italy_serie_a","2026-10-10T13:00:00Z","Genoa","Fiorentina","expekt_se","2026-10-10T10:01:46Z","h2h","Genoa","3.25"
"2026-10-10T10:02:05Z","soccer_italy_serie_a","2026-10-10T13:00:00Z","Genoa","Fiorentina","expekt_se","2026-10-10T10:01:46Z","h2h","Draw","3.45"
"2026-10-10T10:02:05Z","soccer_italy_serie_a","2026-10-10T13:00:00Z","Genoa","Fiorentina","leovegas_se","2026-10-10T10:01:31Z","h2h","Fiorentina","2.2"
"2026-10-10T10:02:05Z","soccer_italy_serie_a","2026-10-10T13:00:00Z","Genoa","Fiorentina","leovegas_se","2026-10-10T10:01:31Z","h2h","Genoa","3.05"
"2026-10-10T10:02:05Z","soccer_italy_serie_a","2026-10-10T13:00:00Z","Genoa","Fiorentina","leovegas_se","2026-10-10T10:01:31Z","h2h","Draw","3.25"
"2026-10-10T10:02:05Z","soccer_italy_serie_a","2026-10-10T13:00:00Z","Genoa","Fiorentina","pinnacle","2026-10-10T10:01:47Z","h2h","Fiorentina","2.36"
"2026-10-10T10:02:05Z","soccer_italy_serie_a","2026-10-10T13:00:00Z","Genoa","Fiorentina","pinnacle","2026-10-10T10:01:47Z","h2h","Genoa","3.38"
"2026-10-10T10:02:05Z","soccer_italy_serie_a","2026-10-10T13:00:00Z","Genoa","Fiorentina","pinnacle","2026-10-10T10:01:47Z","h2h","Draw","3.24"
"2026-10-10T10:02:05Z","soccer_italy_serie_a","2026-10-10T13:00:00Z","Genoa","Fiorentina","betclic_fr","2026-10-10T10:01:53Z","h2h","Fiorentina","2.25"
"2026-10-10T10:02:05Z","soccer_italy_serie_a","2026-10-10T13:00:00Z","Genoa","Fiorentina","betclic_fr","2026-10-10T10:01:53Z","h2h","Genoa","3.17"
"2026-10-10T10:02:05Z","soccer_italy_serie_a","2026-10-10T13:00:00Z","Genoa","Fiorentina","betclic_fr","2026-10-10T10:01:53Z","h2h","Draw","3.2"
"2026-10-10T10:02:05Z","soccer_italy_serie_a","2026-10-10T13:00:00Z","Genoa","Fiorentina","winamax_de","2026-10-10T10:01:31Z","h2h","Fiorentina","2.25"
"2026-10-10T10:02:05Z","soccer_italy_serie_a","2026-10-10T13:00:00Z","Genoa","Fiorentina","winamax_de","2026-10-10T10:01:31Z","h2h","Genoa","3.1"
"2026-10-10T10:02:05Z","soccer_italy_serie_a","2026-10-10T13:00:00Z","Genoa","Fiorentina","winamax_de","2026-10-10T10:01:31Z","h2h","Draw","3.3"
"2026-10-10T10:02:05Z","soccer_italy_serie_a","2026-10-10T13:00:00Z","Genoa","Fiorentina","winamax_fr","2026-10-10T10:01:48Z","h2h","Fiorentina","2.2"
"2026-10-10T10:02:05Z","soccer_italy_serie_a","2026-10-10T13:00:00Z","Genoa","Fiorentina","winamax_fr","2026-10-10T10:01:48Z","h2h","Genoa","3.05"
"2026-10-10T10:02:05Z","soccer_italy_serie_a","2026-10-10T13:00:00Z","Genoa","Fiorentina","winamax_fr","2026-10-10T10:01:48Z","h2h","Draw","3.2"
"2026-10-10T10:02:05Z","soccer_italy_serie_a","2026-10-10T13:00:00Z","Genoa","Fiorentina","unibet_fr","2026-10-10T10:01:13Z","h2h","Fiorentina","2.2"
"2026-10-10T10:02:05Z","soccer_italy_serie_a","2026-10-10T13:00:00Z","Genoa","Fiorentina","unibet_fr","2026-10-10T10:01:13Z","h2h","Genoa","3.1"
"2026-10-10T10:02:05Z","soccer_italy_serie_a","2026-10-10T13:00:00Z","Genoa","Fiorentina","unibet_fr","2026-10-10T10:01:13Z","h2h","Draw","3.1"
"2026-10-10T10:02:05Z","soccer_italy_serie_a","2026-10-10T13:00:00Z","Genoa","Fiorentina","hajper_se","2026-10-10T10:01:32Z","h2h","Fiorentina","2.32"
"2026-10-10T10:02:05Z","soccer_italy_serie_a","2026-10-10T13:00:00Z","Genoa","Fiorentina","hajper_se","2026-10-10T10:01:32Z","h2h","Genoa","3.2"
"2026-10-10T10:02:05Z","soccer_italy_serie_a","2026-10-10T13:00:00Z","Genoa","Fiorentina","hajper_se","2026-10-10T10:01:32Z","h2h","Draw","3.25"
"2026-10-10T10:02:05Z","soccer_italy_serie_a","2026-10-10T13:00:00Z","Genoa","Fiorentina","codere_it","2026-10-10T10:01:30Z","h2h","Fiorentina","2.31"
"2026-10-10T10:02:05Z","soccer_italy_serie_a","2026-10-10T13:00:00Z","Genoa","Fiorentina","codere_it","2026-10-10T10:01:30Z","h2h","Genoa","3.25"
"2026-10-10T10:02:05Z","soccer_italy_serie_a","2026-10-10T13:00:00Z","Genoa","Fiorentina","codere_it","2026-10-10T10:01:30Z","h2h","Draw","3.25"
"2026-10-10T10:02:05Z","soccer_italy_serie_a","2026-10-10T13:00:00Z","Genoa","Fiorentina","onexbet","2026-10-10T10:00:23Z","h2h","Fiorentina","2.33"
"2026-10-10T10:02:05Z","soccer_italy_serie_a","2026-10-10T13:00:00Z","Genoa","Fiorentina","onexbet","2026-10-10T10:00:23Z","h2h","Genoa","3.45"
"2026-10-10T10:02:05Z","soccer_italy_serie_a","2026-10-10T13:00:00Z","Genoa","Fiorentina","onexbet","2026-10-10T10:00:23Z","h2h","Draw","3.38"
"2026-10-10T10:02:05Z","soccer_italy_serie_a","2026-10-10T13:00:00Z","Genoa","Fiorentina","nordicbet","2026-10-10T10:01:30Z","h2h","Fiorentina","2.28"
"2026-10-10T10:02:05Z","soccer_italy_serie_a","2026-10-10T13:00:00Z","Genoa","Fiorentina","nordicbet","2026-10-10T10:01:30Z","h2h","Genoa","3.3"
"2026-10-10T10:02:05Z","soccer_italy_serie_a","2026-10-10T13:00:00Z","Genoa","Fiorentina","nordicbet","2026-10-10T10:01:30Z","h2h","Draw","3.15"
"2026-10-10T10:02:05Z","soccer_italy_serie_a","2026-10-10T13:00:00Z","Genoa","Fiorentina","mrgreen_se","2026-10-10T10:01:31Z","h2h","Fiorentina","2.2"
"2026-10-10T10:02:05Z","soccer_italy_serie_a","2026-10-10T13:00:00Z","Genoa","Fiorentina","mrgreen_se","2026-10-10T10:01:31Z","h2h","Genoa","3.25"
"2026-10-10T10:02:05Z","soccer_italy_serie_a","2026-10-10T13:00:00Z","Genoa","Fiorentina","mrgreen_se","2026-10-10T10:01:31Z","h2h","Draw","3.1"
"2026-10-10T10:02:05Z","soccer_italy_serie_a","2026-10-10T13:00:00Z","Genoa","Fiorentina","sport888","2026-10-10T10:01:30Z","h2h","Fiorentina","2.2"
"2026-10-10T10:02:05Z","soccer_italy_serie_a","2026-10-10T13:00:00Z","Genoa","Fiorentina","sport888","2026-10-10T10:01:30Z","h2h","Genoa","3.25"
"2026-10-10T10:02:05Z","soccer_italy_serie_a","2026-10-10T13:00:00Z","Genoa","Fiorentina","sport888","2026-10-10T10:01:30Z","h2h","Draw","3.1"
"2026-10-10T10:02:05Z","soccer_italy_serie_a","2026-10-10T13:00:00Z","Genoa","Fiorentina","sport888_se","2026-10-10T10:01:30Z","h2h","Fiorentina","2.2"
"2026-10-10T10:02:05Z","soccer_italy_serie_a","2026-10-10T13:00:00Z","Genoa","Fiorentina","sport888_se","2026-10-10T10:01:30Z","h2h","Genoa","3.25"
"2026-10-10T10:02:05Z","soccer_italy_serie_a","2026-10-10T13:00:00Z","Genoa","Fiorentina","sport888_se","2026-10-10T10:01:30Z","h2h","Draw","3.1"
"2026-10-10T10:02:05Z","soccer_italy_serie_a","2026-10-10T13:00:00Z","Genoa","Fiorentina","williamhill","2026-10-10T10:02:02Z","h2h","Fiorentina","2.2"
"2026-10-10T10:02:05Z","soccer_italy_serie_a","2026-10-10T13:00:00Z","Genoa","Fiorentina","williamhill","2026-10-10T10:02:02Z","h2h","Genoa","3.25"
"2026-10-10T10:02:05Z","soccer_italy_serie_a","2026-10-10T13:00:00Z","Genoa","Fiorentina","williamhill","2026-10-10T10:02:02Z","h2h","Draw","3.1"
"2026-10-10T10:02:05Z","soccer_italy_serie_a","2026-10-10T13:00:00Z","Genoa","Fiorentina","tipico_de","2026-10-10T10:01:31Z","h2h","Fiorentina","2.25"
"2026-10-10T10:02:05Z","soccer_italy_serie_a","2026-10-10T13:00:00Z","Genoa","Fiorentina","tipico_de","2026-10-10T10:01:31Z","h2h","Genoa","3.3"
"2026-10-10T10:02:05Z","soccer_italy_serie_a","2026-10-10T13:00:00Z","Genoa","Fiorentina","tipico_de","2026-10-10T10:01:31Z","h2h","Draw","3.2"
"2026-10-10T10:02:05Z","soccer_italy_serie_a","2026-10-10T13:00:00Z","Genoa","Fiorentina","campobet_se","2026-10-10T10:01:46Z","h2h","Fiorentina","2.33"
"2026-10-10T10:02:05Z","soccer_italy_serie_a","2026-10-10T13:00:00Z","Genoa","Fiorentina","campobet_se","2026-10-10T10:01:46Z","h2h","Genoa","3.25"
"2026-10-10T10:02:05Z","soccer_italy_serie_a","2026-10-10T13:00:00Z","Genoa","Fiorentina","campobet_se","2026-10-10T10:01:46Z","h2h","Draw","3.2"
"2026-10-10T10:02:05Z","soccer_italy_serie_a","2026-10-10T13:00:00Z","Genoa","Fiorentina","betinia_se","2026-10-10T10:01:30Z","h2h","Fiorentina","2.33"
"2026-10-10T10:02:05Z","soccer_italy_serie_a","2026-10-10T13:00:00Z","Genoa","Fiorentina","betinia_se","2026-10-10T10:01:30Z","h2h","Genoa","3.25"
"2026-10-10T10:02:05Z","soccer_italy_serie_a","2026-10-10T13:00:00Z","Genoa","Fiorentina","betinia_se","2026-10-10T10:01:30Z","h2h","Draw","3.2"
"2026-10-10T10:02:05Z","soccer_italy_serie_a","2026-10-10T13:00:00Z","Genoa","Fiorentina","betsson","2026-10-10T10:01:30Z","h2h","Fiorentina","2.3"
"2026-10-10T10:02:05Z","soccer_italy_serie_a","2026-10-10T13:00:00Z","Genoa","Fiorentina","betsson","2026-10-10T10:01:30Z","h2h","Genoa","3.3"
"2026-10-10T10:02:05Z","soccer_italy_serie_a","2026-10-10T13:00:00Z","Genoa","Fiorentina","betsson","2026-10-10T10:01:30Z","h2h","Draw","3.15"
"2026-10-10T10:02:05Z","soccer_italy_serie_a","2026-10-10T13:00:00Z","Genoa","Fiorentina","everygame","2026-10-10T10:00:30Z","h2h","Fiorentina","2.3"
"2026-10-10T10:02:05Z","soccer_italy_serie_a","2026-10-10T13:00:00Z","Genoa","Fiorentina","everygame","2026-10-10T10:00:30Z","h2h","Genoa","3.3"
"2026-10-10T10:02:05Z","soccer_italy_serie_a","2026-10-10T13:00:00Z","Genoa","Fiorentina","everygame","2026-10-10T10:00:30Z","h2h","Draw","3.15"
"2026-10-10T10:02:05Z","soccer_italy_serie_a","2026-10-10T13:00:00Z","Genoa","Fiorentina","betfair_ex_eu","2026-10-10T10:02:02Z","h2h","Fiorentina","2.4"
"2026-10-10T10:02:05Z","soccer_italy_serie_a","2026-10-10T13:00:00Z","Genoa","Fiorentina","betfair_ex_eu","2026-10-10T10:02:02Z","h2h","Genoa","3.5"
"2026-10-10T10:02:05Z","soccer_italy_serie_a","2026-10-10T13:00:00Z","Genoa","Fiorentina","betfair_ex_eu","2026-10-10T10:02:02Z","h2h","Draw","3.3"
"2026-10-10T10:02:05Z","soccer_italy_serie_a","2026-10-10T13:00:00Z","Genoa","Fiorentina","betfair_ex_eu","2026-10-10T10:02:02Z","h2h_lay","Fiorentina","2.42"
"2026-10-10T10:02:05Z","soccer_italy_serie_a","2026-10-10T13:00:00Z","Genoa","Fiorentina","betfair_ex_eu","2026-10-10T10:02:02Z","h2h_lay","Genoa","3.55"
"2026-10-10T10:02:05Z","soccer_italy_serie_a","2026-10-10T13:00:00Z","Genoa","Fiorentina","betfair_ex_eu","2026-10-10T10:02:02Z","h2h_lay","Draw","3.35"
"2026-10-10T10:02:05Z","soccer_italy_serie_a","2026-10-10T13:00:00Z","Genoa","Fiorentina","coolbet","2026-10-10T10:01:13Z","h2h","Fiorentina","2.35"
"2026-10-10T10:02:05Z","soccer_italy_serie_a","2026-10-10T13:00:00Z","Genoa","Fiorentina","coolbet","2026-10-10T10:01:13Z","h2h","Genoa","3.37"
"2026-10-10T10:02:05Z","soccer_italy_serie_a","2026-10-10T13:00:00Z","Genoa","Fiorentina","coolbet","2026-10-10T10:01:13Z","h2h","Draw","3.25"
"2026-10-10T10:02:05Z","soccer_italy_serie_a","2026-10-10T13:00:00Z","Genoa","Fiorentina","matchbook","2026-10-10T10:02:01Z","h2h","Fiorentina","2.4"
"2026-10-10T10:02:05Z","soccer_italy_serie_a","2026-10-10T13:00:00Z","Genoa","Fiorentina","matchbook","2026-10-10T10:02:01Z","h2h","Genoa","3.5"
"2026-10-10T10:02:05Z","soccer_italy_serie_a","2026-10-10T13:00:00Z","Genoa","Fiorentina","matchbook","2026-10-10T10:02:01Z","h2h","Draw","3.3"
"2026-10-10T10:02:05Z","soccer_italy_serie_a","2026-10-10T13:00:00Z","Genoa","Fiorentina","matchbook","2026-10-10T10:02:01Z","h2h_lay","Fiorentina","2.42"
"2026-10-10T10:02:05Z","soccer_italy_serie_a","2026-10-10T13:00:00Z","Genoa","Fiorentina","matchbook","2026-10-10T10:02:01Z","h2h_lay","Genoa","3.55"
"2026-10-10T10:02:05Z","soccer_italy_serie_a","2026-10-10T13:00:00Z","Genoa","Fiorentina","matchbook","2026-10-10T10:02:01Z","h2h_lay","Draw","3.35"
"2026-10-10T10:02:05Z","soccer_italy_serie_a","2026-10-10T13:00:00Z","Genoa","Fiorentina","gtbets","2026-10-10T10:02:03Z","h2h","Fiorentina","2.32"
"2026-10-10T10:02:05Z","soccer_italy_serie_a","2026-10-10T13:00:00Z","Genoa","Fiorentina","gtbets","2026-10-10T10:02:03Z","h2h","Genoa","3.29"
"2026-10-10T10:02:05Z","soccer_italy_serie_a","2026-10-10T13:00:00Z","Genoa","Fiorentina","gtbets","2026-10-10T10:02:03Z","h2h","Draw","3.37"
"2026-10-10T10:02:05Z","soccer_italy_serie_a","2026-10-10T13:00:00Z","Genoa","Fiorentina","betonlineag","2026-10-10T10:01:30Z","h2h","Fiorentina","2.31"
"2026-10-10T10:02:05Z","soccer_italy_serie_a","2026-10-10T13:00:00Z","Genoa","Fiorentina","betonlineag","2026-10-10T10:01:30Z","h2h","Genoa","3.36"
"2026-10-10T10:02:05Z","soccer_italy_serie_a","2026-10-10T13:00:00Z","Genoa","Fiorentina","betonlineag","2026-10-10T10:01:30Z","h2h","Draw","3.3"
"2026-10-10T10:02:05Z","soccer_italy_serie_a","2026-10-10T13:00:00Z","Genoa","Fiorentina","betanysports","2026-10-10T10:01:53Z","h2h","Fiorentina","2.31"
"2026-10-10T10:02:05Z","soccer_italy_serie_a","2026-10-10T13:00:00Z","Genoa","Fiorentina","betanysports","2026-10-10T10:01:53Z","h2h","Genoa","3.36"
"2026-10-10T10:02:05Z","soccer_italy_serie_a","2026-10-10T13:00:00Z","Genoa","Fiorentina","betanysports","2026-10-10T10:01:53Z","h2h","Draw","3.3"
"2026-10-10T10:02:05Z","soccer_sweden_allsvenskan","2026-10-10T13:00:00Z","AIK","IF Brommapojkarna","pinnacle","2026-10-10T10:02:00Z","h2h","AIK","1.99"
"2026-10-10T10:02:05Z","soccer_sweden_allsvenskan","2026-10-10T13:00:00Z","AIK","IF Brommapojkarna","pinnacle","2026-10-10T10:02:00Z","h2h","IF Brommapojkarna","3.66"
"2026-10-10T10:02:05Z","soccer_sweden_allsvenskan","2026-10-10T13:00:00Z","AIK","IF Brommapojkarna","pinnacle","2026-10-10T10:02:00Z","h2h","Draw","3.74"
"2026-10-10T10:02:05Z","soccer_sweden_allsvenskan","2026-10-10T13:00:00Z","AIK","IF Brommapojkarna","unibet_fr","2026-10-10T10:01:28Z","h2h","AIK","1.81"
"2026-10-10T10:02:05Z","soccer_sweden_allsvenskan","2026-10-10T13:00:00Z","AIK","IF Brommapojkarna","unibet_fr","2026-10-10T10:01:28Z","h2h","IF Brommapojkarna","3.35"
"2026-10-10T10:02:05Z","soccer_sweden_allsvenskan","2026-10-10T13:00:00Z","AIK","IF Brommapojkarna","unibet_fr","2026-10-10T10:01:28Z","h2h","Draw","3.6"
"2026-10-10T10:02:05Z","soccer_sweden_allsvenskan","2026-10-10T13:00:00Z","AIK","IF Brommapojkarna","hajper_se","2026-10-10T10:01:28Z","h2h","AIK","2.02"
"2026-10-10T10:02:05Z","soccer_sweden_allsvenskan","2026-10-10T13:00:00Z","AIK","IF Brommapojkarna","hajper_se","2026-10-10T10:01:28Z","h2h","IF Brommapojkarna","3.45"
"2026-10-10T10:02:05Z","soccer_sweden_allsvenskan","2026-10-10T13:00:00Z","AIK","IF Brommapojkarna","hajper_se","2026-10-10T10:01:28Z","h2h","Draw","3.75"
"2026-10-10T10:02:05Z","soccer_sweden_allsvenskan","2026-10-10T13:00:00Z","AIK","IF Brommapojkarna","betclic_fr","2026-10-10T10:01:20Z","h2h","AIK","1.93"
"2026-10-10T10:02:05Z","soccer_sweden_allsvenskan","2026-10-10T13:00:00Z","AIK","IF Brommapojkarna","betclic_fr","2026-10-10T10:01:20Z","h2h","IF Brommapojkarna","3.32"
"2026-10-10T10:02:05Z","soccer_sweden_allsvenskan","2026-10-10T13:00:00Z","AIK","IF Brommapojkarna","betclic_fr","2026-10-10T10:01:20Z","h2h","Draw","3.55"
"2026-10-10T10:02:05Z","soccer_sweden_allsvenskan","2026-10-10T13:00:00Z","AIK","IF Brommapojkarna","winamax_fr","2026-10-10T10:01:44Z","h2h","AIK","1.92"
"2026-10-10T10:02:05Z","soccer_sweden_allsvenskan","2026-10-10T13:00:00Z","AIK","IF Brommapojkarna","winamax_fr","2026-10-10T10:01:44Z","h2h","IF Brommapojkarna","3.2"
"2026-10-10T10:02:05Z","soccer_sweden_allsvenskan","2026-10-10T13:00:00Z","AIK","IF Brommapojkarna","winamax_fr","2026-10-10T10:01:44Z","h2h","Draw","3.6"
"2026-10-10T10:02:05Z","soccer_sweden_allsvenskan","2026-10-10T13:00:00Z","AIK","IF Brommapojkarna","onexbet","2026-10-10T10:01:27Z","h2h","AIK","1.93"
"2026-10-10T10:02:05Z","soccer_sweden_allsvenskan","2026-10-10T13:00:00Z","AIK","IF Brommapojkarna","onexbet","2026-10-10T10:01:27Z","h2h","IF Brommapojkarna","3.5"
"2026-10-10T10:02:05Z","soccer_sweden_allsvenskan","2026-10-10T13:00:00Z","AIK","IF Brommapojkarna","onexbet","2026-10-10T10:01:27Z","h2h","Draw","3.76"
"2026-10-10T10:02:05Z","soccer_sweden_allsvenskan","2026-10-10T13:00:00Z","AIK","IF Brommapojkarna","winamax_de","2026-10-10T10:01:35Z","h2h","AIK","1.94"
"2026-10-10T10:02:05Z","soccer_sweden_allsvenskan","2026-10-10T13:00:00Z","AIK","IF Brommapojkarna","winamax_de","2026-10-10T10:01:35Z","h2h","IF Brommapojkarna","3.25"
"2026-10-10T10:02:05Z","soccer_sweden_allsvenskan","2026-10-10T13:00:00Z","AIK","IF Brommapojkarna","winamax_de","2026-10-10T10:01:35Z","h2h","Draw","3.65"
"2026-10-10T10:02:05Z","soccer_sweden_allsvenskan","2026-10-10T13:00:00Z","AIK","IF Brommapojkarna","sport888","2026-10-10T10:01:28Z","h2h","AIK","1.95"
"2026-10-10T10:02:05Z","soccer_sweden_allsvenskan","2026-10-10T13:00:00Z","AIK","IF Brommapojkarna","sport888","2026-10-10T10:01:28Z","h2h","IF Brommapojkarna","3.4"
"2026-10-10T10:02:05Z","soccer_sweden_allsvenskan","2026-10-10T13:00:00Z","AIK","IF Brommapojkarna","sport888","2026-10-10T10:01:28Z","h2h","Draw","3.4"
"2026-10-10T10:02:05Z","soccer_sweden_allsvenskan","2026-10-10T13:00:00Z","AIK","IF Brommapojkarna","mrgreen_se","2026-10-10T10:01:31Z","h2h","AIK","1.95"
"2026-10-10T10:02:05Z","soccer_sweden_allsvenskan","2026-10-10T13:00:00Z","AIK","IF Brommapojkarna","mrgreen_se","2026-10-10T10:01:31Z","h2h","IF Brommapojkarna","3.4"
"2026-10-10T10:02:05Z","soccer_sweden_allsvenskan","2026-10-10T13:00:00Z","AIK","IF Brommapojkarna","mrgreen_se","2026-10-10T10:01:31Z","h2h","Draw","3.4"
"2026-10-10T10:02:05Z","soccer_sweden_allsvenskan","2026-10-10T13:00:00Z","AIK","IF Brommapojkarna","sport888_se","2026-10-10T10:01:31Z","h2h","AIK","1.95"
"2026-10-10T10:02:05Z","soccer_sweden_allsvenskan","2026-10-10T13:00:00Z","AIK","IF Brommapojkarna","sport888_se","2026-10-10T10:01:31Z","h2h","IF Brommapojkarna","3.4"
"2026-10-10T10:02:05Z","soccer_sweden_allsvenskan","2026-10-10T13:00:00Z","AIK","IF Brommapojkarna","sport888_se","2026-10-10T10:01:31Z","h2h","Draw","3.4"
"2026-10-10T10:02:05Z","soccer_sweden_allsvenskan","2026-10-10T13:00:00Z","AIK","IF Brommapojkarna","williamhill","2026-10-10T10:01:10Z","h2h","AIK","1.95"
"2026-10-10T10:02:05Z","soccer_sweden_allsvenskan","2026-10-10T13:00:00Z","AIK","IF Brommapojkarna","williamhill","2026-10-10T10:01:10Z","h2h","IF Brommapojkarna","3.4"
"2026-10-10T10:02:05Z","soccer_sweden_allsvenskan","2026-10-10T13:00:00Z","AIK","IF Brommapojkarna","williamhill","2026-10-10T10:01:10Z","h2h","Draw","3.4"
"2026-10-10T10:02:05Z","soccer_sweden_allsvenskan","2026-10-10T13:00:00Z","AIK","IF Brommapojkarna","nordicbet","2026-10-10T10:02:01Z","h2h","AIK","1.95"
"2026-10-10T10:02:05Z","soccer_sweden_allsvenskan","2026-10-10T13:00:00Z","AIK","IF Brommapojkarna","nordicbet","2026-10-10T10:02:01Z","h2h","IF Brommapojkarna","3.5"
"2026-10-10T10:02:05Z","soccer_sweden_allsvenskan","2026-10-10T13:00:00Z","AIK","IF Brommapojkarna","nordicbet","2026-10-10T10:02:01Z","h2h","Draw","3.6"
"2026-10-10T10:02:05Z","soccer_sweden_allsvenskan","2026-10-10T13:00:00Z","AIK","IF Brommapojkarna","betsson","2026-10-10T10:01:28Z","h2h","AIK","2.0"
"2026-10-10T10:02:05Z","soccer_sweden_allsvenskan","2026-10-10T13:00:00Z","AIK","IF Brommapojkarna","betsson","2026-10-10T10:01:28Z","h2h","IF Brommapojkarna","3.59"
"2026-10-10T10:02:05Z","soccer_sweden_allsvenskan","2026-10-10T13:00:00Z","AIK","IF Brommapojkarna","betsson","2026-10-10T10:01:28Z","h2h","Draw","3.67"
"2026-10-10T10:02:05Z","soccer_sweden_allsvenskan","2026-10-10T13:00:00Z","AIK","IF Brommapojkarna","coolbet","2026-10-10T10:01:30Z","h2h","AIK","1.85"
"2026-10-10T10:02:05Z","soccer_sweden_allsvenskan","2026-10-10T13:00:00Z","AIK","IF Brommapojkarna","coolbet","2026-10-10T10:01:30Z","h2h","IF Brommapojkarna","3.8"
"2026-10-10T10:02:05Z","soccer_sweden_allsvenskan","2026-10-10T13:00:00Z","AIK","IF Brommapojkarna","coolbet","2026-10-10T10:01:30Z","h2h","Draw","3.9"
"2026-10-10T10:02:05Z","soccer_sweden_allsvenskan","2026-10-10T13:00:00Z","AIK","IF Brommapojkarna","tipico_de","2026-10-10T10:01:32Z","h2h","AIK","1.85"
"2026-10-10T10:02:05Z","soccer_sweden_allsvenskan","2026-10-10T13:00:00Z","AIK","IF Brommapojkarna","tipico_de","2026-10-10T10:01:32Z","h2h","IF Brommapojkarna","3.6"
"2026-10-10T10:02:05Z","soccer_sweden_allsvenskan","2026-10-10T13:00:00Z","AIK","IF Brommapojkarna","tipico_de","2026-10-10T10:01:32Z","h2h","Draw","3.7"
"2026-10-10T10:02:05Z","soccer_sweden_allsvenskan","2026-10-10T13:00:00Z","AIK","IF Brommapojkarna","svenskaspel_se","2026-10-10T10:01:27Z","h2h","AIK","1.93"
"2026-10-10T10:02:05Z","soccer_sweden_allsvenskan","2026-10-10T13:00:00Z","AIK","IF Brommapojkarna","svenskaspel_se","2026-10-10T10:01:27Z","h2h","IF Brommapojkarna","3.9"
"2026-10-10T10:02:05Z","soccer_sweden_allsvenskan","2026-10-10T13:00:00Z","AIK","IF Brommapojkarna","svenskaspel_se","2026-10-10T10:01:27Z","h2h","Draw","3.95"
"2026-10-10T10:02:05Z","soccer_sweden_allsvenskan","2026-10-10T13:00:00Z","AIK","IF Brommapojkarna","expekt_se","2026-10-10T10:01:32Z","h2h","AIK","1.93"
"2026-10-10T10:02:05Z","soccer_sweden_allsvenskan","2026-10-10T13:00:00Z","AIK","IF Brommapojkarna","expekt_se","2026-10-10T10:01:32Z","h2h","IF Brommapojkarna","3.9"
"2026-10-10T10:02:05Z","soccer_sweden_allsvenskan","2026-10-10T13:00:00Z","AIK","IF Brommapojkarna","expekt_se","2026-10-10T10:01:32Z","h2h","Draw","3.95"
"2026-10-10T10:02:05Z","soccer_sweden_allsvenskan","2026-10-10T13:00:00Z","AIK","IF Brommapojkarna","betmgm_se","2026-10-10T10:01:29Z","h2h","AIK","1.88"
"2026-10-10T10:02:05Z","soccer_sweden_allsvenskan","2026-10-10T13:00:00Z","AIK","IF Brommapojkarna","betmgm_se","2026-10-10T10:01:29Z","h2h","IF Brommapojkarna","3.75"
"2026-10-10T10:02:05Z","soccer_sweden_allsvenskan","2026-10-10T13:00:00Z","AIK","IF Brommapojkarna","betmgm_se","2026-10-10T10:01:29Z","h2h","Draw","3.8"
"2026-10-10T10:02:05Z","soccer_sweden_allsvenskan","2026-10-10T13:00:00Z","AIK","IF Brommapojkarna","leovegas_se","2026-10-10T10:01:27Z","h2h","AIK","1.87"
"2026-10-10T10:02:05Z","soccer_sweden_allsvenskan","2026-10-10T13:00:00Z","AIK","IF Brommapojkarna","leovegas_se","2026-10-10T10:01:27Z","h2h","IF Brommapojkarna","3.7"
"2026-10-10T10:02:05Z","soccer_sweden_allsvenskan","2026-10-10T13:00:00Z","AIK","IF Brommapojkarna","leovegas_se","2026-10-10T10:01:27Z","h2h","Draw","3.75"
"2026-10-10T10:02:05Z","soccer_sweden_allsvenskan","2026-10-10T13:00:00Z","AIK","IF Brommapojkarna","unibet_nl","2026-10-10T10:01:28Z","h2h","AIK","1.87"
"2026-10-10T10:02:05Z","soccer_sweden_allsvenskan","2026-10-10T13:00:00Z","AIK","IF Brommapojkarna","unibet_nl","2026-10-10T10:01:28Z","h2h","IF Brommapojkarna","3.7"
"2026-10-10T10:02:05Z","soccer_sweden_allsvenskan","2026-10-10T13:00:00Z","AIK","IF Brommapojkarna","unibet_nl","2026-10-10T10:01:28Z","h2h","Draw","3.75"
"2026-10-10T10:02:05Z","soccer_sweden_allsvenskan","2026-10-10T13:00:00Z","AIK","IF Brommapojkarna","unibet_se","2026-10-10T10:01:28Z","h2h","AIK","1.93"
"2026-10-10T10:02:05Z","soccer_sweden_allsvenskan","2026-10-10T13:00:00Z","AIK","IF Brommapojkarna","unibet_se","2026-10-10T10:01:28Z","h2h","IF Brommapojkarna","3.9"
"2026-10-10T10:02:05Z","soccer_sweden_allsvenskan","2026-10-10T13:00:00Z","AIK","IF Brommapojkarna","unibet_se","2026-10-10T10:01:28Z","h2h","Draw","3.95"
"2026-10-10T10:02:05Z","soccer_sweden_allsvenskan","2026-10-10T13:00:00Z","AIK","IF Brommapojkarna","atg_se","2026-10-10T10:01:28Z","h2h","AIK","1.93"
"2026-10-10T10:02:05Z","soccer_sweden_allsvenskan","2026-10-10T13:00:00Z","AIK","IF Brommapojkarna","atg_se","2026-10-10T10:01:28Z","h2h","IF Brommapojkarna","3.9"
"2026-10-10T10:02:05Z","soccer_sweden_allsvenskan","2026-10-10T13:00:00Z","AIK","IF Brommapojkarna","atg_se","2026-10-10T10:01:28Z","h2h","Draw","3.95"
"2026-10-10T10:02:05Z","soccer_sweden_allsvenskan","2026-10-10T13:00:00Z","AIK","IF Brommapojkarna","betfair_ex_eu","2026-10-10T10:01:43Z","h2h","AIK","2.06"
"2026-10-10T10:02:05Z","soccer_sweden_allsvenskan","2026-10-10T13:00:00Z","AIK","IF Brommapojkarna","betfair_ex_eu","2026-10-10T10:01:43Z","h2h","IF Brommapojkarna","3.65"
"2026-10-10T10:02:05Z","soccer_sweden_allsvenskan","2026-10-10T13:00:00Z","AIK","IF Brommapojkarna","betfair_ex_eu","2026-10-10T10:01:43Z","h2h","Draw","3.9"
"2026-10-10T10:02:05Z","soccer_sweden_allsvenskan","2026-10-10T13:00:00Z","AIK","IF Brommapojkarna","betfair_ex_eu","2026-10-10T10:01:43Z","h2h_lay","AIK","2.1"
"2026-10-10T10:02:05Z","soccer_sweden_allsvenskan","2026-10-10T13:00:00Z","AIK","IF Brommapojkarna","betfair_ex_eu","2026-10-10T10:01:43Z","h2h_lay","IF Brommapojkarna","3.8"
"2026-10-10T10:02:05Z","soccer_sweden_allsvenskan","2026-10-10T13:00:00Z","AIK","IF Brommapojkarna","betfair_ex_eu","2026-10-10T10:01:43Z","h2h_lay","Draw","4.1"
"2026-10-10T10:02:05Z","soccer_sweden_allsvenskan","2026-10-10T13:00:00Z","AIK","IF Brommapojkarna","gtbets","2026-10-10T10:01:28Z","h2h","AIK","1.93"
"2026-10-10T10:02:05Z","soccer_sweden_allsvenskan","2026-10-10T13:00:00Z","AIK","IF Brommapojkarna","gtbets","2026-10-10T10:01:28Z","h2h","IF Brommapojkarna","3.61"
"2026-10-10T10:02:05Z","soccer_sweden_allsvenskan","2026-10-10T13:00:00Z","AIK","IF Brommapojkarna","gtbets","2026-10-10T10:01:28Z","h2h","Draw","3.79"
"2026-10-10T10:02:05Z","soccer_sweden_allsvenskan","2026-10-10T13:00:00Z","AIK","IF Brommapojkarna","campobet_se","2026-10-10T10:01:29Z","h2h","AIK","1.92"
"2026-10-10T10:02:05Z","soccer_sweden_allsvenskan","2026-10-10T13:00:00Z","AIK","IF Brommapojkarna","campobet_se","2026-10-10T10:01:29Z","h2h","IF Brommapojkarna","3.75"
"2026-10-10T10:02:05Z","soccer_sweden_allsvenskan","2026-10-10T13:00:00Z","AIK","IF Brommapojkarna","campobet_se","2026-10-10T10:01:29Z","h2h","Draw","3.67"
"2026-10-10T10:02:05Z","soccer_sweden_allsvenskan","2026-10-10T13:00:00Z","AIK","IF Brommapojkarna","betinia_se","2026-10-10T10:01:28Z","h2h","AIK","1.92"
"2026-10-10T10:02:05Z","soccer_sweden_allsvenskan","2026-10-10T13:00:00Z","AIK","IF Brommapojkarna","betinia_se","2026-10-10T10:01:28Z","h2h","IF Brommapojkarna","3.75"
"2026-10-10T10:02:05Z","soccer_sweden_allsvenskan","2026-10-10T13:00:00Z","AIK","IF Brommapojkarna","betinia_se","2026-10-10T10:01:28Z","h2h","Draw","3.67"
"2026-10-10T10:02:05Z","soccer_sweden_allsvenskan","2026-10-10T13:00:00Z","AIK","IF Brommapojkarna","betonlineag","2026-10-10T10:01:27Z","h2h","AIK","2.0"
"2026-10-10T10:02:05Z","soccer_sweden_allsvenskan","2026-10-10T13:00:00Z","AIK","IF Brommapojkarna","betonlineag","2026-10-10T10:01:27Z","h2h","IF Brommapojkarna","3.55"
"2026-10-10T10:02:05Z","soccer_sweden_allsvenskan","2026-10-10T13:00:00Z","AIK","IF Brommapojkarna","betonlineag","2026-10-10T10:01:27Z","h2h","Draw","3.65"
"2026-10-10T10:02:05Z","soccer_sweden_allsvenskan","2026-10-10T13:00:00Z","AIK","IF Brommapojkarna","matchbook","2026-10-10T10:01:59Z","h2h","AIK","2.06"
"2026-10-10T10:02:05Z","soccer_sweden_allsvenskan","2026-10-10T13:00:00Z","AIK","IF Brommapojkarna","matchbook","2026-10-10T10:01:59Z","h2h","IF Brommapojkarna","3.65"
"2026-10-10T10:02:05Z","soccer_sweden_allsvenskan","2026-10-10T13:00:00Z","AIK","IF Brommapojkarna","matchbook","2026-10-10T10:01:59Z","h2h","Draw","3.95"
"2026-10-10T10:02:05Z","soccer_sweden_allsvenskan","2026-10-10T13:00:00Z","AIK","IF Brommapojkarna","matchbook","2026-10-10T10:01:59Z","h2h_lay","AIK","2.1"
"2026-10-10T10:02:05Z","soccer_sweden_allsvenskan","2026-10-10T13:00:00Z","AIK","IF Brommapojkarna","matchbook","2026-10-10T10:01:59Z","h2h_lay","IF Brommapojkarna","3.75"
"2026-10-10T10:02:05Z","soccer_sweden_allsvenskan","2026-10-10T13:00:00Z","AIK","IF Brommapojkarna","matchbook","2026-10-10T10:01:59Z","h2h_lay","Draw","4.0"
"2026-10-10T10:02:05Z","soccer_sweden_allsvenskan","2026-10-10T13:00:00Z","AIK","IF Brommapojkarna","betanysports","2026-10-10T10:02:00Z","h2h","AIK","2.0"
"2026-10-10T10:02:05Z","soccer_sweden_allsvenskan","2026-10-10T13:00:00Z","AIK","IF Brommapojkarna","betanysports","2026-10-10T10:02:00Z","h2h","IF Brommapojkarna","3.55"
"2026-10-10T10:02:05Z","soccer_sweden_allsvenskan","2026-10-10T13:00:00Z","AIK","IF Brommapojkarna","betanysports","2026-10-10T10:02:00Z","h2h","Draw","3.65"
"2026-10-10T10:02:05Z","soccer_sweden_allsvenskan","2026-10-10T13:00:00Z","GAIS","IK Sirius","pinnacle","2026-10-10T10:02:00Z","h2h","GAIS","2.58"
"2026-10-10T10:02:05Z","soccer_sweden_allsvenskan","2026-10-10T13:00:00Z","GAIS","IK Sirius","pinnacle","2026-10-10T10:02:00Z","h2h","IK Sirius","2.71"
"2026-10-10T10:02:05Z","soccer_sweden_allsvenskan","2026-10-10T13:00:00Z","GAIS","IK Sirius","pinnacle","2026-10-10T10:02:00Z","h2h","Draw","3.51"
"2026-10-10T10:02:05Z","soccer_sweden_allsvenskan","2026-10-10T13:00:00Z","GAIS","IK Sirius","unibet_fr","2026-10-10T10:01:28Z","h2h","GAIS","2.25"
"2026-10-10T10:02:05Z","soccer_sweden_allsvenskan","2026-10-10T13:00:00Z","GAIS","IK Sirius","unibet_fr","2026-10-10T10:01:28Z","h2h","IK Sirius","2.55"
"2026-10-10T10:02:05Z","soccer_sweden_allsvenskan","2026-10-10T13:00:00Z","GAIS","IK Sirius","unibet_fr","2026-10-10T10:01:28Z","h2h","Draw","3.4"
"2026-10-10T10:02:05Z","soccer_sweden_allsvenskan","2026-10-10T13:00:00Z","GAIS","IK Sirius","hajper_se","2026-10-10T10:01:28Z","h2h","GAIS","2.6"
"2026-10-10T10:02:05Z","soccer_sweden_allsvenskan","2026-10-10T13:00:00Z","GAIS","IK Sirius","hajper_se","2026-10-10T10:01:28Z","h2h","IK Sirius","2.65"
"2026-10-10T10:02:05Z","soccer_sweden_allsvenskan","2026-10-10T13:00:00Z","GAIS","IK Sirius","hajper_se","2026-10-10T10:01:28Z","h2h","Draw","3.5"
"2026-10-10T10:02:05Z","soccer_sweden_allsvenskan","2026-10-10T13:00:00Z","GAIS","IK Sirius","betclic_fr","2026-10-10T10:01:20Z","h2h","GAIS","2.43"
"2026-10-10T10:02:05Z","soccer_sweden_allsvenskan","2026-10-10T13:00:00Z","GAIS","IK Sirius","betclic_fr","2026-10-10T10:01:20Z","h2h","IK Sirius","2.55"
"2026-10-10T10:02:05Z","soccer_sweden_allsvenskan","2026-10-10T13:00:00Z","GAIS","IK Sirius","betclic_fr","2026-10-10T10:01:20Z","h2h","Draw","3.37"
"2026-10-10T10:02:05Z","soccer_sweden_allsvenskan","2026-10-10T13:00:00Z","GAIS","IK Sirius","winamax_fr","2026-10-10T10:01:44Z","h2h","GAIS","2.4"
"2026-10-10T10:02:05Z","soccer_sweden_allsvenskan","2026-10-10T13:00:00Z","GAIS","IK Sirius","winamax_fr","2026-10-10T10:01:44Z","h2h","IK Sirius","2.45"
"2026-10-10T10:02:05Z","soccer_sweden_allsvenskan","2026-10-10T13:00:00Z","GAIS","IK Sirius","winamax_fr","2026-10-10T10:01:44Z","h2h","Draw","3.4"
"2026-10-10T10:02:05Z","soccer_sweden_allsvenskan","2026-10-10T13:00:00Z","GAIS","IK Sirius","onexbet","2026-10-10T10:01:27Z","h2h","GAIS","2.47"
"2026-10-10T10:02:05Z","soccer_sweden_allsvenskan","2026-10-10T13:00:00Z","GAIS","IK Sirius","onexbet","2026-10-10T10:01:27Z","h2h","IK Sirius","2.59"
"2026-10-10T10:02:05Z","soccer_sweden_allsvenskan","2026-10-10T13:00:00Z","GAIS","IK Sirius","onexbet","2026-10-10T10:01:27Z","h2h","Draw","3.52"
"2026-10-10T10:02:05Z","soccer_sweden_allsvenskan","2026-10-10T13:00:00Z","GAIS","IK Sirius","winamax_de","2026-10-10T10:01:35Z","h2h","GAIS","2.45"
"2026-10-10T10:02:05Z","soccer_sweden_allsvenskan","2026-10-10T13:00:00Z","GAIS","IK Sirius","winamax_de","2026-10-10T10:01:35Z","h2h","IK Sirius","2.5"
"2026-10-10T10:02:05Z","soccer_sweden_allsvenskan","2026-10-10T13:00:00Z","GAIS","IK Sirius","winamax_de","2026-10-10T10:01:35Z","h2h","Draw","3.45"
"2026-10-10T10:02:05Z","soccer_sweden_allsvenskan","2026-10-10T13:00:00Z","GAIS","IK Sirius","sport888","2026-10-10T10:01:28Z","h2h","GAIS","2.5"
"2026-10-10T10:02:05Z","soccer_sweden_allsvenskan","2026-10-10T13:00:00Z","GAIS","IK Sirius","sport888","2026-10-10T10:01:28Z","h2h","IK Sirius","2.6"
"2026-10-10T10:02:05Z","soccer_sweden_allsvenskan","2026-10-10T13:00:00Z","GAIS","IK Sirius","sport888","2026-10-10T10:01:28Z","h2h","Draw","3.3"
"2026-10-10T10:02:05Z","soccer_sweden_allsvenskan","2026-10-10T13:00:00Z","GAIS","IK Sirius","mrgreen_se","2026-10-10T10:01:31Z","h2h","GAIS","2.5"
"2026-10-10T10:02:05Z","soccer_sweden_allsvenskan","2026-10-10T13:00:00Z","GAIS","IK Sirius","mrgreen_se","2026-10-10T10:01:31Z","h2h","IK Sirius","2.6"
"2026-10-10T10:02:05Z","soccer_sweden_allsvenskan","2026-10-10T13:00:00Z","GAIS","IK Sirius","mrgreen_se","2026-10-10T10:01:31Z","h2h","Draw","3.3"
"2026-10-10T10:02:05Z","soccer_sweden_allsvenskan","2026-10-10T13:00:00Z","GAIS","IK Sirius","sport888_se","2026-10-10T10:01:31Z","h2h","GAIS","2.5"
"2026-10-10T10:02:05Z","soccer_sweden_allsvenskan","2026-10-10T13:00:00Z","GAIS","IK Sirius","sport888_se","2026-10-10T10:01:31Z","h2h","IK Sirius","2.6"
"2026-10-10T10:02:05Z","soccer_sweden_allsvenskan","2026-10-10T13:00:00Z","GAIS","IK Sirius","sport888_se","2026-10-10T10:01:31Z","h2h","Draw","3.3"
"2026-10-10T10:02:05Z","soccer_sweden_allsvenskan","2026-10-10T13:00:00Z","GAIS","IK Sirius","williamhill","2026-10-10T10:01:10Z","h2h","GAIS","2.5"
"2026-10-10T10:02:05Z","soccer_sweden_allsvenskan","2026-10-10T13:00:00Z","GAIS","IK Sirius","williamhill","2026-10-10T10:01:10Z","h2h","IK Sirius","2.6"
"2026-10-10T10:02:05Z","soccer_sweden_allsvenskan","2026-10-10T13:00:00Z","GAIS","IK Sirius","williamhill","2026-10-10T10:01:10Z","h2h","Draw","3.3"
"2026-10-10T10:02:05Z","soccer_sweden_allsvenskan","2026-10-10T13:00:00Z","GAIS","IK Sirius","nordicbet","2026-10-10T10:02:01Z","h2h","GAIS","2.58"
"2026-10-10T10:02:05Z","soccer_sweden_allsvenskan","2026-10-10T13:00:00Z","GAIS","IK Sirius","nordicbet","2026-10-10T10:02:01Z","h2h","IK Sirius","2.58"
"2026-10-10T10:02:05Z","soccer_sweden_allsvenskan","2026-10-10T13:00:00Z","GAIS","IK Sirius","nordicbet","2026-10-10T10:02:01Z","h2h","Draw","3.35"
"2026-10-10T10:02:05Z","soccer_sweden_allsvenskan","2026-10-10T13:00:00Z","GAIS","IK Sirius","betsson","2026-10-10T10:01:28Z","h2h","GAIS","2.63"
"2026-10-10T10:02:05Z","soccer_sweden_allsvenskan","2026-10-10T13:00:00Z","GAIS","IK Sirius","betsson","2026-10-10T10:01:28Z","h2h","IK Sirius","2.63"
"2026-10-10T10:02:05Z","soccer_sweden_allsvenskan","2026-10-10T13:00:00Z","GAIS","IK Sirius","betsson","2026-10-10T10:01:28Z","h2h","Draw","3.42"
"2026-10-10T10:02:05Z","soccer_sweden_allsvenskan","2026-10-10T13:00:00Z","GAIS","IK Sirius","coolbet","2026-10-10T10:01:30Z","h2h","GAIS","2.55"
"2026-10-10T10:02:05Z","soccer_sweden_allsvenskan","2026-10-10T13:00:00Z","GAIS","IK Sirius","coolbet","2026-10-10T10:01:30Z","h2h","IK Sirius","2.64"
"2026-10-10T10:02:05Z","soccer_sweden_allsvenskan","2026-10-10T13:00:00Z","GAIS","IK Sirius","coolbet","2026-10-10T10:01:30Z","h2h","Draw","3.45"
"2026-10-10T10:02:05Z","soccer_sweden_allsvenskan","2026-10-10T13:00:00Z","GAIS","IK Sirius","tipico_de","2026-10-10T10:01:32Z","h2h","GAIS","2.6"
"2026-10-10T10:02:05Z","soccer_sweden_allsvenskan","2026-10-10T13:00:00Z","GAIS","IK Sirius","tipico_de","2026-10-10T10:01:32Z","h2h","IK Sirius","2.45"
"2026-10-10T10:02:05Z","soccer_sweden_allsvenskan","2026-10-10T13:00:00Z","GAIS","IK Sirius","tipico_de","2026-10-10T10:01:32Z","h2h","Draw","3.4"
"2026-10-10T10:02:05Z","soccer_sweden_allsvenskan","2026-10-10T13:00:00Z","GAIS","IK Sirius","svenskaspel_se","2026-10-10T10:01:27Z","h2h","GAIS","2.5"
"2026-10-10T10:02:05Z","soccer_sweden_allsvenskan","2026-10-10T13:00:00Z","GAIS","IK Sirius","svenskaspel_se","2026-10-10T10:01:27Z","h2h","IK Sirius","2.85"
"2026-10-10T10:02:05Z","soccer_sweden_allsvenskan","2026-10-10T13:00:00Z","GAIS","IK Sirius","svenskaspel_se","2026-10-10T10:01:27Z","h2h","Draw","3.6"
"2026-10-10T10:02:05Z","soccer_sweden_allsvenskan","2026-10-10T13:00:00Z","GAIS","IK Sirius","expekt_se","2026-10-10T10:01:32Z","h2h","GAIS","2.5"
"2026-10-10T10:02:05Z","soccer_sweden_allsvenskan","2026-10-10T13:00:00Z","GAIS","IK Sirius","expekt_se","2026-10-10T10:01:32Z","h2h","IK Sirius","2.85"
"2026-10-10T10:02:05Z","soccer_sweden_allsvenskan","2026-10-10T13:00:00Z","GAIS","IK Sirius","expekt_se","2026-10-10T10:01:32Z","h2h","Draw","3.6"
"2026-10-10T10:02:05Z","soccer_sweden_allsvenskan","2026-10-10T13:00:00Z","GAIS","IK Sirius","betmgm_se","2026-10-10T10:01:29Z","h2h","GAIS","2.43"
"2026-10-10T10:02:05Z","soccer_sweden_allsvenskan","2026-10-10T13:00:00Z","GAIS","IK Sirius","betmgm_se","2026-10-10T10:01:29Z","h2h","IK Sirius","2.75"
"2026-10-10T10:02:05Z","soccer_sweden_allsvenskan","2026-10-10T13:00:00Z","GAIS","IK Sirius","betmgm_se","2026-10-10T10:01:29Z","h2h","Draw","3.5"
"2026-10-10T10:02:05Z","soccer_sweden_allsvenskan","2026-10-10T13:00:00Z","GAIS","IK Sirius","leovegas_se","2026-10-10T10:01:27Z","h2h","GAIS","2.4"
"2026-10-10T10:02:05Z","soccer_sweden_allsvenskan","2026-10-10T13:00:00Z","GAIS","IK Sirius","leovegas_se","2026-10-10T10:01:27Z","h2h","IK Sirius","2.7"
"2026-10-10T10:02:05Z","soccer_sweden_allsvenskan","2026-10-10T13:00:00Z","GAIS","IK Sirius","leovegas_se","2026-10-10T10:01:27Z","h2h","Draw","3.45"
"2026-10-10T10:02:05Z","soccer_sweden_allsvenskan","2026-10-10T13:00:00Z","GAIS","IK Sirius","unibet_nl","2026-10-10T10:01:28Z","h2h","GAIS","2.4"
"2026-10-10T10:02:05Z","soccer_sweden_allsvenskan","2026-10-10T13:00:00Z","GAIS","IK Sirius","unibet_nl","2026-10-10T10:01:28Z","h2h","IK Sirius","2.7"
"2026-10-10T10:02:05Z","soccer_sweden_allsvenskan","2026-10-10T13:00:00Z","GAIS","IK Sirius","unibet_nl","2026-10-10T10:01:28Z","h2h","Draw","3.45"
"2026-10-10T10:02:05Z","soccer_sweden_allsvenskan","2026-10-10T13:00:00Z","GAIS","IK Sirius","unibet_se","2026-10-10T10:01:28Z","h2h","GAIS","2.5"
"2026-10-10T10:02:05Z","soccer_sweden_allsvenskan","2026-10-10T13:00:00Z","GAIS","IK Sirius","unibet_se","2026-10-10T10:01:28Z","h2h","IK Sirius","2.85"
"2026-10-10T10:02:05Z","soccer_sweden_allsvenskan","2026-10-10T13:00:00Z","GAIS","IK Sirius","unibet_se","2026-10-10T10:01:28Z","h2h","Draw","3.6"
"2026-10-10T10:02:05Z","soccer_sweden_allsvenskan","2026-10-10T13:00:00Z","GAIS","IK Sirius","atg_se","2026-10-10T10:01:28Z","h2h","GAIS","2.5"
"2026-10-10T10:02:05Z","soccer_sweden_allsvenskan","2026-10-10T13:00:00Z","GAIS","IK Sirius","atg_se","2026-10-10T10:01:28Z","h2h","IK Sirius","2.85"
"2026-10-10T10:02:05Z","soccer_sweden_allsvenskan","2026-10-10T13:00:00Z","GAIS","IK Sirius","atg_se","2026-10-10T10:01:28Z","h2h","Draw","3.6"
"2026-10-10T10:02:05Z","soccer_sweden_allsvenskan","2026-10-10T13:00:00Z","GAIS","IK Sirius","betfair_ex_eu","2026-10-10T10:01:43Z","h2h","GAIS","2.7"
"2026-10-10T10:02:05Z","soccer_sweden_allsvenskan","2026-10-10T13:00:00Z","GAIS","IK Sirius","betfair_ex_eu","2026-10-10T10:01:43Z","h2h","IK Sirius","2.74"
"2026-10-10T10:02:05Z","soccer_sweden_allsvenskan","2026-10-10T13:00:00Z","GAIS","IK Sirius","betfair_ex_eu","2026-10-10T10:01:43Z","h2h","Draw","3.6"
"2026-10-10T10:02:05Z","soccer_sweden_allsvenskan","2026-10-10T13:00:00Z","GAIS","IK Sirius","betfair_ex_eu","2026-10-10T10:01:43Z","h2h_lay","GAIS","2.76"
"2026-10-10T10:02:05Z","soccer_sweden_allsvenskan","2026-10-10T13:00:00Z","GAIS","IK Sirius","betfair_ex_eu","2026-10-10T10:01:43Z","h2h_lay","IK Sirius","2.78"
"2026-10-10T10:02:05Z","soccer_sweden_allsvenskan","2026-10-10T13:00:00Z","GAIS","IK Sirius","betfair_ex_eu","2026-10-10T10:01:43Z","h2h_lay","Draw","3.7"
"2026-10-10T10:02:05Z","soccer_sweden_allsvenskan","2026-10-10T13:00:00Z","GAIS","IK Sirius","gtbets","2026-10-10T10:01:28Z","h2h","GAIS","2.46"
"2026-10-10T10:02:05Z","soccer_sweden_allsvenskan","2026-10-10T13:00:00Z","GAIS","IK Sirius","gtbets","2026-10-10T10:01:28Z","h2h","IK Sirius","2.67"
"2026-10-10T10:02:05Z","soccer_sweden_allsvenskan","2026-10-10T13:00:00Z","GAIS","IK Sirius","gtbets","2026-10-10T10:01:28Z","h2h","Draw","3.58"
"2026-10-10T10:02:05Z","soccer_sweden_allsvenskan","2026-10-10T13:00:00Z","GAIS","IK Sirius","campobet_se","2026-10-10T10:01:29Z","h2h","GAIS","2.43"
"2026-10-10T10:02:05Z","soccer_sweden_allsvenskan","2026-10-10T13:00:00Z","GAIS","IK Sirius","campobet_se","2026-10-10T10:01:29Z","h2h","IK Sirius","2.75"
"2026-10-10T10:02:05Z","soccer_sweden_allsvenskan","2026-10-10T13:00:00Z","GAIS","IK Sirius","campobet_se","2026-10-10T10:01:29Z","h2h","Draw","3.5"
"2026-10-10T10:02:05Z","soccer_sweden_allsvenskan","2026-10-10T13:00:00Z","GAIS","IK Sirius","betinia_se","2026-10-10T10:01:28Z","h2h","GAIS","2.43"
"2026-10-10T10:02:05Z","soccer_sweden_allsvenskan","2026-10-10T13:00:00Z","GAIS","IK Sirius","betinia_se","2026-10-10T10:01:28Z","h2h","IK Sirius","2.75"
"2026-10-10T10:02:05Z","soccer_sweden_allsvenskan","2026-10-10T13:00:00Z","GAIS","IK Sirius","betinia_se","2026-10-10T10:01:28Z","h2h","Draw","3.5"
"2026-10-10T10:02:05Z","soccer_sweden_allsvenskan","2026-10-10T13:00:00Z","GAIS","IK Sirius","betonlineag","2026-10-10T10:01:27Z","h2h","GAIS","2.6"
"2026-10-10T10:02:05Z","soccer_sweden_allsvenskan","2026-10-10T13:00:00Z","GAIS","IK Sirius","betonlineag","2026-10-10T10:01:27Z","h2h","IK Sirius","2.66"
"2026-10-10T10:02:05Z","soccer_sweden_allsvenskan","2026-10-10T13:00:00Z","GAIS","IK Sirius","betonlineag","2026-10-10T10:01:27Z","h2h","Draw","3.4"
"2026-10-10T10:02:05Z","soccer_sweden_allsvenskan","2026-10-10T13:00:00Z","GAIS","IK Sirius","matchbook","2026-10-10T10:01:59Z","h2h","GAIS","2.7"
"2026-10-10T10:02:05Z","soccer_sweden_allsvenskan","2026-10-10T13:00:00Z","GAIS","IK Sirius","matchbook","2026-10-10T10:01:59Z","h2h","IK Sirius","2.74"
"2026-10-10T10:02:05Z","soccer_sweden_allsvenskan","2026-10-10T13:00:00Z","GAIS","IK Sirius","matchbook","2026-10-10T10:01:59Z","h2h","Draw","3.65"
"2026-10-10T10:02:05Z","soccer_sweden_allsvenskan","2026-10-10T13:00:00Z","GAIS","IK Sirius","matchbook","2026-10-10T10:01:59Z","h2h_lay","GAIS","2.74"
"2026-10-10T10:02:05Z","soccer_sweden_allsvenskan","2026-10-10T13:00:00Z","GAIS","IK Sirius","matchbook","2026-10-10T10:01:59Z","h2h_lay","IK Sirius","2.78"
"2026-10-10T10:02:05Z","soccer_sweden_allsvenskan","2026-10-10T13:00:00Z","GAIS","IK Sirius","matchbook","2026-10-10T10:01:59Z","h2h_lay","Draw","3.7"
"2026-10-10T10:02:05Z","soccer_sweden_allsvenskan","2026-10-10T13:00:00Z","GAIS","IK Sirius","betanysports","2026-10-10T10:02:00Z","h2h","GAIS","2.6"
"2026-10-10T10:02:05Z","soccer_sweden_allsvenskan","2026-10-10T13:00:00Z","GAIS","IK Sirius","betanysports","2026-10-10T10:02:00Z","h2h","IK Sirius","2.66"
"2026-10-10T10:02:05Z","soccer_sweden_allsvenskan","2026-10-10T13:00:00Z","GAIS","IK Sirius","betanysports","2026-10-10T10:02:00Z","h2h","Draw","3.4"
